Creating test database for alias 'default' ('/workspace/scratch/c7b51e996a9f/tmp/a07_boundary_first.sqlite3_django_test')...
Destroying old test database for alias 'default' ('/workspace/scratch/c7b51e996a9f/tmp/a07_boundary_first.sqlite3_django_test')...
Found 15 test(s).
Operations to perform:
  Synchronize unmigrated apps: django_filters, messages, rest_framework, staticfiles
  Apply all migrations: admin, ai_assistant, auth, branches, contenttypes, employees, erp, finance, operations, sessions, tasks
Synchronizing apps without migrations:
  Creating tables...
    Running deferred SQL...
Running migrations:
  Applying contenttypes.0001_initial... OK
  Applying auth.0001_initial... OK
  Applying admin.0001_initial... OK
  Applying admin.0002_logentry_remove_auto_add... OK
  Applying admin.0003_logentry_add_action_flag_choices... OK
  Applying ai_assistant.0001_initial... OK
  Applying ai_assistant.0002_taskchangelog... OK
  Applying ai_assistant.0003_claudeusagelog... OK
  Applying ai_assistant.0004_employeechangelog... OK
  Applying ai_assistant.0005_chatfile... OK
  Applying ai_assistant.0006_alter_chatmessage_created_at_and_more... OK
  Applying ai_assistant.0007_employeechangelog_undone_at... OK
  Applying ai_assistant.0008_chatmessage_archived_at_chatmessage_user_and_more... OK
  Applying contenttypes.0002_remove_content_type_name... OK
  Applying auth.0002_alter_permission_name_max_length... OK
  Applying auth.0003_alter_user_email_max_length... OK
  Applying auth.0004_alter_user_username_opts... OK
  Applying auth.0005_alter_user_last_login_null... OK
  Applying auth.0006_require_contenttypes_0002... OK
  Applying auth.0007_alter_validators_add_error_messages... OK
  Applying auth.0008_alter_user_username_max_length... OK
  Applying auth.0009_alter_user_last_name_max_length... OK
  Applying auth.0010_alter_group_name_max_length... OK
  Applying auth.0011_update_proxy_permissions... OK
  Applying auth.0012_alter_user_first_name_max_length... OK
  Applying branches.0001_initial... OK
  Applying branches.0002_branch_short_name... OK
  Applying branches.0003_fill_short_names... OK
  Applying employees.0001_initial... OK
  Applying employees.0002_alter_employee_department... OK
  Applying employees.0003_employee_branch... OK
  Applying employees.0004_employee_archived_at... OK
  Applying employees.0005_employee_user... OK
  Applying tasks.0001_initial... OK
  Applying tasks.0002_alter_task_priority... OK
  Applying tasks.0003_alter_task_deadline_alter_task_priority_and_more... OK
  Applying tasks.0004_task_branch... OK
  Applying finance.0001_initial... OK
  Applying finance.0002_alter_salary_unique_together_alter_contract_status_and_more... OK
  Applying finance.0003_transaction_branch... OK
  Applying operations.0001_initial... OK
  Applying erp.0001_initial... OK
  Applying finance.0004_salary_archived_at_transaction_archived_at_and_more... OK
  Applying finance.0005_alter_transaction_branch_alter_transaction_contract_and_more... OK
  Applying finance.0006_financialintent... OK
  Applying operations.0002_actionproposal_user... OK
  Applying operations.0003_loginattempt... OK
  Applying operations.0004_alter_document_options_document_access_level... OK
  Applying sessions.0001_initial...test_l01_invoice_code_30_ascii_and_unicode_round_trip (a07_boundary_tests.A07BoundaryTests.test_l01_invoice_code_30_ascii_and_unicode_round_trip) ... ok
test_l01_invoice_code_31_refused_without_truncation_or_trim (a07_boundary_tests.A07BoundaryTests.test_l01_invoice_code_31_refused_without_truncation_or_trim) ... 
  test_l01_invoice_code_31_refused_without_truncation_or_trim (a07_boundary_tests.A07BoundaryTests.test_l01_invoice_code_31_refused_without_truncation_or_trim) (check='explicit_validation_refusal', boundary="L01/code31/EUR/'AAAAAAAAAAAAAAAAAAAAAAAAAAAAAAA'", adapter='dispatch') ... FAIL
  test_l01_invoice_code_31_refused_without_truncation_or_trim (a07_boundary_tests.A07BoundaryTests.test_l01_invoice_code_31_refused_without_truncation_or_trim) (check='exact_zero_effect_before_harness_cleanup', boundary="L01/code31/EUR/'AAAAAAAAAAAAAAAAAAAAAAAAAAAAAAA'", adapter='dispatch') ... FAIL
  test_l01_invoice_code_31_refused_without_truncation_or_trim (a07_boundary_tests.A07BoundaryTests.test_l01_invoice_code_31_refused_without_truncation_or_trim) (check='explicit_validation_refusal', boundary="L01/code31/EUR/'AAAAAAAAAAAAAAAAAAAAAAAAAAAAAAA'", adapter='preview') ... FAIL
  test_l01_invoice_code_31_refused_without_truncation_or_trim (a07_boundary_tests.A07BoundaryTests.test_l01_invoice_code_31_refused_without_truncation_or_trim) (check='exact_zero_effect_before_harness_cleanup', boundary="L01/code31/EUR/'AAAAAAAAAAAAAAAAAAAAAAAAAAAAAAA'", adapter='preview') ... FAIL
  test_l01_invoice_code_31_refused_without_truncation_or_trim (a07_boundary_tests.A07BoundaryTests.test_l01_invoice_code_31_refused_without_truncation_or_trim) (check='explicit_validation_refusal', boundary="L01/code31/EUR/'AAAAAAAAAAAAAAAAAAAAAAAAAAAAAAA'", adapter='confirm') ... FAIL
  test_l01_invoice_code_31_refused_without_truncation_or_trim (a07_boundary_tests.A07BoundaryTests.test_l01_invoice_code_31_refused_without_truncation_or_trim) (check='exact_zero_effect_before_harness_cleanup', boundary="L01/code31/EUR/'AAAAAAAAAAAAAAAAAAAAAAAAAAAAAAA'", adapter='confirm') ... FAIL
  test_l01_invoice_code_31_refused_without_truncation_or_trim (a07_boundary_tests.A07BoundaryTests.test_l01_invoice_code_31_refused_without_truncation_or_trim) (check='explicit_validation_refusal', boundary="L01/code31/EUR/'ЇЇЇЇЇЇЇЇЇЇЇЇЇЇЇЇЇЇЇЇЇЇЇЇЇЇЇЇЇЇЇ'", adapter='dispatch') ... FAIL
  test_l01_invoice_code_31_refused_without_truncation_or_trim (a07_boundary_tests.A07BoundaryTests.test_l01_invoice_code_31_refused_without_truncation_or_trim) (check='exact_zero_effect_before_harness_cleanup', boundary="L01/code31/EUR/'ЇЇЇЇЇЇЇЇЇЇЇЇЇЇЇЇЇЇЇЇЇЇЇЇЇЇЇЇЇЇЇ'", adapter='dispatch') ... FAIL
  test_l01_invoice_code_31_refused_without_truncation_or_trim (a07_boundary_tests.A07BoundaryTests.test_l01_invoice_code_31_refused_without_truncation_or_trim) (check='explicit_validation_refusal', boundary="L01/code31/EUR/'ЇЇЇЇЇЇЇЇЇЇЇЇЇЇЇЇЇЇЇЇЇЇЇЇЇЇЇЇЇЇЇ'", adapter='preview') ... FAIL
  test_l01_invoice_code_31_refused_without_truncation_or_trim (a07_boundary_tests.A07BoundaryTests.test_l01_invoice_code_31_refused_without_truncation_or_trim) (check='exact_zero_effect_before_harness_cleanup', boundary="L01/code31/EUR/'ЇЇЇЇЇЇЇЇЇЇЇЇЇЇЇЇЇЇЇЇЇЇЇЇЇЇЇЇЇЇЇ'", adapter='preview') ... FAIL
  test_l01_invoice_code_31_refused_without_truncation_or_trim (a07_boundary_tests.A07BoundaryTests.test_l01_invoice_code_31_refused_without_truncation_or_trim) (check='explicit_validation_refusal', boundary="L01/code31/EUR/'ЇЇЇЇЇЇЇЇЇЇЇЇЇЇЇЇЇЇЇЇЇЇЇЇЇЇЇЇЇЇЇ'", adapter='confirm') ... FAIL
  test_l01_invoice_code_31_refused_without_truncation_or_trim (a07_boundary_tests.A07BoundaryTests.test_l01_invoice_code_31_refused_without_truncation_or_trim) (check='exact_zero_effect_before_harness_cleanup', boundary="L01/code31/EUR/'ЇЇЇЇЇЇЇЇЇЇЇЇЇЇЇЇЇЇЇЇЇЇЇЇЇЇЇЇЇЇЇ'", adapter='confirm') ... FAIL
  test_l01_invoice_code_31_refused_without_truncation_or_trim (a07_boundary_tests.A07BoundaryTests.test_l01_invoice_code_31_refused_without_truncation_or_trim) (check='explicit_validation_refusal', boundary="L01/code31/EUR/'🙂🙂🙂🙂🙂🙂🙂🙂🙂🙂🙂🙂🙂🙂🙂🙂🙂🙂🙂🙂🙂🙂🙂🙂🙂🙂🙂🙂🙂🙂🙂'", adapter='dispatch') ... FAIL
  test_l01_invoice_code_31_refused_without_truncation_or_trim (a07_boundary_tests.A07BoundaryTests.test_l01_invoice_code_31_refused_without_truncation_or_trim) (check='exact_zero_effect_before_harness_cleanup', boundary="L01/code31/EUR/'🙂🙂🙂🙂🙂🙂🙂🙂🙂🙂🙂🙂🙂🙂🙂🙂🙂🙂🙂🙂🙂🙂🙂🙂🙂🙂🙂🙂🙂🙂🙂'", adapter='dispatch') ... FAIL
  test_l01_invoice_code_31_refused_without_truncation_or_trim (a07_boundary_tests.A07BoundaryTests.test_l01_invoice_code_31_refused_without_truncation_or_trim) (check='explicit_validation_refusal', boundary="L01/code31/EUR/'🙂🙂🙂🙂🙂🙂🙂🙂🙂🙂🙂🙂🙂🙂🙂🙂🙂🙂🙂🙂🙂🙂🙂🙂🙂🙂🙂🙂🙂🙂🙂'", adapter='preview') ... FAIL
  test_l01_invoice_code_31_refused_without_truncation_or_trim (a07_boundary_tests.A07BoundaryTests.test_l01_invoice_code_31_refused_without_truncation_or_trim) (check='exact_zero_effect_before_harness_cleanup', boundary="L01/code31/EUR/'🙂🙂🙂🙂🙂🙂🙂🙂🙂🙂🙂🙂🙂🙂🙂🙂🙂🙂🙂🙂🙂🙂🙂🙂🙂🙂🙂🙂🙂🙂🙂'", adapter='preview') ... FAIL
  test_l01_invoice_code_31_refused_without_truncation_or_trim (a07_boundary_tests.A07BoundaryTests.test_l01_invoice_code_31_refused_without_truncation_or_trim) (check='explicit_validation_refusal', boundary="L01/code31/EUR/'🙂🙂🙂🙂🙂🙂🙂🙂🙂🙂🙂🙂🙂🙂🙂🙂🙂🙂🙂🙂🙂🙂🙂🙂🙂🙂🙂🙂🙂🙂🙂'", adapter='confirm') ... FAIL
  test_l01_invoice_code_31_refused_without_truncation_or_trim (a07_boundary_tests.A07BoundaryTests.test_l01_invoice_code_31_refused_without_truncation_or_trim) (check='exact_zero_effect_before_harness_cleanup', boundary="L01/code31/EUR/'🙂🙂🙂🙂🙂🙂🙂🙂🙂🙂🙂🙂🙂🙂🙂🙂🙂🙂🙂🙂🙂🙂🙂🙂🙂🙂🙂🙂🙂🙂🙂'", adapter='confirm') ... FAIL
  test_l01_invoice_code_31_refused_without_truncation_or_trim (a07_boundary_tests.A07BoundaryTests.test_l01_invoice_code_31_refused_without_truncation_or_trim) (check='explicit_validation_refusal', boundary="L01/code31/EUR/'AAAAAAAAAAAAAAAAAAAAAAAAAAAAAA '", adapter='dispatch') ... FAIL
  test_l01_invoice_code_31_refused_without_truncation_or_trim (a07_boundary_tests.A07BoundaryTests.test_l01_invoice_code_31_refused_without_truncation_or_trim) (check='exact_zero_effect_before_harness_cleanup', boundary="L01/code31/EUR/'AAAAAAAAAAAAAAAAAAAAAAAAAAAAAA '", adapter='dispatch') ... FAIL
  test_l01_invoice_code_31_refused_without_truncation_or_trim (a07_boundary_tests.A07BoundaryTests.test_l01_invoice_code_31_refused_without_truncation_or_trim) (check='explicit_validation_refusal', boundary="L01/code31/EUR/'AAAAAAAAAAAAAAAAAAAAAAAAAAAAAA '", adapter='preview') ... FAIL
  test_l01_invoice_code_31_refused_without_truncation_or_trim (a07_boundary_tests.A07BoundaryTests.test_l01_invoice_code_31_refused_without_truncation_or_trim) (check='exact_zero_effect_before_harness_cleanup', boundary="L01/code31/EUR/'AAAAAAAAAAAAAAAAAAAAAAAAAAAAAA '", adapter='preview') ... FAIL
  test_l01_invoice_code_31_refused_without_truncation_or_trim (a07_boundary_tests.A07BoundaryTests.test_l01_invoice_code_31_refused_without_truncation_or_trim) (check='explicit_validation_refusal', boundary="L01/code31/EUR/'AAAAAAAAAAAAAAAAAAAAAAAAAAAAAA '", adapter='confirm') ... FAIL
  test_l01_invoice_code_31_refused_without_truncation_or_trim (a07_boundary_tests.A07BoundaryTests.test_l01_invoice_code_31_refused_without_truncation_or_trim) (check='exact_zero_effect_before_harness_cleanup', boundary="L01/code31/EUR/'AAAAAAAAAAAAAAAAAAAAAAAAAAAAAA '", adapter='confirm') ... FAIL
  test_l01_invoice_code_31_refused_without_truncation_or_trim (a07_boundary_tests.A07BoundaryTests.test_l01_invoice_code_31_refused_without_truncation_or_trim) (check='explicit_validation_refusal', boundary="L01/code31/USD/'AAAAAAAAAAAAAAAAAAAAAAAAAAAAAAA'", adapter='dispatch') ... FAIL
  test_l01_invoice_code_31_refused_without_truncation_or_trim (a07_boundary_tests.A07BoundaryTests.test_l01_invoice_code_31_refused_without_truncation_or_trim) (check='exact_zero_effect_before_harness_cleanup', boundary="L01/code31/USD/'AAAAAAAAAAAAAAAAAAAAAAAAAAAAAAA'", adapter='dispatch') ... FAIL
  test_l01_invoice_code_31_refused_without_truncation_or_trim (a07_boundary_tests.A07BoundaryTests.test_l01_invoice_code_31_refused_without_truncation_or_trim) (check='explicit_validation_refusal', boundary="L01/code31/USD/'AAAAAAAAAAAAAAAAAAAAAAAAAAAAAAA'", adapter='preview') ... FAIL
  test_l01_invoice_code_31_refused_without_truncation_or_trim (a07_boundary_tests.A07BoundaryTests.test_l01_invoice_code_31_refused_without_truncation_or_trim) (check='exact_zero_effect_before_harness_cleanup', boundary="L01/code31/USD/'AAAAAAAAAAAAAAAAAAAAAAAAAAAAAAA'", adapter='preview') ... FAIL
  test_l01_invoice_code_31_refused_without_truncation_or_trim (a07_boundary_tests.A07BoundaryTests.test_l01_invoice_code_31_refused_without_truncation_or_trim) (check='explicit_validation_refusal', boundary="L01/code31/USD/'AAAAAAAAAAAAAAAAAAAAAAAAAAAAAAA'", adapter='confirm') ... FAIL
  test_l01_invoice_code_31_refused_without_truncation_or_trim (a07_boundary_tests.A07BoundaryTests.test_l01_invoice_code_31_refused_without_truncation_or_trim) (check='exact_zero_effect_before_harness_cleanup', boundary="L01/code31/USD/'AAAAAAAAAAAAAAAAAAAAAAAAAAAAAAA'", adapter='confirm') ... FAIL
  test_l01_invoice_code_31_refused_without_truncation_or_trim (a07_boundary_tests.A07BoundaryTests.test_l01_invoice_code_31_refused_without_truncation_or_trim) (check='explicit_validation_refusal', boundary="L01/code31/USD/'ЇЇЇЇЇЇЇЇЇЇЇЇЇЇЇЇЇЇЇЇЇЇЇЇЇЇЇЇЇЇЇ'", adapter='dispatch') ... FAIL
  test_l01_invoice_code_31_refused_without_truncation_or_trim (a07_boundary_tests.A07BoundaryTests.test_l01_invoice_code_31_refused_without_truncation_or_trim) (check='exact_zero_effect_before_harness_cleanup', boundary="L01/code31/USD/'ЇЇЇЇЇЇЇЇЇЇЇЇЇЇЇЇЇЇЇЇЇЇЇЇЇЇЇЇЇЇЇ'", adapter='dispatch') ... FAIL
  test_l01_invoice_code_31_refused_without_truncation_or_trim (a07_boundary_tests.A07BoundaryTests.test_l01_invoice_code_31_refused_without_truncation_or_trim) (check='explicit_validation_refusal', boundary="L01/code31/USD/'ЇЇЇЇЇЇЇЇЇЇЇЇЇЇЇЇЇЇЇЇЇЇЇЇЇЇЇЇЇЇЇ'", adapter='preview') ... FAIL
  test_l01_invoice_code_31_refused_without_truncation_or_trim (a07_boundary_tests.A07BoundaryTests.test_l01_invoice_code_31_refused_without_truncation_or_trim) (check='exact_zero_effect_before_harness_cleanup', boundary="L01/code31/USD/'ЇЇЇЇЇЇЇЇЇЇЇЇЇЇЇЇЇЇЇЇЇЇЇЇЇЇЇЇЇЇЇ'", adapter='preview') ... FAIL
 OK
System check identified no issues (0 silenced).
A07_OBSERVED {"boundary": "L01/code31/EUR/'AAAAAAAAAAAAAAAAAAAAAAAAAAAAAAA'", "adapter": "dispatch", "status": null, "exception": null, "changed_tables": ["erp.SalesLine", "erp.InvoiceLink", "erp.Event", "operations.Invoice"], "business_sql_writes": [["erp_salesline", "UPDATE"], ["operations_invoice", "INSERT"], ["erp_invoicelink", "INSERT"], ["erp_event", "INSERT"]]}
A07_OBSERVED {"boundary": "L01/code31/EUR/'AAAAAAAAAAAAAAAAAAAAAAAAAAAAAAA'", "adapter": "preview", "status": 200, "exception": null, "changed_tables": ["operations.ActionProposal"], "business_sql_writes": [["erp_salesline", "UPDATE"], ["operations_invoice", "INSERT"], ["erp_invoicelink", "INSERT"]]}
A07_OBSERVED {"boundary": "L01/code31/EUR/'AAAAAAAAAAAAAAAAAAAAAAAAAAAAAAA'", "adapter": "confirm", "status": 200, "exception": null, "changed_tables": ["erp.SalesLine", "erp.InvoiceLink", "erp.Event", "operations.Invoice", "operations.ActionProposal"], "business_sql_writes": [["erp_salesline", "UPDATE"], ["operations_invoice", "INSERT"], ["erp_invoicelink", "INSERT"], ["erp_event", "INSERT"], ["erp_event", "UPDATE"]]}
A07_OBSERVED {"boundary": "L01/code31/EUR/'\u0407\u0407\u0407\u0407\u0407\u0407\u0407\u0407\u0407\u0407\u0407\u0407\u0407\u0407\u0407\u0407\u0407\u0407\u0407\u0407\u0407\u0407\u0407\u0407\u0407\u0407\u0407\u0407\u0407\u0407\u0407'", "adapter": "dispatch", "status": null, "exception": null, "changed_tables": ["erp.SalesLine", "erp.InvoiceLink", "erp.Event", "operations.Invoice"], "business_sql_writes": [["erp_salesline", "UPDATE"], ["operations_invoice", "INSERT"], ["erp_invoicelink", "INSERT"], ["erp_event", "INSERT"]]}
A07_OBSERVED {"boundary": "L01/code31/EUR/'\u0407\u0407\u0407\u0407\u0407\u0407\u0407\u0407\u0407\u0407\u0407\u0407\u0407\u0407\u0407\u0407\u0407\u0407\u0407\u0407\u0407\u0407\u0407\u0407\u0407\u0407\u0407\u0407\u0407\u0407\u0407'", "adapter": "preview", "status": 200, "exception": null, "changed_tables": ["operations.ActionProposal"], "business_sql_writes": [["erp_salesline", "UPDATE"], ["operations_invoice", "INSERT"], ["erp_invoicelink", "INSERT"]]}
A07_OBSERVED {"boundary": "L01/code31/EUR/'\u0407\u0407\u0407\u0407\u0407\u0407\u0407\u0407\u0407\u0407\u0407\u0407\u0407\u0407\u0407\u0407\u0407\u0407\u0407\u0407\u0407\u0407\u0407\u0407\u0407\u0407\u0407\u0407\u0407\u0407\u0407'", "adapter": "confirm", "status": 200, "exception": null, "changed_tables": ["erp.SalesLine", "erp.InvoiceLink", "erp.Event", "operations.Invoice", "operations.ActionProposal"], "business_sql_writes": [["erp_salesline", "UPDATE"], ["operations_invoice", "INSERT"], ["erp_invoicelink", "INSERT"], ["erp_event", "INSERT"], ["erp_event", "UPDATE"]]}
A07_OBSERVED {"boundary": "L01/code31/EUR/'\ud83d\ude42\ud83d\ude42\ud83d\ude42\ud83d\ude42\ud83d\ude42\ud83d\ude42\ud83d\ude42\ud83d\ude42\ud83d\ude42\ud83d\ude42\ud83d\ude42\ud83d\ude42\ud83d\ude42\ud83d\ude42\ud83d\ude42\ud83d\ude42\ud83d\ude42\ud83d\ude42\ud83d\ude42\ud83d\ude42\ud83d\ude42\ud83d\ude42\ud83d\ude42\ud83d\ude42\ud83d\ude42\ud83d\ude42\ud83d\ude42\ud83d\ude42\ud83d\ude42\ud83d\ude42\ud83d\ude42'", "adapter": "dispatch", "status": null, "exception": null, "changed_tables": ["erp.SalesLine", "erp.InvoiceLink", "erp.Event", "operations.Invoice"], "business_sql_writes": [["erp_salesline", "UPDATE"], ["operations_invoice", "INSERT"], ["erp_invoicelink", "INSERT"], ["erp_event", "INSERT"]]}
A07_OBSERVED {"boundary": "L01/code31/EUR/'\ud83d\ude42\ud83d\ude42\ud83d\ude42\ud83d\ude42\ud83d\ude42\ud83d\ude42\ud83d\ude42\ud83d\ude42\ud83d\ude42\ud83d\ude42\ud83d\ude42\ud83d\ude42\ud83d\ude42\ud83d\ude42\ud83d\ude42\ud83d\ude42\ud83d\ude42\ud83d\ude42\ud83d\ude42\ud83d\ude42\ud83d\ude42\ud83d\ude42\ud83d\ude42\ud83d\ude42\ud83d\ude42\ud83d\ude42\ud83d\ude42\ud83d\ude42\ud83d\ude42\ud83d\ude42\ud83d\ude42'", "adapter": "preview", "status": 200, "exception": null, "changed_tables": ["operations.ActionProposal"], "business_sql_writes": [["erp_salesline", "UPDATE"], ["operations_invoice", "INSERT"], ["erp_invoicelink", "INSERT"]]}
A07_OBSERVED {"boundary": "L01/code31/EUR/'\ud83d\ude42\ud83d\ude42\ud83d\ude42\ud83d\ude42\ud83d\ude42\ud83d\ude42\ud83d\ude42\ud83d\ude42\ud83d\ude42\ud83d\ude42\ud83d\ude42\ud83d\ude42\ud83d\ude42\ud83d\ude42\ud83d\ude42\ud83d\ude42\ud83d\ude42\ud83d\ude42\ud83d\ude42\ud83d\ude42\ud83d\ude42\ud83d\ude42\ud83d\ude42\ud83d\ude42\ud83d\ude42\ud83d\ude42\ud83d\ude42\ud83d\ude42\ud83d\ude42\ud83d\ude42\ud83d\ude42'", "adapter": "confirm", "status": 200, "exception": null, "changed_tables": ["erp.SalesLine", "erp.InvoiceLink", "erp.Event", "operations.Invoice", "operations.ActionProposal"], "business_sql_writes": [["erp_salesline", "UPDATE"], ["operations_invoice", "INSERT"], ["erp_invoicelink", "INSERT"], ["erp_event", "INSERT"], ["erp_event", "UPDATE"]]}
A07_OBSERVED {"boundary": "L01/code31/EUR/'AAAAAAAAAAAAAAAAAAAAAAAAAAAAAA '", "adapter": "dispatch", "status": null, "exception": null, "changed_tables": ["erp.SalesLine", "erp.InvoiceLink", "erp.Event", "operations.Invoice"], "business_sql_writes": [["erp_salesline", "UPDATE"], ["operations_invoice", "INSERT"], ["erp_invoicelink", "INSERT"], ["erp_event", "INSERT"]]}
A07_OBSERVED {"boundary": "L01/code31/EUR/'AAAAAAAAAAAAAAAAAAAAAAAAAAAAAA '", "adapter": "preview", "status": 200, "exception": null, "changed_tables": ["operations.ActionProposal"], "business_sql_writes": [["erp_salesline", "UPDATE"], ["operations_invoice", "INSERT"], ["erp_invoicelink", "INSERT"]]}
A07_OBSERVED {"boundary": "L01/code31/EUR/'AAAAAAAAAAAAAAAAAAAAAAAAAAAAAA '", "adapter": "confirm", "status": 200, "exception": null, "changed_tables": ["erp.SalesLine", "erp.InvoiceLink", "erp.Event", "operations.Invoice", "operations.ActionProposal"], "business_sql_writes": [["erp_salesline", "UPDATE"], ["operations_invoice", "INSERT"], ["erp_invoicelink", "INSERT"], ["erp_event", "INSERT"], ["erp_event", "UPDATE"]]}
A07_OBSERVED {"boundary": "L01/code31/USD/'AAAAAAAAAAAAAAAAAAAAAAAAAAAAAAA'", "adapter": "dispatch", "status": null, "exception": null, "changed_tables": ["erp.SalesLine", "erp.InvoiceLink", "erp.Event", "operations.Invoice"], "business_sql_writes": [["erp_salesline", "UPDATE"], ["operations_invoice", "INSERT"], ["erp_invoicelink", "INSERT"], ["erp_event", "INSERT"]]}
A07_OBSERVED {"boundary": "L01/code31/USD/'AAAAAAAAAAAAAAAAAAAAAAAAAAAAAAA'", "adapter": "preview", "status": 200, "exception": null, "changed_tables": ["operations.ActionProposal"], "business_sql_writes": [["erp_salesline", "UPDATE"], ["operations_invoice", "INSERT"], ["erp_invoicelink", "INSERT"]]}
A07_OBSERVED {"boundary": "L01/code31/USD/'AAAAAAAAAAAAAAAAAAAAAAAAAAAAAAA'", "adapter": "confirm", "status": 200, "exception": null, "changed_tables": ["erp.SalesLine", "erp.InvoiceLink", "erp.Event", "operations.Invoice", "operations.ActionProposal"], "business_sql_writes": [["erp_salesline", "UPDATE"], ["operations_invoice", "INSERT"], ["erp_invoicelink", "INSERT"], ["erp_event", "INSERT"], ["erp_event", "UPDATE"]]}
A07_OBSERVED {"boundary": "L01/code31/USD/'\u0407\u0407\u0407\u0407\u0407\u0407\u0407\u0407\u0407\u0407\u0407\u0407\u0407\u0407\u0407\u0407\u0407\u0407\u0407\u0407\u0407\u0407\u0407\u0407\u0407\u0407\u0407\u0407\u0407\u0407\u0407'", "adapter": "dispatch", "status": null, "exception": null, "changed_tables": ["erp.SalesLine", "erp.InvoiceLink", "erp.Event", "operations.Invoice"], "business_sql_writes": [["erp_salesline", "UPDATE"], ["operations_invoice", "INSERT"], ["erp_invoicelink", "INSERT"], ["erp_event", "INSERT"]]}
A07_OBSERVED {"boundary": "L01/code31/USD/'\u0407\u0407\u0407\u0407\u0407\u0407\u0407\u0407\u0407\u0407\u0407\u0407\u0407\u0407\u0407\u0407\u0407\u0407\u0407\u0407\u0407\u0407\u0407\u0407\u0407\u0407\u0407\u0407\u0407\u0407\u0407'", "adapter": "preview", "status": 200, "exception": null, "changed_tables": ["operations.ActionProposal"], "business_sql_writes": [["erp_salesline", "UPDATE"], ["operations_invoice", "INSERT"], ["erp_invoicelink", "INSERT"]]}
A07_OBSERVED {"boundary": "L01/code31/USD/'\u0407\u0407\u0407\u0407\u0407\u0407\u0407\u0407\u0407\u0407\u0407\u0407\u0407\u0407\u0407\u0407\u0407\u0407\u0407\u0407\u0407\u0407\u0407\u0407\u0407\u0407\u0407\u0407\u0407\u0407\u0407'", "adapter": "confirm", "status": 200, "exception": null, "changed_tables": ["erp.SalesLine", "erp.InvoiceLink", "erp.Event", "operations.Invoice", "operations.ActionProposal"], "business_sql_writes": [["erp_salesline", "UPDATE"], ["operations_invoice", "INSERT"], ["erp_invoicelink", "INSERT"], ["erp_event", "INSERT"], ["erp_event", "UPDATE"]]}  test_l01_invoice_code_31_refused_without_truncation_or_trim (a07_boundary_tests.A07BoundaryTests.test_l01_invoice_code_31_refused_without_truncation_or_trim) (check='explicit_validation_refusal', boundary="L01/code31/USD/'ЇЇЇЇЇЇЇЇЇЇЇЇЇЇЇЇЇЇЇЇЇЇЇЇЇЇЇЇЇЇЇ'", adapter='confirm') ... FAIL
  test_l01_invoice_code_31_refused_without_truncation_or_trim (a07_boundary_tests.A07BoundaryTests.test_l01_invoice_code_31_refused_without_truncation_or_trim) (check='exact_zero_effect_before_harness_cleanup', boundary="L01/code31/USD/'ЇЇЇЇЇЇЇЇЇЇЇЇЇЇЇЇЇЇЇЇЇЇЇЇЇЇЇЇЇЇЇ'", adapter='confirm') ... FAIL
  test_l01_invoice_code_31_refused_without_truncation_or_trim (a07_boundary_tests.A07BoundaryTests.test_l01_invoice_code_31_refused_without_truncation_or_trim) (check='explicit_validation_refusal', boundary="L01/code31/USD/'🙂🙂🙂🙂🙂🙂🙂🙂🙂🙂🙂🙂🙂🙂🙂🙂🙂🙂🙂🙂🙂🙂🙂🙂🙂🙂🙂🙂🙂🙂🙂'", adapter='dispatch') ... FAIL
  test_l01_invoice_code_31_refused_without_truncation_or_trim (a07_boundary_tests.A07BoundaryTests.test_l01_invoice_code_31_refused_without_truncation_or_trim) (check='exact_zero_effect_before_harness_cleanup', boundary="L01/code31/USD/'🙂🙂🙂🙂🙂🙂🙂🙂🙂🙂🙂🙂🙂🙂🙂🙂🙂🙂🙂🙂🙂🙂🙂🙂🙂🙂🙂🙂🙂🙂🙂'", adapter='dispatch') ... FAIL
  test_l01_invoice_code_31_refused_without_truncation_or_trim (a07_boundary_tests.A07BoundaryTests.test_l01_invoice_code_31_refused_without_truncation_or_trim) (check='explicit_validation_refusal', boundary="L01/code31/USD/'🙂🙂🙂🙂🙂🙂🙂🙂🙂🙂🙂🙂🙂🙂🙂🙂🙂🙂🙂🙂🙂🙂🙂🙂🙂🙂🙂🙂🙂🙂🙂'", adapter='preview') ... FAIL
  test_l01_invoice_code_31_refused_without_truncation_or_trim (a07_boundary_tests.A07BoundaryTests.test_l01_invoice_code_31_refused_without_truncation_or_trim) (check='exact_zero_effect_before_harness_cleanup', boundary="L01/code31/USD/'🙂🙂🙂🙂🙂🙂🙂🙂🙂🙂🙂🙂🙂🙂🙂🙂🙂🙂🙂🙂🙂🙂🙂🙂🙂🙂🙂🙂🙂🙂🙂'", adapter='preview') ... FAIL
  test_l01_invoice_code_31_refused_without_truncation_or_trim (a07_boundary_tests.A07BoundaryTests.test_l01_invoice_code_31_refused_without_truncation_or_trim) (check='explicit_validation_refusal', boundary="L01/code31/USD/'🙂🙂🙂🙂🙂🙂🙂🙂🙂🙂🙂🙂🙂🙂🙂🙂🙂🙂🙂🙂🙂🙂🙂🙂🙂🙂🙂🙂🙂🙂🙂'", adapter='confirm') ... FAIL
  test_l01_invoice_code_31_refused_without_truncation_or_trim (a07_boundary_tests.A07BoundaryTests.test_l01_invoice_code_31_refused_without_truncation_or_trim) (check='exact_zero_effect_before_harness_cleanup', boundary="L01/code31/USD/'🙂🙂🙂🙂🙂🙂🙂🙂🙂🙂🙂🙂🙂🙂🙂🙂🙂🙂🙂🙂🙂🙂🙂🙂🙂🙂🙂🙂🙂🙂🙂'", adapter='confirm') ... FAIL
  test_l01_invoice_code_31_refused_without_truncation_or_trim (a07_boundary_tests.A07BoundaryTests.test_l01_invoice_code_31_refused_without_truncation_or_trim) (check='explicit_validation_refusal', boundary="L01/code31/USD/'AAAAAAAAAAAAAAAAAAAAAAAAAAAAAA '", adapter='dispatch') ... FAIL
  test_l01_invoice_code_31_refused_without_truncation_or_trim (a07_boundary_tests.A07BoundaryTests.test_l01_invoice_code_31_refused_without_truncation_or_trim) (check='exact_zero_effect_before_harness_cleanup', boundary="L01/code31/USD/'AAAAAAAAAAAAAAAAAAAAAAAAAAAAAA '", adapter='dispatch') ... FAIL
  test_l01_invoice_code_31_refused_without_truncation_or_trim (a07_boundary_tests.A07BoundaryTests.test_l01_invoice_code_31_refused_without_truncation_or_trim) (check='explicit_validation_refusal', boundary="L01/code31/USD/'AAAAAAAAAAAAAAAAAAAAAAAAAAAAAA '", adapter='preview') ... FAIL
  test_l01_invoice_code_31_refused_without_truncation_or_trim (a07_boundary_tests.A07BoundaryTests.test_l01_invoice_code_31_refused_without_truncation_or_trim) (check='exact_zero_effect_before_harness_cleanup', boundary="L01/code31/USD/'AAAAAAAAAAAAAAAAAAAAAAAAAAAAAA '", adapter='preview') ... FAIL
  test_l01_invoice_code_31_refused_without_truncation_or_trim (a07_boundary_tests.A07BoundaryTests.test_l01_invoice_code_31_refused_without_truncation_or_trim) (check='explicit_validation_refusal', boundary="L01/code31/USD/'AAAAAAAAAAAAAAAAAAAAAAAAAAAAAA '", adapter='confirm') ... FAIL
  test_l01_invoice_code_31_refused_without_truncation_or_trim (a07_boundary_tests.A07BoundaryTests.test_l01_invoice_code_31_refused_without_truncation_or_trim) (check='exact_zero_effect_before_harness_cleanup', boundary="L01/code31/USD/'AAAAAAAAAAAAAAAAAAAAAAAAAAAAAA '", adapter='confirm') ... FAIL
  test_l01_invoice_code_31_refused_without_truncation_or_trim (a07_boundary_tests.A07BoundaryTests.test_l01_invoice_code_31_refused_without_truncation_or_trim) (check='explicit_validation_refusal', boundary="L01/code31/UAH/'AAAAAAAAAAAAAAAAAAAAAAAAAAAAAAA'", adapter='dispatch') ... FAIL
  test_l01_invoice_code_31_refused_without_truncation_or_trim (a07_boundary_tests.A07BoundaryTests.test_l01_invoice_code_31_refused_without_truncation_or_trim) (check='exact_zero_effect_before_harness_cleanup', boundary="L01/code31/UAH/'AAAAAAAAAAAAAAAAAAAAAAAAAAAAAAA'", adapter='dispatch') ... FAIL
  test_l01_invoice_code_31_refused_without_truncation_or_trim (a07_boundary_tests.A07BoundaryTests.test_l01_invoice_code_31_refused_without_truncation_or_trim) (check='explicit_validation_refusal', boundary="L01/code31/UAH/'AAAAAAAAAAAAAAAAAAAAAAAAAAAAAAA'", adapter='preview') ... FAIL
  test_l01_invoice_code_31_refused_without_truncation_or_trim (a07_boundary_tests.A07BoundaryTests.test_l01_invoice_code_31_refused_without_truncation_or_trim) (check='exact_zero_effect_before_harness_cleanup', boundary="L01/code31/UAH/'AAAAAAAAAAAAAAAAAAAAAAAAAAAAAAA'", adapter='preview') ... FAIL
  test_l01_invoice_code_31_refused_without_truncation_or_trim (a07_boundary_tests.A07BoundaryTests.test_l01_invoice_code_31_refused_without_truncation_or_trim) (check='explicit_validation_refusal', boundary="L01/code31/UAH/'AAAAAAAAAAAAAAAAAAAAAAAAAAAAAAA'", adapter='confirm') ... FAIL
  test_l01_invoice_code_31_refused_without_truncation_or_trim (a07_boundary_tests.A07BoundaryTests.test_l01_invoice_code_31_refused_without_truncation_or_trim) (check='exact_zero_effect_before_harness_cleanup', boundary="L01/code31/UAH/'AAAAAAAAAAAAAAAAAAAAAAAAAAAAAAA'", adapter='confirm') ... FAIL
  test_l01_invoice_code_31_refused_without_truncation_or_trim (a07_boundary_tests.A07BoundaryTests.test_l01_invoice_code_31_refused_without_truncation_or_trim) (check='explicit_validation_refusal', boundary="L01/code31/UAH/'ЇЇЇЇЇЇЇЇЇЇЇЇЇЇЇЇЇЇЇЇЇЇЇЇЇЇЇЇЇЇЇ'", adapter='dispatch') ... FAIL
  test_l01_invoice_code_31_refused_without_truncation_or_trim (a07_boundary_tests.A07BoundaryTests.test_l01_invoice_code_31_refused_without_truncation_or_trim) (check='exact_zero_effect_before_harness_cleanup', boundary="L01/code31/UAH/'ЇЇЇЇЇЇЇЇЇЇЇЇЇЇЇЇЇЇЇЇЇЇЇЇЇЇЇЇЇЇЇ'", adapter='dispatch') ... FAIL
  test_l01_invoice_code_31_refused_without_truncation_or_trim (a07_boundary_tests.A07BoundaryTests.test_l01_invoice_code_31_refused_without_truncation_or_trim) (check='explicit_validation_refusal', boundary="L01/code31/UAH/'ЇЇЇЇЇЇЇЇЇЇЇЇЇЇЇЇЇЇЇЇЇЇЇЇЇЇЇЇЇЇЇ'", adapter='preview') ... FAIL
  test_l01_invoice_code_31_refused_without_truncation_or_trim (a07_boundary_tests.A07BoundaryTests.test_l01_invoice_code_31_refused_without_truncation_or_trim) (check='exact_zero_effect_before_harness_cleanup', boundary="L01/code31/UAH/'ЇЇЇЇЇЇЇЇЇЇЇЇЇЇЇЇЇЇЇЇЇЇЇЇЇЇЇЇЇЇЇ'", adapter='preview') ... FAIL
  test_l01_invoice_code_31_refused_without_truncation_or_trim (a07_boundary_tests.A07BoundaryTests.test_l01_invoice_code_31_refused_without_truncation_or_trim) (check='explicit_validation_refusal', boundary="L01/code31/UAH/'ЇЇЇЇЇЇЇЇЇЇЇЇЇЇЇЇЇЇЇЇЇЇЇЇЇЇЇЇЇЇЇ'", adapter='confirm') ... FAIL
  test_l01_invoice_code_31_refused_without_truncation_or_trim (a07_boundary_tests.A07BoundaryTests.test_l01_invoice_code_31_refused_without_truncation_or_trim) (check='exact_zero_effect_before_harness_cleanup', boundary="L01/code31/UAH/'ЇЇЇЇЇЇЇЇЇЇЇЇЇЇЇЇЇЇЇЇЇЇЇЇЇЇЇЇЇЇЇ'", adapter='confirm') ... FAIL
  test_l01_invoice_code_31_refused_without_truncation_or_trim (a07_boundary_tests.A07BoundaryTests.test_l01_invoice_code_31_refused_without_truncation_or_trim) (check='explicit_validation_refusal', boundary="L01/code31/UAH/'🙂🙂🙂🙂🙂🙂🙂🙂🙂🙂🙂🙂🙂🙂🙂🙂🙂🙂🙂🙂🙂🙂🙂🙂🙂🙂🙂🙂🙂🙂🙂'", adapter='dispatch') ... FAIL
  test_l01_invoice_code_31_refused_without_truncation_or_trim (a07_boundary_tests.A07BoundaryTests.test_l01_invoice_code_31_refused_without_truncation_or_trim) (check='exact_zero_effect_before_harness_cleanup', boundary="L01/code31/UAH/'🙂🙂🙂🙂🙂🙂🙂🙂🙂🙂🙂🙂🙂🙂🙂🙂🙂🙂🙂🙂🙂🙂🙂🙂🙂🙂🙂🙂🙂🙂🙂'", adapter='dispatch') ... FAIL
  test_l01_invoice_code_31_refused_without_truncation_or_trim (a07_boundary_tests.A07BoundaryTests.test_l01_invoice_code_31_refused_without_truncation_or_trim) (check='explicit_validation_refusal', boundary="L01/code31/UAH/'🙂🙂🙂🙂🙂🙂🙂🙂🙂🙂🙂🙂🙂🙂🙂🙂🙂🙂🙂🙂🙂🙂🙂🙂🙂🙂🙂🙂🙂🙂🙂'", adapter='preview') ... FAIL
  test_l01_invoice_code_31_refused_without_truncation_or_trim (a07_boundary_tests.A07BoundaryTests.test_l01_invoice_code_31_refused_without_truncation_or_trim) (check='exact_zero_effect_before_harness_cleanup', boundary="L01/code31/UAH/'🙂🙂🙂🙂🙂🙂🙂🙂🙂🙂🙂🙂🙂🙂🙂🙂🙂🙂🙂🙂🙂🙂🙂🙂🙂🙂🙂🙂🙂🙂🙂'", adapter='preview') ... FAIL
  test_l01_invoice_code_31_refused_without_truncation_or_trim (a07_boundary_tests.A07BoundaryTests.test_l01_invoice_code_31_refused_without_truncation_or_trim) (check='explicit_validation_refusal', boundary="L01/code31/UAH/'🙂🙂🙂🙂🙂🙂🙂🙂🙂🙂🙂🙂🙂🙂🙂🙂🙂🙂🙂🙂🙂🙂🙂🙂🙂🙂🙂🙂🙂🙂🙂'", adapter='confirm') ... FAIL
  test_l01_invoice_code_31_refused_without_truncation_or_trim (a07_boundary_tests.A07BoundaryTests.test_l01_invoice_code_31_refused_without_truncation_or_trim) (check='exact_zero_effect_before_harness_cleanup', boundary="L01/code31/UAH/'🙂🙂🙂🙂🙂🙂🙂🙂🙂🙂🙂🙂🙂🙂🙂🙂🙂🙂🙂🙂🙂🙂🙂🙂🙂🙂🙂🙂🙂🙂🙂'", adapter='confirm') ... FAIL

A07_OBSERVED {"boundary": "L01/code31/USD/'\ud83d\ude42\ud83d\ude42\ud83d\ude42\ud83d\ude42\ud83d\ude42\ud83d\ude42\ud83d\ude42\ud83d\ude42\ud83d\ude42\ud83d\ude42\ud83d\ude42\ud83d\ude42\ud83d\ude42\ud83d\ude42\ud83d\ude42\ud83d\ude42\ud83d\ude42\ud83d\ude42\ud83d\ude42\ud83d\ude42\ud83d\ude42\ud83d\ude42\ud83d\ude42\ud83d\ude42\ud83d\ude42\ud83d\ude42\ud83d\ude42\ud83d\ude42\ud83d\ude42\ud83d\ude42\ud83d\ude42'", "adapter": "dispatch", "status": null, "exception": null, "changed_tables": ["erp.SalesLine", "erp.InvoiceLink", "erp.Event", "operations.Invoice"], "business_sql_writes": [["erp_salesline", "UPDATE"], ["operations_invoice", "INSERT"], ["erp_invoicelink", "INSERT"], ["erp_event", "INSERT"]]}
A07_OBSERVED {"boundary": "L01/code31/USD/'\ud83d\ude42\ud83d\ude42\ud83d\ude42\ud83d\ude42\ud83d\ude42\ud83d\ude42\ud83d\ude42\ud83d\ude42\ud83d\ude42\ud83d\ude42\ud83d\ude42\ud83d\ude42\ud83d\ude42\ud83d\ude42\ud83d\ude42\ud83d\ude42\ud83d\ude42\ud83d\ude42\ud83d\ude42\ud83d\ude42\ud83d\ude42\ud83d\ude42\ud83d\ude42\ud83d\ude42\ud83d\ude42\ud83d\ude42\ud83d\ude42\ud83d\ude42\ud83d\ude42\ud83d\ude42\ud83d\ude42'", "adapter": "preview", "status": 200, "exception": null, "changed_tables": ["operations.ActionProposal"], "business_sql_writes": [["erp_salesline", "UPDATE"], ["operations_invoice", "INSERT"], ["erp_invoicelink", "INSERT"]]}
A07_OBSERVED {"boundary": "L01/code31/USD/'\ud83d\ude42\ud83d\ude42\ud83d\ude42\ud83d\ude42\ud83d\ude42\ud83d\ude42\ud83d\ude42\ud83d\ude42\ud83d\ude42\ud83d\ude42\ud83d\ude42\ud83d\ude42\ud83d\ude42\ud83d\ude42\ud83d\ude42\ud83d\ude42\ud83d\ude42\ud83d\ude42\ud83d\ude42\ud83d\ude42\ud83d\ude42\ud83d\ude42\ud83d\ude42\ud83d\ude42\ud83d\ude42\ud83d\ude42\ud83d\ude42\ud83d\ude42\ud83d\ude42\ud83d\ude42\ud83d\ude42'", "adapter": "confirm", "status": 200, "exception": null, "changed_tables": ["erp.SalesLine", "erp.InvoiceLink", "erp.Event", "operations.Invoice", "operations.ActionProposal"], "business_sql_writes": [["erp_salesline", "UPDATE"], ["operations_invoice", "INSERT"], ["erp_invoicelink", "INSERT"], ["erp_event", "INSERT"], ["erp_event", "UPDATE"]]}
A07_OBSERVED {"boundary": "L01/code31/USD/'AAAAAAAAAAAAAAAAAAAAAAAAAAAAAA '", "adapter": "dispatch", "status": null, "exception": null, "changed_tables": ["erp.SalesLine", "erp.InvoiceLink", "erp.Event", "operations.Invoice"], "business_sql_writes": [["erp_salesline", "UPDATE"], ["operations_invoice", "INSERT"], ["erp_invoicelink", "INSERT"], ["erp_event", "INSERT"]]}
A07_OBSERVED {"boundary": "L01/code31/USD/'AAAAAAAAAAAAAAAAAAAAAAAAAAAAAA '", "adapter": "preview", "status": 200, "exception": null, "changed_tables": ["operations.ActionProposal"], "business_sql_writes": [["erp_salesline", "UPDATE"], ["operations_invoice", "INSERT"], ["erp_invoicelink", "INSERT"]]}
A07_OBSERVED {"boundary": "L01/code31/USD/'AAAAAAAAAAAAAAAAAAAAAAAAAAAAAA '", "adapter": "confirm", "status": 200, "exception": null, "changed_tables": ["erp.SalesLine", "erp.InvoiceLink", "erp.Event", "operations.Invoice", "operations.ActionProposal"], "business_sql_writes": [["erp_salesline", "UPDATE"], ["operations_invoice", "INSERT"], ["erp_invoicelink", "INSERT"], ["erp_event", "INSERT"], ["erp_event", "UPDATE"]]}
A07_OBSERVED {"boundary": "L01/code31/UAH/'AAAAAAAAAAAAAAAAAAAAAAAAAAAAAAA'", "adapter": "dispatch", "status": null, "exception": null, "changed_tables": ["erp.SalesLine", "erp.InvoiceLink", "erp.Event", "operations.Invoice"], "business_sql_writes": [["erp_salesline", "UPDATE"], ["operations_invoice", "INSERT"], ["erp_invoicelink", "INSERT"], ["erp_event", "INSERT"]]}
A07_OBSERVED {"boundary": "L01/code31/UAH/'AAAAAAAAAAAAAAAAAAAAAAAAAAAAAAA'", "adapter": "preview", "status": 200, "exception": null, "changed_tables": ["operations.ActionProposal"], "business_sql_writes": [["erp_salesline", "UPDATE"], ["operations_invoice", "INSERT"], ["erp_invoicelink", "INSERT"]]}
A07_OBSERVED {"boundary": "L01/code31/UAH/'AAAAAAAAAAAAAAAAAAAAAAAAAAAAAAA'", "adapter": "confirm", "status": 200, "exception": null, "changed_tables": ["erp.SalesLine", "erp.InvoiceLink", "erp.Event", "operations.Invoice", "operations.ActionProposal"], "business_sql_writes": [["erp_salesline", "UPDATE"], ["operations_invoice", "INSERT"], ["erp_invoicelink", "INSERT"], ["erp_event", "INSERT"], ["erp_event", "UPDATE"]]}
A07_OBSERVED {"boundary": "L01/code31/UAH/'\u0407\u0407\u0407\u0407\u0407\u0407\u0407\u0407\u0407\u0407\u0407\u0407\u0407\u0407\u0407\u0407\u0407\u0407\u0407\u0407\u0407\u0407\u0407\u0407\u0407\u0407\u0407\u0407\u0407\u0407\u0407'", "adapter": "dispatch", "status": null, "exception": null, "changed_tables": ["erp.SalesLine", "erp.InvoiceLink", "erp.Event", "operations.Invoice"], "business_sql_writes": [["erp_salesline", "UPDATE"], ["operations_invoice", "INSERT"], ["erp_invoicelink", "INSERT"], ["erp_event", "INSERT"]]}
A07_OBSERVED {"boundary": "L01/code31/UAH/'\u0407\u0407\u0407\u0407\u0407\u0407\u0407\u0407\u0407\u0407\u0407\u0407\u0407\u0407\u0407\u0407\u0407\u0407\u0407\u0407\u0407\u0407\u0407\u0407\u0407\u0407\u0407\u0407\u0407\u0407\u0407'", "adapter": "preview", "status": 200, "exception": null, "changed_tables": ["operations.ActionProposal"], "business_sql_writes": [["erp_salesline", "UPDATE"], ["operations_invoice", "INSERT"], ["erp_invoicelink", "INSERT"]]}
A07_OBSERVED {"boundary": "L01/code31/UAH/'\u0407\u0407\u0407\u0407\u0407\u0407\u0407\u0407\u0407\u0407\u0407\u0407\u0407\u0407\u0407\u0407\u0407\u0407\u0407\u0407\u0407\u0407\u0407\u0407\u0407\u0407\u0407\u0407\u0407\u0407\u0407'", "adapter": "confirm", "status": 200, "exception": null, "changed_tables": ["erp.SalesLine", "erp.InvoiceLink", "erp.Event", "operations.Invoice", "operations.ActionProposal"], "business_sql_writes": [["erp_salesline", "UPDATE"], ["operations_invoice", "INSERT"], ["erp_invoicelink", "INSERT"], ["erp_event", "INSERT"], ["erp_event", "UPDATE"]]}
A07_OBSERVED {"boundary": "L01/code31/UAH/'\ud83d\ude42\ud83d\ude42\ud83d\ude42\ud83d\ude42\ud83d\ude42\ud83d\ude42\ud83d\ude42\ud83d\ude42\ud83d\ude42\ud83d\ude42\ud83d\ude42\ud83d\ude42\ud83d\ude42\ud83d\ude42\ud83d\ude42\ud83d\ude42\ud83d\ude42\ud83d\ude42\ud83d\ude42\ud83d\ude42\ud83d\ude42\ud83d\ude42\ud83d\ude42\ud83d\ude42\ud83d\ude42\ud83d\ude42\ud83d\ude42\ud83d\ude42\ud83d\ude42\ud83d\ude42\ud83d\ude42'", "adapter": "dispatch", "status": null, "exception": null, "changed_tables": ["erp.SalesLine", "erp.InvoiceLink", "erp.Event", "operations.Invoice"], "business_sql_writes": [["erp_salesline", "UPDATE"], ["operations_invoice", "INSERT"], ["erp_invoicelink", "INSERT"], ["erp_event", "INSERT"]]}
A07_OBSERVED {"boundary": "L01/code31/UAH/'\ud83d\ude42\ud83d\ude42\ud83d\ude42\ud83d\ude42\ud83d\ude42\ud83d\ude42\ud83d\ude42\ud83d\ude42\ud83d\ude42\ud83d\ude42\ud83d\ude42\ud83d\ude42\ud83d\ude42\ud83d\ude42\ud83d\ude42\ud83d\ude42\ud83d\ude42\ud83d\ude42\ud83d\ude42\ud83d\ude42\ud83d\ude42\ud83d\ude42\ud83d\ude42\ud83d\ude42\ud83d\ude42\ud83d\ude42\ud83d\ude42\ud83d\ude42\ud83d\ude42\ud83d\ude42\ud83d\ude42'", "adapter": "preview", "status": 200, "exception": null, "changed_tables": ["operations.ActionProposal"], "business_sql_writes": [["erp_salesline", "UPDATE"], ["operations_invoice", "INSERT"], ["erp_invoicelink", "INSERT"]]}
A07_OBSERVED {"boundary": "L01/code31/UAH/'\ud83d\ude42\ud83d\ude42\ud83d\ude42\ud83d\ude42\ud83d\ude42\ud83d\ude42\ud83d\ude42\ud83d\ude42\ud83d\ude42\ud83d\ude42\ud83d\ude42\ud83d\ude42\ud83d\ude42\ud83d\ude42\ud83d\ude42\ud83d\ude42\ud83d\ude42\ud83d\ude42\ud83d\ude42\ud83d\ude42\ud83d\ude42\ud83d\ude42\ud83d\ude42\ud83d\ude42\ud83d\ude42\ud83d\ude42\ud83d\ude42\ud83d\ude42\ud83d\ude42\ud83d\ude42\ud83d\ude42'", "adapter": "confirm", "status": 200, "exception": null, "changed_tables": ["erp.SalesLine", "erp.InvoiceLink", "erp.Event", "operations.Invoice", "operations.ActionProposal"], "business_sql_writes": [["erp_salesline", "UPDATE"], ["operations_invoice", "INSERT"], ["erp_invoicelink", "INSERT"], ["erp_event", "INSERT"], ["erp_event", "UPDATE"]]}
A07_OBSERVED {"boundary": "L01/code31/UAH/'AAAAAAAAAAAAAAAAAAAAAAAAAAAAAA '", "adapter": "dispatch", "status": null, "exception": null, "changed_tables": ["erp.SalesLine", "erp.InvoiceLink", "erp.Event", "operations.Invoice"], "business_sql_writes": [["erp_salesline", "UPDATE"], ["operations_invoice", "INSERT"], ["erp_invoicelink", "INSERT"], ["erp_event", "INSERT"]]}  test_l01_invoice_code_31_refused_without_truncation_or_trim (a07_boundary_tests.A07BoundaryTests.test_l01_invoice_code_31_refused_without_truncation_or_trim) (check='explicit_validation_refusal', boundary="L01/code31/UAH/'AAAAAAAAAAAAAAAAAAAAAAAAAAAAAA '", adapter='dispatch') ... FAIL
  test_l01_invoice_code_31_refused_without_truncation_or_trim (a07_boundary_tests.A07BoundaryTests.test_l01_invoice_code_31_refused_without_truncation_or_trim) (check='exact_zero_effect_before_harness_cleanup', boundary="L01/code31/UAH/'AAAAAAAAAAAAAAAAAAAAAAAAAAAAAA '", adapter='dispatch') ... FAIL
  test_l01_invoice_code_31_refused_without_truncation_or_trim (a07_boundary_tests.A07BoundaryTests.test_l01_invoice_code_31_refused_without_truncation_or_trim) (check='explicit_validation_refusal', boundary="L01/code31/UAH/'AAAAAAAAAAAAAAAAAAAAAAAAAAAAAA '", adapter='preview') ... FAIL
  test_l01_invoice_code_31_refused_without_truncation_or_trim (a07_boundary_tests.A07BoundaryTests.test_l01_invoice_code_31_refused_without_truncation_or_trim) (check='exact_zero_effect_before_harness_cleanup', boundary="L01/code31/UAH/'AAAAAAAAAAAAAAAAAAAAAAAAAAAAAA '", adapter='preview') ... FAIL
  test_l01_invoice_code_31_refused_without_truncation_or_trim (a07_boundary_tests.A07BoundaryTests.test_l01_invoice_code_31_refused_without_truncation_or_trim) (check='explicit_validation_refusal', boundary="L01/code31/UAH/'AAAAAAAAAAAAAAAAAAAAAAAAAAAAAA '", adapter='confirm') ... FAIL
  test_l01_invoice_code_31_refused_without_truncation_or_trim (a07_boundary_tests.A07BoundaryTests.test_l01_invoice_code_31_refused_without_truncation_or_trim) (check='exact_zero_effect_before_harness_cleanup', boundary="L01/code31/UAH/'AAAAAAAAAAAAAAAAAAAAAAAAAAAAAA '", adapter='confirm') ... FAIL
test_l02_item_revision_40_accepted_41_refused (a07_boundary_tests.A07BoundaryTests.test_l02_item_revision_40_accepted_41_refused) ... 
  test_l02_item_revision_40_accepted_41_refused (a07_boundary_tests.A07BoundaryTests.test_l02_item_revision_40_accepted_41_refused) (check='explicit_validation_refusal', boundary='L02/Item.revision/41', adapter='dispatch') ... FAIL
  test_l02_item_revision_40_accepted_41_refused (a07_boundary_tests.A07BoundaryTests.test_l02_item_revision_40_accepted_41_refused) (check='exact_zero_effect_before_harness_cleanup', boundary='L02/Item.revision/41', adapter='dispatch') ... FAIL
  test_l02_item_revision_40_accepted_41_refused (a07_boundary_tests.A07BoundaryTests.test_l02_item_revision_40_accepted_41_refused) (check='explicit_validation_refusal', boundary='L02/Item.revision/41', adapter='preview') ... FAIL
  test_l02_item_revision_40_accepted_41_refused (a07_boundary_tests.A07BoundaryTests.test_l02_item_revision_40_accepted_41_refused) (check='exact_zero_effect_before_harness_cleanup', boundary='L02/Item.revision/41', adapter='preview') ... FAIL
  test_l02_item_revision_40_accepted_41_refused (a07_boundary_tests.A07BoundaryTests.test_l02_item_revision_40_accepted_41_refused) (check='explicit_validation_refusal', boundary='L02/Item.revision/41', adapter='confirm') ... FAIL
  test_l02_item_revision_40_accepted_41_refused (a07_boundary_tests.A07BoundaryTests.test_l02_item_revision_40_accepted_41_refused) (check='exact_zero_effect_before_harness_cleanup', boundary='L02/Item.revision/41', adapter='confirm') ... FAIL
test_l02_opening_revision_40_accepted_41_refused (a07_boundary_tests.A07BoundaryTests.test_l02_opening_revision_40_accepted_41_refused) ... 
  test_l02_opening_revision_40_accepted_41_refused (a07_boundary_tests.A07BoundaryTests.test_l02_opening_revision_40_accepted_41_refused) (check='explicit_validation_refusal', boundary='L02/Lot.revision/41/EUR', adapter='dispatch') ... FAIL
  test_l02_opening_revision_40_accepted_41_refused (a07_boundary_tests.A07BoundaryTests.test_l02_opening_revision_40_accepted_41_refused) (check='exact_zero_effect_before_harness_cleanup', boundary='L02/Lot.revision/41/EUR', adapter='dispatch') ... FAIL
  test_l02_opening_revision_40_accepted_41_refused (a07_boundary_tests.A07BoundaryTests.test_l02_opening_revision_40_accepted_41_refused) (check='explicit_validation_refusal', boundary='L02/Lot.revision/41/EUR', adapter='preview') ... FAIL
  test_l02_opening_revision_40_accepted_41_refused (a07_boundary_tests.A07BoundaryTests.test_l02_opening_revision_40_accepted_41_refused) (check='exact_zero_effect_before_harness_cleanup', boundary='L02/Lot.revision/41/EUR', adapter='preview') ... FAIL
  test_l02_opening_revision_40_accepted_41_refused (a07_boundary_tests.A07BoundaryTests.test_l02_opening_revision_40_accepted_41_refused) (check='explicit_validation_refusal', boundary='L02/Lot.revision/41/EUR', adapter='confirm') ... FAIL
  test_l02_opening_revision_40_accepted_41_refused (a07_boundary_tests.A07BoundaryTests.test_l02_opening_revision_40_accepted_41_refused) (check='exact_zero_effect_before_harness_cleanup', boundary='L02/Lot.revision/41/EUR', adapter='confirm') ... FAIL
  test_l02_opening_revision_40_accepted_41_refused (a07_boundary_tests.A07BoundaryTests.test_l02_opening_revision_40_accepted_41_refused) (check='explicit_validation_refusal', boundary='L02/Lot.revision/41/USD', adapter='dispatch') ... FAIL
  test_l02_opening_revision_40_accepted_41_refused (a07_boundary_tests.A07BoundaryTests.test_l02_opening_revision_40_accepted_41_refused) (check='exact_zero_effect_before_harness_cleanup', boundary='L02/Lot.revision/41/USD', adapter='dispatch') ... FAIL
  test_l02_opening_revision_40_accepted_41_refused (a07_boundary_tests.A07BoundaryTests.test_l02_opening_revision_40_accepted_41_refused) (check='explicit_validation_refusal', boundary='L02/Lot.revision/41/USD', adapter='preview') ... FAIL
  test_l02_opening_revision_40_accepted_41_refused (a07_boundary_tests.A07BoundaryTests.test_l02_opening_revision_40_accepted_41_refused) (check='exact_zero_effect_before_harness_cleanup', boundary='L02/Lot.revision/41/USD', adapter='preview') ... FAIL
  test_l02_opening_revision_40_accepted_41_refused (a07_boundary_tests.A07BoundaryTests.test_l02_opening_revision_40_accepted_41_refused) (check='explicit_validation_refusal', boundary='L02/Lot.revision/41/USD', adapter='confirm') ... FAIL
  test_l02_opening_revision_40_accepted_41_refused (a07_boundary_tests.A07BoundaryTests.test_l02_opening_revision_40_accepted_41_refused) (check='exact_zero_effect_before_harness_cleanup', boundary='L02/Lot.revision/41/USD', adapter='confirm') ... FAIL
  test_l02_opening_revision_40_accepted_41_refused (a07_boundary_tests.A07BoundaryTests.test_l02_opening_revision_40_accepted_41_refused) (check='explicit_validation_refusal', boundary='L02/Lot.revision/41/UAH', adapter='dispatch') ... FAIL
  test_l02_opening_revision_40_accepted_41_refused (a07_boundary_tests.A07BoundaryTests.test_l02_opening_revision_40_accepted_41_refused) (check='exact_zero_effect_before_harness_cleanup', boundary='L02/Lot.revision/41/UAH', adapter='dispatch') ... FAIL
  test_l02_opening_revision_40_accepted_41_refused (a07_boundary_tests.A07BoundaryTests.test_l02_opening_revision_40_accepted_41_refused) (check='explicit_validation_refusal', boundary='L02/Lot.revision/41/UAH', adapter='preview') ... FAIL
  test_l02_opening_revision_40_accepted_41_refused (a07_boundary_tests.A07BoundaryTests.test_l02_opening_revision_40_accepted_41_refused) (check='exact_zero_effect_before_harness_cleanup', boundary='L02/Lot.revision/41/UAH', adapter='preview') ... FAIL
  test_l02_opening_revision_40_accepted_41_refused (a07_boundary_tests.A07BoundaryTests.test_l02_opening_revision_40_accepted_41_refused) (check='explicit_validation_refusal', boundary='L02/Lot.revision/41/UAH', adapter='confirm') ... FAIL
  test_l02_opening_revision_40_accepted_41_refused (a07_boundary_tests.A07BoundaryTests.test_l02_opening_revision_40_accepted_41_refused) (check='exact_zero_effect_before_harness_cleanup', boundary='L02/Lot.revision/41/UAH', adapter='confirm') ... FAIL
test_l03_item_material_200_accepted_201_refused (a07_boundary_tests.A07BoundaryTests.test_l03_item_material_200_accepted_201_refused) ... 
  test_l03_item_material_200_accepted_201_refused (a07_boundary_tests.A07BoundaryTests.test_l03_item_material_200_accepted_201_refused) (check='explicit_validation_refusal', boundary='L03/Item.material/201', adapter='dispatch') ... FAIL
  test_l03_item_material_200_accepted_201_refused (a07_boundary_tests.A07BoundaryTests.test_l03_item_material_200_accepted_201_refused) (check='exact_zero_effect_before_harness_cleanup', boundary='L03/Item.material/201', adapter='dispatch') ... FAIL
  test_l03_item_material_200_accepted_201_refused (a07_boundary_tests.A07BoundaryTests.test_l03_item_material_200_accepted_201_refused) (check='explicit_validation_refusal', boundary='L03/Item.material/201', adapter='preview') ... FAIL
  test_l03_item_material_200_accepted_201_refused (a07_boundary_tests.A07BoundaryTests.test_l03_item_material_200_accepted_201_refused) (check='exact_zero_effect_before_harness_cleanup', boundary='L03/Item.material/201', adapter='preview') ... FAIL
  test_l03_item_material_200_accepted_201_refused (a07_boundary_tests.A07BoundaryTests.test_l03_item_material_200_accepted_201_refused) (check='explicit_validation_refusal', boundary='L03/Item.material/201', adapter='confirm') ... FAIL
  test_l03_item_material_200_accepted_201_refused (a07_boundary_tests.A07BoundaryTests.test_l03_item_material_200_accepted_201_refused) (check='exact_zero_effect_before_harness_cleanup', boundary='L03/Item.material/201', adapter='confirm') ... FAIL
test_l03_location_name_200_accepted_201_refused (a07_boundary_tests.A07BoundaryTests.test_l03_location_name_200_accepted_201_refused) ... 
  test_l03_location_name_200_accepted_201_refused (a07_boundary_tests.A07BoundaryTests.test_l03_location_name_200_accepted_201_refused) (check='explicit_validation_refusal', boundary='L03/Location.name/201', adapter='dispatch') ... FAIL
  test_l03_location_name_200_accepted_201_refused (a07_boundary_tests.A07BoundaryTests.test_l03_location_name_200_accepted_201_refused) (check='exact_zero_effect_before_harness_cleanup', boundary='L03/Location.name/201', adapter='dispatch') ... FAIL
  test_l03_location_name_200_accepted_201_refused (a07_boundary_tests.A07BoundaryTests.test_l03_location_name_200_accepted_201_refused) (check='explicit_validation_refusal', boundary='L03/Location.name/201', adapter='preview') ... FAIL
  test_l03_location_name_200_accepted_201_refused (a07_boundary_tests.A07BoundaryTests.test_l03_location_name_200_accepted_201_refused) (check='exact_zero_effect_before_harness_cleanup', boundary='L03/Location.name/201', adapter='preview') ... FAIL
  test_l03_location_name_200_accepted_201_refused (a07_boundary_tests.A07BoundaryTests.test_l03_location_name_200_accepted_201_refused) (check='explicit_validation_refusal', boundary='L03/Location.name/201', adapter='confirm') ... FAIL
  test_l03_location_name_200_accepted_201_refused (a07_boundary_tests.A07BoundaryTests.test_l03_location_name_200_accepted_201_refused) (check='exact_zero_effect_before_harness_cleanup', boundary='L03/Location.name/201', adapter='confirm') ... FAIL
test_l04_nested_json_nul_and_unpaired_surrogate_rejected_before_sql (a07_boundary_tests.A07BoundaryTests.test_l04_nested_json_nul_and_unpaired_surrogate_rejected_before_sql) ... 
  test_l04_nested_json_nul_and_unpaired_surrogate_rejected_before_sql (a07_boundary_tests.A07BoundaryTests.test_l04_nested_json_nul_and_unpaired_surrogate_rejected_before_sql) (check='explicit_validation_refusal', boundary="L04/nested/0/'До\\x00після'", adapter='dispatch') ... FAIL
  test_l04_nested_json_nul_and_unpaired_surrogate_rejected_before_sql (a07_boundary_tests.A07BoundaryTests.test_l04_nested_json_nul_and_unpaired_surrogate_rejected_before_sql) (check='exact_zero_effect_before_harness_cleanup', boundary="L04/nested/0/'До\\x00після'", adapter='dispatch') ... FAIL
  test_l04_nested_json_nul_and_unpaired_surrogate_rejected_before_sql (a07_boundary_tests.A07BoundaryTests.test_l04_nested_json_nul_and_unpaired_surrogate_rejected_before_sql) (check='reject_before_business_sql', boundary="L04/nested/0/'До\\x00після'", adapter='dispatch') ... FAIL
  test_l04_nested_json_nul_and_unpaired_surrogate_rejected_before_sql (a07_boundary_tests.A07BoundaryTests.test_l04_nested_json_nul_and_unpaired_surrogate_rejected_before_sql) (check='explicit_validation_refusal', boundary="L04/nested/0/'До\\x00після'", adapter='preview') ... FAIL
  test_l04_nested_json_nul_and_unpaired_surrogate_rejected_before_sql (a07_boundary_tests.A07BoundaryTests.test_l04_nested_json_nul_and_unpaired_surrogate_rejected_before_sql) (check='exact_zero_effect_before_harness_cleanup', boundary="L04/nested/0/'До\\x00після'", adapter='preview') ... FAIL
  test_l04_nested_json_nul_and_unpaired_surrogate_rejected_before_sql (a07_boundary_tests.A07BoundaryTests.test_l04_nested_json_nul_and_unpaired_surrogate_rejected_before_sql) (check='reject_before_business_sql', boundary="L04/nested/0/'До\\x00після'", adapter='preview') ... FAIL
  test_l04_nested_json_nul_and_unpaired_surrogate_rejected_before_sql (a07_boundary_tests.A07BoundaryTests.test_l04_nested_json_nul_and_unpaired_surrogate_rejected_before_sql) (check='explicit_validation_refusal', boundary="L04/nested/1/'До\\x00після'", adapter='dispatch') ... FAIL
  test_l04_nested_json_nul_and_unpaired_surrogate_rejected_before_sql (a07_boundary_tests.A07BoundaryTests.test_l04_nested_json_nul_and_unpaired_surrogate_rejected_before_sql) (check='exact_zero_effect_before_harness_cleanup', boundary="L04/nested/1/'До\\x00після'", adapter='dispatch') ... FAIL
  test_l04_nested_json_nul_and_unpaired_surrogate_rejected_before_sql (a07_boundary_tests.A07BoundaryTests.test_l04_nested_json_nul_and_unpaired_surrogate_rejected_before_sql) (check='reject_before_business_sql', boundary="L04/nested/1/'До\\x00після'", adapter='dispatch') ... FAIL
  test_l04_nested_json_nul_and_unpaired_surrogate_rejected_before_sql (a07_boundary_tests.A07BoundaryTests.test_l04_nested_json_nul_and_unpaired_surrogate_rejected_before_sql) (check='explicit_validation_refusal', boundary="L04/nested/1/'До\\x00після'", adapter='preview') ... FAIL
  test_l04_nested_json_nul_and_unpaired_surrogate_rejected_before_sql (a07_boundary_tests.A07BoundaryTests.test_l04_nested_json_nul_and_unpaired_surrogate_rejected_before_sql) (check='exact_zero_effect_before_harness_cleanup', boundary="L04/nested/1/'До\\x00після'", adapter='preview') ... FAIL
  test_l04_nested_json_nul_and_unpaired_surrogate_rejected_before_sql (a07_boundary_tests.A07BoundaryTests.test_l04_nested_json_nul_and_unpaired_surrogate_rejected_before_sql) (check='reject_before_business_sql', boundary="L04/nested/1/'До\\x00після'", adapter='preview') ... FAIL
  test_l04_nested_json_nul_and_unpaired_surrogate_rejected_before_sql (a07_boundary_tests.A07BoundaryTests.test_l04_nested_json_nul_and_unpaired_surrogate_rejected_before_sql) (check='explicit_validation_refusal', boundary="L04/nested/2/'До\\x00після'", adapter='dispatch') ... FAIL
  test_l04_nested_json_nul_and_unpaired_surrogate_rejected_before_sql (a07_boundary_tests.A07BoundaryTests.test_l04_nested_json_nul_and_unpaired_surrogate_rejected_before_sql) (check='exact_zero_effect_before_harness_cleanup', boundary="L04/nested/2/'До\\x00після'", adapter='dispatch') ... FAIL
  test_l04_nested_json_nul_and_unpaired_surrogate_rejected_before_sql (a07_boundary_tests.A07BoundaryTests.test_l04_nested_json_nul_and_unpaired_surrogate_rejected_before_sql) (check='reject_before_business_sql', boundary="L04/nested/2/'До\\x00після'", adapter='dispatch') ... FAIL
  test_l04_nested_json_nul_and_unpaired_surrogate_rejected_before_sql (a07_boundary_tests.A07BoundaryTests.test_l04_nested_json_nul_and_unpaired_surrogate_rejected_before_sql) (check='explicit_validation_refusal', boundary="L04/nested/2/'До\\x00після'", adapter='preview') ... FAIL
  test_l04_nested_json_nul_and_unpaired_surrogate_rejected_before_sql (a07_boundary_tests.A07BoundaryTests.test_l04_nested_json_nul_and_unpaired_surrogate_rejected_before_sql) (check='exact_zero_effect_before_harness_cleanup', boundary="L04/nested/2/'До\\x00після'", adapter='preview') ... FAIL
  test_l04_nested_json_nul_and_unpaired_surrogate_rejected_before_sql (a07_boundary_tests.A07BoundaryTests.test_l04_nested_json_nul_and_unpaired_surrogate_rejected_before_sql) (check='reject_before_business_sql', boundary="L04/nested/2/'До\\x00після'", adapter='preview') ... FAIL
  test_l04_nested_json_nul_and_unpaired_surrogate_rejected_before_sql (a07_boundary_tests.A07BoundaryTests.test_l04_nested_json_nul_and_unpaired_surrogate_rejected_before_sql) (check='explicit_validation_refusal', boundary="L04/nested/0/'До\\ud800після'", adapter='dispatch') ... FAIL
  test_l04_nested_json_nul_and_unpaired_surrogate_rejected_before_sql (a07_boundary_tests.A07BoundaryTests.test_l04_nested_json_nul_and_unpaired_surrogate_rejected_before_sql) (check='exact_zero_effect_before_harness_cleanup', boundary="L04/nested/0/'До\\ud800після'", adapter='dispatch') ... FAIL
  test_l04_nested_json_nul_and_unpaired_surrogate_rejected_before_sql (a07_boundary_tests.A07BoundaryTests.test_l04_nested_json_nul_and_unpaired_surrogate_rejected_before_sql) (check='reject_before_business_sql', boundary="L04/nested/0/'До\\ud800після'", adapter='dispatch') ... FAIL
  test_l04_nested_json_nul_and_unpaired_surrogate_rejected_before_sql (a07_boundary_tests.A07BoundaryTests.test_l04_nested_json_nul_and_unpaired_surrogate_rejected_before_sql) (check='explicit_validation_refusal', boundary="L04/nested/0/'До\\ud800після'", adapter='preview') ... FAIL
  test_l04_nested_json_nul_and_unpaired_surrogate_rejected_before_sql (a07_boundary_tests.A07BoundaryTests.test_l04_nested_json_nul_and_unpaired_surrogate_rejected_before_sql) (check='exact_zero_effect_before_harness_cleanup', boundary="L04/nested/0/'До\\ud800після'", adapter='preview') ... FAIL
  test_l04_nested_json_nul_and_unpaired_surrogate_rejected_before_sql (a07_boundary_tests.A07BoundaryTests.test_l04_nested_json_nul_and_unpaired_surrogate_rejected_before_sql) (check='reject_before_business_sql', boundary="L04/nested/0/'До\\ud800після'", adapter='preview') ... FAIL
  test_l04_nested_json_nul_and_unpaired_surrogate_rejected_before_sql (a07_boundary_tests.A07BoundaryTests.test_l04_nested_json_nul_and_unpaired_surrogate_rejected_before_sql) (check='explicit_validation_refusal', boundary="L04/nested/1/'До\\ud800після'", adapter='dispatch') ... FAIL
  test_l04_nested_json_nul_and_unpaired_surrogate_rejected_before_sql (a07_boundary_tests.A07BoundaryTests.test_l04_nested_json_nul_and_unpaired_surrogate_rejected_before_sql) (check='exact_zero_effect_before_harness_cleanup', boundary="L04/nested/1/'До\\ud800після'", adapter='dispatch') ... FAIL
  test_l04_nested_json_nul_and_unpaired_surrogate_rejected_before_sql (a07_boundary_tests.A07BoundaryTests.test_l04_nested_json_nul_and_unpaired_surrogate_rejected_before_sql) (check='reject_before_business_sql', boundary="L04/nested/1/'До\\ud800після'", adapter='dispatch') ... FAIL
  test_l04_nested_json_nul_and_unpaired_surrogate_rejected_before_sql (a07_boundary_tests.A07BoundaryTests.test_l04_nested_json_nul_and_unpaired_surrogate_rejected_before_sql) (check='explicit_validation_refusal', boundary="L04/nested/1/'До\\ud800після'", adapter='preview') ... FAIL
  test_l04_nested_json_nul_and_unpaired_surrogate_rejected_before_sql (a07_boundary_tests.A07BoundaryTests.test_l04_nested_json_nul_and_unpaired_surrogate_rejected_before_sql) (check='exact_zero_effect_before_harness_cleanup', boundary="L04/nested/1/'До\\ud800після'", adapter='preview') ... FAIL
  test_l04_nested_json_nul_and_unpaired_surrogate_rejected_before_sql (a07_boundary_tests.A07BoundaryTests.test_l04_nested_json_nul_and_unpaired_surrogate_rejected_before_sql) (check='reject_before_business_sql', boundary="L04/nested/1/'До\\ud800після'", adapter='preview') ... FAIL

A07_OBSERVED {"boundary": "L01/code31/UAH/'AAAAAAAAAAAAAAAAAAAAAAAAAAAAAA '", "adapter": "preview", "status": 200, "exception": null, "changed_tables": ["operations.ActionProposal"], "business_sql_writes": [["erp_salesline", "UPDATE"], ["operations_invoice", "INSERT"], ["erp_invoicelink", "INSERT"]]}
A07_OBSERVED {"boundary": "L01/code31/UAH/'AAAAAAAAAAAAAAAAAAAAAAAAAAAAAA '", "adapter": "confirm", "status": 200, "exception": null, "changed_tables": ["erp.SalesLine", "erp.InvoiceLink", "erp.Event", "operations.Invoice", "operations.ActionProposal"], "business_sql_writes": [["erp_salesline", "UPDATE"], ["operations_invoice", "INSERT"], ["erp_invoicelink", "INSERT"], ["erp_event", "INSERT"], ["erp_event", "UPDATE"]]}
A07_OBSERVED {"boundary": "L02/Item.revision/41", "adapter": "dispatch", "status": null, "exception": null, "changed_tables": ["erp.Item", "erp.Event"], "business_sql_writes": [["erp_item", "INSERT"], ["erp_event", "INSERT"]]}
A07_OBSERVED {"boundary": "L02/Item.revision/41", "adapter": "preview", "status": 200, "exception": null, "changed_tables": ["operations.ActionProposal"], "business_sql_writes": [["erp_item", "INSERT"]]}
A07_OBSERVED {"boundary": "L02/Item.revision/41", "adapter": "confirm", "status": 200, "exception": null, "changed_tables": ["erp.Item", "erp.Event", "operations.ActionProposal"], "business_sql_writes": [["erp_item", "INSERT"], ["erp_event", "INSERT"], ["erp_event", "UPDATE"]]}
A07_OBSERVED {"boundary": "L02/Lot.revision/41/EUR", "adapter": "dispatch", "status": null, "exception": null, "changed_tables": ["erp.Lot", "erp.Movement", "erp.Event"], "business_sql_writes": [["erp_lot", "INSERT"], ["erp_lot", "UPDATE"], ["erp_movement", "INSERT"], ["erp_event", "INSERT"]]}
A07_OBSERVED {"boundary": "L02/Lot.revision/41/EUR", "adapter": "preview", "status": 200, "exception": null, "changed_tables": ["operations.ActionProposal"], "business_sql_writes": [["erp_lot", "INSERT"], ["erp_lot", "UPDATE"], ["erp_movement", "INSERT"]]}
A07_OBSERVED {"boundary": "L02/Lot.revision/41/EUR", "adapter": "confirm", "status": 200, "exception": null, "changed_tables": ["erp.Lot", "erp.Movement", "erp.Event", "operations.ActionProposal"], "business_sql_writes": [["erp_lot", "INSERT"], ["erp_lot", "UPDATE"], ["erp_movement", "INSERT"], ["erp_event", "INSERT"], ["erp_event", "UPDATE"]]}
A07_OBSERVED {"boundary": "L02/Lot.revision/41/USD", "adapter": "dispatch", "status": null, "exception": null, "changed_tables": ["erp.Lot", "erp.Movement", "erp.Event"], "business_sql_writes": [["erp_lot", "INSERT"], ["erp_lot", "UPDATE"], ["erp_movement", "INSERT"], ["erp_event", "INSERT"]]}
A07_OBSERVED {"boundary": "L02/Lot.revision/41/USD", "adapter": "preview", "status": 200, "exception": null, "changed_tables": ["operations.ActionProposal"], "business_sql_writes": [["erp_lot", "INSERT"], ["erp_lot", "UPDATE"], ["erp_movement", "INSERT"]]}
A07_OBSERVED {"boundary": "L02/Lot.revision/41/USD", "adapter": "confirm", "status": 200, "exception": null, "changed_tables": ["erp.Lot", "erp.Movement", "erp.Event", "operations.ActionProposal"], "business_sql_writes": [["erp_lot", "INSERT"], ["erp_lot", "UPDATE"], ["erp_movement", "INSERT"], ["erp_event", "INSERT"], ["erp_event", "UPDATE"]]}
A07_OBSERVED {"boundary": "L02/Lot.revision/41/UAH", "adapter": "dispatch", "status": null, "exception": null, "changed_tables": ["erp.Lot", "erp.Movement", "erp.Event"], "business_sql_writes": [["erp_lot", "INSERT"], ["erp_lot", "UPDATE"], ["erp_movement", "INSERT"], ["erp_event", "INSERT"]]}
A07_OBSERVED {"boundary": "L02/Lot.revision/41/UAH", "adapter": "preview", "status": 200, "exception": null, "changed_tables": ["operations.ActionProposal"], "business_sql_writes": [["erp_lot", "INSERT"], ["erp_lot", "UPDATE"], ["erp_movement", "INSERT"]]}
A07_OBSERVED {"boundary": "L02/Lot.revision/41/UAH", "adapter": "confirm", "status": 200, "exception": null, "changed_tables": ["erp.Lot", "erp.Movement", "erp.Event", "operations.ActionProposal"], "business_sql_writes": [["erp_lot", "INSERT"], ["erp_lot", "UPDATE"], ["erp_movement", "INSERT"], ["erp_event", "INSERT"], ["erp_event", "UPDATE"]]}
A07_OBSERVED {"boundary": "L03/Item.material/201", "adapter": "dispatch", "status": null, "exception": null, "changed_tables": ["erp.Item", "erp.Event"], "business_sql_writes": [["erp_item", "INSERT"], ["erp_event", "INSERT"]]}
A07_OBSERVED {"boundary": "L03/Item.material/201", "adapter": "preview", "status": 200, "exception": null, "changed_tables": ["operations.ActionProposal"], "business_sql_writes": [["erp_item", "INSERT"]]}
A07_OBSERVED {"boundary": "L03/Item.material/201", "adapter": "confirm", "status": 200, "exception": null, "changed_tables": ["erp.Item", "erp.Event", "operations.ActionProposal"], "business_sql_writes": [["erp_item", "INSERT"], ["erp_event", "INSERT"], ["erp_event", "UPDATE"]]}
A07_OBSERVED {"boundary": "L03/Location.name/201", "adapter": "dispatch", "status": null, "exception": null, "changed_tables": ["erp.Location", "erp.Event"], "business_sql_writes": [["erp_location", "INSERT"], ["erp_event", "INSERT"]]}
A07_OBSERVED {"boundary": "L03/Location.name/201", "adapter": "preview", "status": 200, "exception": null, "changed_tables": ["operations.ActionProposal"], "business_sql_writes": [["erp_location", "INSERT"]]}
A07_OBSERVED {"boundary": "L03/Location.name/201", "adapter": "confirm", "status": 200, "exception": null, "changed_tables": ["erp.Location", "erp.Event", "operations.ActionProposal"], "business_sql_writes": [["erp_location", "INSERT"], ["erp_event", "INSERT"], ["erp_event", "UPDATE"]]}
A07_OBSERVED {"boundary": "L04/nested/0/'\u0414\u043e\\x00\u043f\u0456\u0441\u043b\u044f'", "adapter": "dispatch", "status": null, "exception": null, "changed_tables": ["erp.Item", "erp.Event"], "business_sql_writes": [["erp_item", "INSERT"], ["erp_event", "INSERT"]]}
A07_OBSERVED {"boundary": "L04/nested/0/'\u0414\u043e\\x00\u043f\u0456\u0441\u043b\u044f'", "adapter": "preview", "status": 200, "exception": null, "changed_tables": ["operations.ActionProposal"], "business_sql_writes": [["erp_item", "INSERT"]]}
A07_OBSERVED {"boundary": "L04/nested/1/'\u0414\u043e\\x00\u043f\u0456\u0441\u043b\u044f'", "adapter": "dispatch", "status": null, "exception": null, "changed_tables": ["erp.Item", "erp.Event"], "business_sql_writes": [["erp_item", "INSERT"], ["erp_event", "INSERT"]]}
A07_OBSERVED {"boundary": "L04/nested/1/'\u0414\u043e\\x00\u043f\u0456\u0441\u043b\u044f'", "adapter": "preview", "status": 200, "exception": null, "changed_tables": ["operations.ActionProposal"], "business_sql_writes": [["erp_item", "INSERT"]]}
A07_OBSERVED {"boundary": "L04/nested/2/'\u0414\u043e\\x00\u043f\u0456\u0441\u043b\u044f'", "adapter": "dispatch", "status": null, "exception": null, "changed_tables": ["erp.Item", "erp.Event"], "business_sql_writes": [["erp_item", "INSERT"], ["erp_event", "INSERT"]]}
A07_OBSERVED {"boundary": "L04/nested/2/'\u0414\u043e\\x00\u043f\u0456\u0441\u043b\u044f'", "adapter": "preview", "status": 200, "exception": null, "changed_tables": ["operations.ActionProposal"], "business_sql_writes": [["erp_item", "INSERT"]]}
A07_OBSERVED {"boundary": "L04/nested/0/'\u0414\u043e\\ud800\u043f\u0456\u0441\u043b\u044f'", "adapter": "dispatch", "status": null, "exception": null, "changed_tables": ["erp.Item", "erp.Event"], "business_sql_writes": [["erp_item", "INSERT"], ["erp_event", "INSERT"]]}
A07_OBSERVED {"boundary": "L04/nested/0/'\u0414\u043e\\ud800\u043f\u0456\u0441\u043b\u044f'", "adapter": "preview", "status": 200, "exception": null, "changed_tables": ["operations.ActionProposal"], "business_sql_writes": [["erp_item", "INSERT"]]}
A07_OBSERVED {"boundary": "L04/nested/1/'\u0414\u043e\\ud800\u043f\u0456\u0441\u043b\u044f'", "adapter": "dispatch", "status": null, "exception": null, "changed_tables": ["erp.Item", "erp.Event"], "business_sql_writes": [["erp_item", "INSERT"], ["erp_event", "INSERT"]]}
A07_OBSERVED {"boundary": "L04/nested/1/'\u0414\u043e\\ud800\u043f\u0456\u0441\u043b\u044f'", "adapter": "preview", "status": 200, "exception": null, "changed_tables": ["operations.ActionProposal"], "business_sql_writes": [["erp_item", "INSERT"]]}
A07_OBSERVED {"boundary": "L04/nested/2/'\u0414\u043e\\ud800\u043f\u0456\u0441\u043b\u044f'", "adapter": "dispatch", "status": null, "exception": null, "changed_tables": ["erp.Item", "erp.Event"], "business_sql_writes": [["erp_item", "INSERT"], ["erp_event", "INSERT"]]}  test_l04_nested_json_nul_and_unpaired_surrogate_rejected_before_sql (a07_boundary_tests.A07BoundaryTests.test_l04_nested_json_nul_and_unpaired_surrogate_rejected_before_sql) (check='explicit_validation_refusal', boundary="L04/nested/2/'До\\ud800після'", adapter='dispatch') ... FAIL
  test_l04_nested_json_nul_and_unpaired_surrogate_rejected_before_sql (a07_boundary_tests.A07BoundaryTests.test_l04_nested_json_nul_and_unpaired_surrogate_rejected_before_sql) (check='exact_zero_effect_before_harness_cleanup', boundary="L04/nested/2/'До\\ud800після'", adapter='dispatch') ... FAIL
  test_l04_nested_json_nul_and_unpaired_surrogate_rejected_before_sql (a07_boundary_tests.A07BoundaryTests.test_l04_nested_json_nul_and_unpaired_surrogate_rejected_before_sql) (check='reject_before_business_sql', boundary="L04/nested/2/'До\\ud800після'", adapter='dispatch') ... FAIL
  test_l04_nested_json_nul_and_unpaired_surrogate_rejected_before_sql (a07_boundary_tests.A07BoundaryTests.test_l04_nested_json_nul_and_unpaired_surrogate_rejected_before_sql) (check='explicit_validation_refusal', boundary="L04/nested/2/'До\\ud800після'", adapter='preview') ... FAIL
  test_l04_nested_json_nul_and_unpaired_surrogate_rejected_before_sql (a07_boundary_tests.A07BoundaryTests.test_l04_nested_json_nul_and_unpaired_surrogate_rejected_before_sql) (check='exact_zero_effect_before_harness_cleanup', boundary="L04/nested/2/'До\\ud800після'", adapter='preview') ... FAIL
  test_l04_nested_json_nul_and_unpaired_surrogate_rejected_before_sql (a07_boundary_tests.A07BoundaryTests.test_l04_nested_json_nul_and_unpaired_surrogate_rejected_before_sql) (check='reject_before_business_sql', boundary="L04/nested/2/'До\\ud800після'", adapter='preview') ... FAIL
  test_l04_nested_json_nul_and_unpaired_surrogate_rejected_before_sql (a07_boundary_tests.A07BoundaryTests.test_l04_nested_json_nul_and_unpaired_surrogate_rejected_before_sql) (check='explicit_validation_refusal', boundary="L04/nested/0/'До\\udfffпісля'", adapter='dispatch') ... FAIL
  test_l04_nested_json_nul_and_unpaired_surrogate_rejected_before_sql (a07_boundary_tests.A07BoundaryTests.test_l04_nested_json_nul_and_unpaired_surrogate_rejected_before_sql) (check='exact_zero_effect_before_harness_cleanup', boundary="L04/nested/0/'До\\udfffпісля'", adapter='dispatch') ... FAIL
  test_l04_nested_json_nul_and_unpaired_surrogate_rejected_before_sql (a07_boundary_tests.A07BoundaryTests.test_l04_nested_json_nul_and_unpaired_surrogate_rejected_before_sql) (check='reject_before_business_sql', boundary="L04/nested/0/'До\\udfffпісля'", adapter='dispatch') ... FAIL
  test_l04_nested_json_nul_and_unpaired_surrogate_rejected_before_sql (a07_boundary_tests.A07BoundaryTests.test_l04_nested_json_nul_and_unpaired_surrogate_rejected_before_sql) (check='explicit_validation_refusal', boundary="L04/nested/0/'До\\udfffпісля'", adapter='preview') ... FAIL
  test_l04_nested_json_nul_and_unpaired_surrogate_rejected_before_sql (a07_boundary_tests.A07BoundaryTests.test_l04_nested_json_nul_and_unpaired_surrogate_rejected_before_sql) (check='exact_zero_effect_before_harness_cleanup', boundary="L04/nested/0/'До\\udfffпісля'", adapter='preview') ... FAIL
  test_l04_nested_json_nul_and_unpaired_surrogate_rejected_before_sql (a07_boundary_tests.A07BoundaryTests.test_l04_nested_json_nul_and_unpaired_surrogate_rejected_before_sql) (check='reject_before_business_sql', boundary="L04/nested/0/'До\\udfffпісля'", adapter='preview') ... FAIL
  test_l04_nested_json_nul_and_unpaired_surrogate_rejected_before_sql (a07_boundary_tests.A07BoundaryTests.test_l04_nested_json_nul_and_unpaired_surrogate_rejected_before_sql) (check='explicit_validation_refusal', boundary="L04/nested/1/'До\\udfffпісля'", adapter='dispatch') ... FAIL
  test_l04_nested_json_nul_and_unpaired_surrogate_rejected_before_sql (a07_boundary_tests.A07BoundaryTests.test_l04_nested_json_nul_and_unpaired_surrogate_rejected_before_sql) (check='exact_zero_effect_before_harness_cleanup', boundary="L04/nested/1/'До\\udfffпісля'", adapter='dispatch') ... FAIL
  test_l04_nested_json_nul_and_unpaired_surrogate_rejected_before_sql (a07_boundary_tests.A07BoundaryTests.test_l04_nested_json_nul_and_unpaired_surrogate_rejected_before_sql) (check='reject_before_business_sql', boundary="L04/nested/1/'До\\udfffпісля'", adapter='dispatch') ... FAIL
  test_l04_nested_json_nul_and_unpaired_surrogate_rejected_before_sql (a07_boundary_tests.A07BoundaryTests.test_l04_nested_json_nul_and_unpaired_surrogate_rejected_before_sql) (check='explicit_validation_refusal', boundary="L04/nested/1/'До\\udfffпісля'", adapter='preview') ... FAIL
  test_l04_nested_json_nul_and_unpaired_surrogate_rejected_before_sql (a07_boundary_tests.A07BoundaryTests.test_l04_nested_json_nul_and_unpaired_surrogate_rejected_before_sql) (check='exact_zero_effect_before_harness_cleanup', boundary="L04/nested/1/'До\\udfffпісля'", adapter='preview') ... FAIL
  test_l04_nested_json_nul_and_unpaired_surrogate_rejected_before_sql (a07_boundary_tests.A07BoundaryTests.test_l04_nested_json_nul_and_unpaired_surrogate_rejected_before_sql) (check='reject_before_business_sql', boundary="L04/nested/1/'До\\udfffпісля'", adapter='preview') ... FAIL
  test_l04_nested_json_nul_and_unpaired_surrogate_rejected_before_sql (a07_boundary_tests.A07BoundaryTests.test_l04_nested_json_nul_and_unpaired_surrogate_rejected_before_sql) (check='explicit_validation_refusal', boundary="L04/nested/2/'До\\udfffпісля'", adapter='dispatch') ... FAIL
  test_l04_nested_json_nul_and_unpaired_surrogate_rejected_before_sql (a07_boundary_tests.A07BoundaryTests.test_l04_nested_json_nul_and_unpaired_surrogate_rejected_before_sql) (check='exact_zero_effect_before_harness_cleanup', boundary="L04/nested/2/'До\\udfffпісля'", adapter='dispatch') ... FAIL
  test_l04_nested_json_nul_and_unpaired_surrogate_rejected_before_sql (a07_boundary_tests.A07BoundaryTests.test_l04_nested_json_nul_and_unpaired_surrogate_rejected_before_sql) (check='reject_before_business_sql', boundary="L04/nested/2/'До\\udfffпісля'", adapter='dispatch') ... FAIL
  test_l04_nested_json_nul_and_unpaired_surrogate_rejected_before_sql (a07_boundary_tests.A07BoundaryTests.test_l04_nested_json_nul_and_unpaired_surrogate_rejected_before_sql) (check='explicit_validation_refusal', boundary="L04/nested/2/'До\\udfffпісля'", adapter='preview') ... FAIL
  test_l04_nested_json_nul_and_unpaired_surrogate_rejected_before_sql (a07_boundary_tests.A07BoundaryTests.test_l04_nested_json_nul_and_unpaired_surrogate_rejected_before_sql) (check='exact_zero_effect_before_harness_cleanup', boundary="L04/nested/2/'До\\udfffпісля'", adapter='preview') ... FAIL
  test_l04_nested_json_nul_and_unpaired_surrogate_rejected_before_sql (a07_boundary_tests.A07BoundaryTests.test_l04_nested_json_nul_and_unpaired_surrogate_rejected_before_sql) (check='reject_before_business_sql', boundary="L04/nested/2/'До\\udfffпісля'", adapter='preview') ... FAIL
test_l04_scalar_nul_and_unpaired_surrogate_rejected_before_sql (a07_boundary_tests.A07BoundaryTests.test_l04_scalar_nul_and_unpaired_surrogate_rejected_before_sql) ... 
  test_l04_scalar_nul_and_unpaired_surrogate_rejected_before_sql (a07_boundary_tests.A07BoundaryTests.test_l04_scalar_nul_and_unpaired_surrogate_rejected_before_sql) (check='explicit_validation_refusal', boundary="L04/scalar/name/'До\\x00після'", adapter='dispatch') ... FAIL
  test_l04_scalar_nul_and_unpaired_surrogate_rejected_before_sql (a07_boundary_tests.A07BoundaryTests.test_l04_scalar_nul_and_unpaired_surrogate_rejected_before_sql) (check='exact_zero_effect_before_harness_cleanup', boundary="L04/scalar/name/'До\\x00після'", adapter='dispatch') ... FAIL
  test_l04_scalar_nul_and_unpaired_surrogate_rejected_before_sql (a07_boundary_tests.A07BoundaryTests.test_l04_scalar_nul_and_unpaired_surrogate_rejected_before_sql) (check='reject_before_business_sql', boundary="L04/scalar/name/'До\\x00після'", adapter='dispatch') ... FAIL
  test_l04_scalar_nul_and_unpaired_surrogate_rejected_before_sql (a07_boundary_tests.A07BoundaryTests.test_l04_scalar_nul_and_unpaired_surrogate_rejected_before_sql) (check='explicit_validation_refusal', boundary="L04/scalar/name/'До\\x00після'", adapter='preview') ... FAIL
  test_l04_scalar_nul_and_unpaired_surrogate_rejected_before_sql (a07_boundary_tests.A07BoundaryTests.test_l04_scalar_nul_and_unpaired_surrogate_rejected_before_sql) (check='exact_zero_effect_before_harness_cleanup', boundary="L04/scalar/name/'До\\x00після'", adapter='preview') ... FAIL
  test_l04_scalar_nul_and_unpaired_surrogate_rejected_before_sql (a07_boundary_tests.A07BoundaryTests.test_l04_scalar_nul_and_unpaired_surrogate_rejected_before_sql) (check='reject_before_business_sql', boundary="L04/scalar/name/'До\\x00після'", adapter='preview') ... FAIL
  test_l04_scalar_nul_and_unpaired_surrogate_rejected_before_sql (a07_boundary_tests.A07BoundaryTests.test_l04_scalar_nul_and_unpaired_surrogate_rejected_before_sql) (check='reject_before_business_sql', boundary="L04/scalar/name/'До\\ud800після'", adapter='dispatch') ... FAIL
  test_l04_scalar_nul_and_unpaired_surrogate_rejected_before_sql (a07_boundary_tests.A07BoundaryTests.test_l04_scalar_nul_and_unpaired_surrogate_rejected_before_sql) (check='reject_before_business_sql', boundary="L04/scalar/name/'До\\ud800після'", adapter='preview') ... FAIL
  test_l04_scalar_nul_and_unpaired_surrogate_rejected_before_sql (a07_boundary_tests.A07BoundaryTests.test_l04_scalar_nul_and_unpaired_surrogate_rejected_before_sql) (check='reject_before_business_sql', boundary="L04/scalar/name/'До\\udfffпісля'", adapter='dispatch') ... FAIL
  test_l04_scalar_nul_and_unpaired_surrogate_rejected_before_sql (a07_boundary_tests.A07BoundaryTests.test_l04_scalar_nul_and_unpaired_surrogate_rejected_before_sql) (check='reject_before_business_sql', boundary="L04/scalar/name/'До\\udfffпісля'", adapter='preview') ... FAIL
  test_l04_scalar_nul_and_unpaired_surrogate_rejected_before_sql (a07_boundary_tests.A07BoundaryTests.test_l04_scalar_nul_and_unpaired_surrogate_rejected_before_sql) (check='explicit_validation_refusal', boundary="L04/scalar/material/'До\\x00після'", adapter='dispatch') ... FAIL
  test_l04_scalar_nul_and_unpaired_surrogate_rejected_before_sql (a07_boundary_tests.A07BoundaryTests.test_l04_scalar_nul_and_unpaired_surrogate_rejected_before_sql) (check='exact_zero_effect_before_harness_cleanup', boundary="L04/scalar/material/'До\\x00після'", adapter='dispatch') ... FAIL
  test_l04_scalar_nul_and_unpaired_surrogate_rejected_before_sql (a07_boundary_tests.A07BoundaryTests.test_l04_scalar_nul_and_unpaired_surrogate_rejected_before_sql) (check='reject_before_business_sql', boundary="L04/scalar/material/'До\\x00після'", adapter='dispatch') ... FAIL
  test_l04_scalar_nul_and_unpaired_surrogate_rejected_before_sql (a07_boundary_tests.A07BoundaryTests.test_l04_scalar_nul_and_unpaired_surrogate_rejected_before_sql) (check='explicit_validation_refusal', boundary="L04/scalar/material/'До\\x00після'", adapter='preview') ... FAIL
  test_l04_scalar_nul_and_unpaired_surrogate_rejected_before_sql (a07_boundary_tests.A07BoundaryTests.test_l04_scalar_nul_and_unpaired_surrogate_rejected_before_sql) (check='exact_zero_effect_before_harness_cleanup', boundary="L04/scalar/material/'До\\x00після'", adapter='preview') ... FAIL
  test_l04_scalar_nul_and_unpaired_surrogate_rejected_before_sql (a07_boundary_tests.A07BoundaryTests.test_l04_scalar_nul_and_unpaired_surrogate_rejected_before_sql) (check='reject_before_business_sql', boundary="L04/scalar/material/'До\\x00після'", adapter='preview') ... FAIL
  test_l04_scalar_nul_and_unpaired_surrogate_rejected_before_sql (a07_boundary_tests.A07BoundaryTests.test_l04_scalar_nul_and_unpaired_surrogate_rejected_before_sql) (check='reject_before_business_sql', boundary="L04/scalar/material/'До\\ud800після'", adapter='dispatch') ... FAIL
  test_l04_scalar_nul_and_unpaired_surrogate_rejected_before_sql (a07_boundary_tests.A07BoundaryTests.test_l04_scalar_nul_and_unpaired_surrogate_rejected_before_sql) (check='reject_before_business_sql', boundary="L04/scalar/material/'До\\ud800після'", adapter='preview') ... FAIL
  test_l04_scalar_nul_and_unpaired_surrogate_rejected_before_sql (a07_boundary_tests.A07BoundaryTests.test_l04_scalar_nul_and_unpaired_surrogate_rejected_before_sql) (check='reject_before_business_sql', boundary="L04/scalar/material/'До\\udfffпісля'", adapter='dispatch') ... FAIL
  test_l04_scalar_nul_and_unpaired_surrogate_rejected_before_sql (a07_boundary_tests.A07BoundaryTests.test_l04_scalar_nul_and_unpaired_surrogate_rejected_before_sql) (check='reject_before_business_sql', boundary="L04/scalar/material/'До\\udfffпісля'", adapter='preview') ... FAIL
test_l04_shared_financial_command_nul_refused_without_row_audit_or_intent (a07_boundary_tests.A07BoundaryTests.test_l04_shared_financial_command_nul_refused_without_row_audit_or_intent) ... 
  test_l04_shared_financial_command_nul_refused_without_row_audit_or_intent (a07_boundary_tests.A07BoundaryTests.test_l04_shared_financial_command_nul_refused_without_row_audit_or_intent) (check='ValidationError', currency='EUR', description="'До\\x00після'") ... FAIL
  test_l04_shared_financial_command_nul_refused_without_row_audit_or_intent (a07_boundary_tests.A07BoundaryTests.test_l04_shared_financial_command_nul_refused_without_row_audit_or_intent) (check='exact_zero_effect_before_harness_cleanup', currency='EUR', description="'До\\x00після'") ... FAIL
  test_l04_shared_financial_command_nul_refused_without_row_audit_or_intent (a07_boundary_tests.A07BoundaryTests.test_l04_shared_financial_command_nul_refused_without_row_audit_or_intent) (check='ValidationError', currency='EUR', description="'До\\ud800після'") ... FAIL
  test_l04_shared_financial_command_nul_refused_without_row_audit_or_intent (a07_boundary_tests.A07BoundaryTests.test_l04_shared_financial_command_nul_refused_without_row_audit_or_intent) (check='ValidationError', currency='USD', description="'До\\x00після'") ... FAIL
  test_l04_shared_financial_command_nul_refused_without_row_audit_or_intent (a07_boundary_tests.A07BoundaryTests.test_l04_shared_financial_command_nul_refused_without_row_audit_or_intent) (check='exact_zero_effect_before_harness_cleanup', currency='USD', description="'До\\x00після'") ... FAIL
  test_l04_shared_financial_command_nul_refused_without_row_audit_or_intent (a07_boundary_tests.A07BoundaryTests.test_l04_shared_financial_command_nul_refused_without_row_audit_or_intent) (check='ValidationError', currency='USD', description="'До\\ud800після'") ... FAIL
  test_l04_shared_financial_command_nul_refused_without_row_audit_or_intent (a07_boundary_tests.A07BoundaryTests.test_l04_shared_financial_command_nul_refused_without_row_audit_or_intent) (check='ValidationError', currency='UAH', description="'До\\x00після'") ... FAIL
  test_l04_shared_financial_command_nul_refused_without_row_audit_or_intent (a07_boundary_tests.A07BoundaryTests.test_l04_shared_financial_command_nul_refused_without_row_audit_or_intent) (check='exact_zero_effect_before_harness_cleanup', currency='UAH', description="'До\\x00після'") ... FAIL
  test_l04_shared_financial_command_nul_refused_without_row_audit_or_intent (a07_boundary_tests.A07BoundaryTests.test_l04_shared_financial_command_nul_refused_without_row_audit_or_intent) (check='ValidationError', currency='UAH', description="'До\\ud800після'") ... FAIL
test_l04_valid_unicode_json_and_binary_bytes_preserved (a07_boundary_tests.A07BoundaryTests.test_l04_valid_unicode_json_and_binary_bytes_preserved) ... ok
test_n01_money_two_decimals_accepted_three_refused (a07_boundary_tests.A07BoundaryTests.test_n01_money_two_decimals_accepted_three_refused) ... 
A07_OBSERVED {"boundary": "L04/nested/2/'\u0414\u043e\\ud800\u043f\u0456\u0441\u043b\u044f'", "adapter": "preview", "status": 200, "exception": null, "changed_tables": ["operations.ActionProposal"], "business_sql_writes": [["erp_item", "INSERT"]]}
A07_OBSERVED {"boundary": "L04/nested/0/'\u0414\u043e\\udfff\u043f\u0456\u0441\u043b\u044f'", "adapter": "dispatch", "status": null, "exception": null, "changed_tables": ["erp.Item", "erp.Event"], "business_sql_writes": [["erp_item", "INSERT"], ["erp_event", "INSERT"]]}
A07_OBSERVED {"boundary": "L04/nested/0/'\u0414\u043e\\udfff\u043f\u0456\u0441\u043b\u044f'", "adapter": "preview", "status": 200, "exception": null, "changed_tables": ["operations.ActionProposal"], "business_sql_writes": [["erp_item", "INSERT"]]}
A07_OBSERVED {"boundary": "L04/nested/1/'\u0414\u043e\\udfff\u043f\u0456\u0441\u043b\u044f'", "adapter": "dispatch", "status": null, "exception": null, "changed_tables": ["erp.Item", "erp.Event"], "business_sql_writes": [["erp_item", "INSERT"], ["erp_event", "INSERT"]]}
A07_OBSERVED {"boundary": "L04/nested/1/'\u0414\u043e\\udfff\u043f\u0456\u0441\u043b\u044f'", "adapter": "preview", "status": 200, "exception": null, "changed_tables": ["operations.ActionProposal"], "business_sql_writes": [["erp_item", "INSERT"]]}
A07_OBSERVED {"boundary": "L04/nested/2/'\u0414\u043e\\udfff\u043f\u0456\u0441\u043b\u044f'", "adapter": "dispatch", "status": null, "exception": null, "changed_tables": ["erp.Item", "erp.Event"], "business_sql_writes": [["erp_item", "INSERT"], ["erp_event", "INSERT"]]}
A07_OBSERVED {"boundary": "L04/nested/2/'\u0414\u043e\\udfff\u043f\u0456\u0441\u043b\u044f'", "adapter": "preview", "status": 200, "exception": null, "changed_tables": ["operations.ActionProposal"], "business_sql_writes": [["erp_item", "INSERT"]]}
A07_OBSERVED {"boundary": "L04/scalar/name/'\u0414\u043e\\x00\u043f\u0456\u0441\u043b\u044f'", "adapter": "dispatch", "status": null, "exception": null, "changed_tables": ["erp.Location", "erp.Event"], "business_sql_writes": [["erp_location", "INSERT"], ["erp_event", "INSERT"]]}
A07_OBSERVED {"boundary": "L04/scalar/name/'\u0414\u043e\\x00\u043f\u0456\u0441\u043b\u044f'", "adapter": "preview", "status": 200, "exception": null, "changed_tables": ["operations.ActionProposal"], "business_sql_writes": [["erp_location", "INSERT"]]}
A07_OBSERVED {"boundary": "L04/scalar/name/'\u0414\u043e\\ud800\u043f\u0456\u0441\u043b\u044f'", "adapter": "dispatch", "status": null, "exception": "UnicodeEncodeError", "changed_tables": [], "business_sql_writes": [["erp_location", "INSERT"]]}
A07_OBSERVED {"boundary": "L04/scalar/name/'\u0414\u043e\\ud800\u043f\u0456\u0441\u043b\u044f'", "adapter": "preview", "status": 422, "exception": null, "changed_tables": [], "business_sql_writes": [["erp_location", "INSERT"]]}
A07_OBSERVED {"boundary": "L04/scalar/name/'\u0414\u043e\\udfff\u043f\u0456\u0441\u043b\u044f'", "adapter": "dispatch", "status": null, "exception": "UnicodeEncodeError", "changed_tables": [], "business_sql_writes": [["erp_location", "INSERT"]]}
A07_OBSERVED {"boundary": "L04/scalar/name/'\u0414\u043e\\udfff\u043f\u0456\u0441\u043b\u044f'", "adapter": "preview", "status": 422, "exception": null, "changed_tables": [], "business_sql_writes": [["erp_location", "INSERT"]]}
A07_OBSERVED {"boundary": "L04/scalar/material/'\u0414\u043e\\x00\u043f\u0456\u0441\u043b\u044f'", "adapter": "dispatch", "status": null, "exception": null, "changed_tables": ["erp.Item", "erp.Event"], "business_sql_writes": [["erp_item", "INSERT"], ["erp_event", "INSERT"]]}
A07_OBSERVED {"boundary": "L04/scalar/material/'\u0414\u043e\\x00\u043f\u0456\u0441\u043b\u044f'", "adapter": "preview", "status": 200, "exception": null, "changed_tables": ["operations.ActionProposal"], "business_sql_writes": [["erp_item", "INSERT"]]}
A07_OBSERVED {"boundary": "L04/scalar/material/'\u0414\u043e\\ud800\u043f\u0456\u0441\u043b\u044f'", "adapter": "dispatch", "status": null, "exception": "UnicodeEncodeError", "changed_tables": [], "business_sql_writes": [["erp_item", "INSERT"]]}
A07_OBSERVED {"boundary": "L04/scalar/material/'\u0414\u043e\\ud800\u043f\u0456\u0441\u043b\u044f'", "adapter": "preview", "status": 422, "exception": null, "changed_tables": [], "business_sql_writes": [["erp_item", "INSERT"]]}
A07_OBSERVED {"boundary": "L04/scalar/material/'\u0414\u043e\\udfff\u043f\u0456\u0441\u043b\u044f'", "adapter": "dispatch", "status": null, "exception": "UnicodeEncodeError", "changed_tables": [], "business_sql_writes": [["erp_item", "INSERT"]]}
A07_OBSERVED {"boundary": "L04/scalar/material/'\u0414\u043e\\udfff\u043f\u0456\u0441\u043b\u044f'", "adapter": "preview", "status": 422, "exception": null, "changed_tables": [], "business_sql_writes": [["erp_item", "INSERT"]]}
A07_FINANCE_OBSERVED {"currency": "EUR", "description": "'\u0414\u043e\\x00\u043f\u0456\u0441\u043b\u044f'", "exception": null, "changed_tables": ["finance.Transaction", "operations.AuditEvent", "finance.FinancialIntent"]}
A07_FINANCE_OBSERVED {"currency": "EUR", "description": "'\u0414\u043e\\ud800\u043f\u0456\u0441\u043b\u044f'", "exception": "UnicodeEncodeError", "changed_tables": []}
A07_FINANCE_OBSERVED {"currency": "USD", "description": "'\u0414\u043e\\x00\u043f\u0456\u0441\u043b\u044f'", "exception": null, "changed_tables": ["finance.Transaction", "operations.AuditEvent", "finance.FinancialIntent"]}
A07_FINANCE_OBSERVED {"currency": "USD", "description": "'\u0414\u043e\\ud800\u043f\u0456\u0441\u043b\u044f'", "exception": "UnicodeEncodeError", "changed_tables": []}
A07_FINANCE_OBSERVED {"currency": "UAH", "description": "'\u0414\u043e\\x00\u043f\u0456\u0441\u043b\u044f'", "exception": null, "changed_tables": ["finance.Transaction", "operations.AuditEvent", "finance.FinancialIntent"]}
A07_FINANCE_OBSERVED {"currency": "UAH", "description": "'\u0414\u043e\\ud800\u043f\u0456\u0441\u043b\u044f'", "exception": "UnicodeEncodeError", "changed_tables": []}
A07_OBSERVED {"boundary": "N01/unit_cost/scale3/EUR", "adapter": "dispatch", "status": null, "exception": "ValueError", "changed_tables": [], "business_sql_writes": []}
A07_OBSERVED {"boundary": "N01/unit_cost/scale3/EUR", "adapter": "preview", "status": 422, "exception": null, "changed_tables": [], "business_sql_writes": []}
A07_OBSERVED {"boundary": "N01/unit_cost/scale3/EUR", "adapter": "confirm", "status": 422, "exception": null, "changed_tables": [], "business_sql_writes": []}
A07_OBSERVED {"boundary": "N01/amount/scale3/EUR", "adapter": "dispatch", "status": null, "exception": "ValueError", "changed_tables": [], "business_sql_writes": []}
A07_OBSERVED {"boundary": "N01/amount/scale3/EUR", "adapter": "preview", "status": 422, "exception": null, "changed_tables": [], "business_sql_writes": []}
A07_OBSERVED {"boundary": "N01/amount/scale3/EUR", "adapter": "confirm", "status": 422, "exception": null, "changed_tables": [], "business_sql_writes": []}
A07_OBSERVED {"boundary": "N01/unit_cost/scale3/USD", "adapter": "dispatch", "status": null, "exception": "ValueError", "changed_tables": [], "business_sql_writes": []}
A07_OBSERVED {"boundary": "N01/unit_cost/scale3/USD", "adapter": "preview", "status": 422, "exception": null, "changed_tables": [], "business_sql_writes": []}
A07_OBSERVED {"boundary": "N01/unit_cost/scale3/USD", "adapter": "confirm", "status": 422, "exception": null, "changed_tables": [], "business_sql_writes": []}
A07_OBSERVED {"boundary": "N01/amount/scale3/USD", "adapter": "dispatch", "status": null, "exception": "ValueError", "changed_tables": [], "business_sql_writes": []}
A07_OBSERVED {"boundary": "N01/amount/scale3/USD", "adapter": "preview", "status": 422, "exception": null, "changed_tables": [], "business_sql_writes": []}
A07_OBSERVED {"boundary": "N01/amount/scale3/USD", "adapter": "confirm", "status": 422, "exception": null, "changed_tables": [], "business_sql_writes": []}
A07_OBSERVED {"boundary": "N01/unit_cost/scale3/UAH", "adapter": "dispatch", "status": null, "exception": "ValueError", "changed_tables": [], "business_sql_writes": []}
A07_OBSERVED {"boundary": "N01/unit_cost/scale3/UAH", "adapter": "preview", "status": 422, "exception": null, "changed_tables": [], "business_sql_writes": []}ok
test_n01_nonfinite_quantities_costs_and_payments_refused (a07_boundary_tests.A07BoundaryTests.test_n01_nonfinite_quantities_costs_and_payments_refused) ... 
A07_OBSERVED {"boundary": "N01/unit_cost/scale3/UAH", "adapter": "confirm", "status": 422, "exception": null, "changed_tables": [], "business_sql_writes": []}
A07_OBSERVED {"boundary": "N01/amount/scale3/UAH", "adapter": "dispatch", "status": null, "exception": "ValueError", "changed_tables": [], "business_sql_writes": []}
A07_OBSERVED {"boundary": "N01/amount/scale3/UAH", "adapter": "preview", "status": 422, "exception": null, "changed_tables": [], "business_sql_writes": []}
A07_OBSERVED {"boundary": "N01/amount/scale3/UAH", "adapter": "confirm", "status": 422, "exception": null, "changed_tables": [], "business_sql_writes": []}
A07_OBSERVED {"boundary": "N01/quantity/NaN/EUR", "adapter": "dispatch", "status": null, "exception": "ValueError", "changed_tables": [], "business_sql_writes": []}
A07_OBSERVED {"boundary": "N01/quantity/NaN/EUR", "adapter": "preview", "status": 422, "exception": null, "changed_tables": [], "business_sql_writes": []}
A07_OBSERVED {"boundary": "N01/quantity/NaN/EUR", "adapter": "confirm", "status": 422, "exception": null, "changed_tables": [], "business_sql_writes": []}
A07_OBSERVED {"boundary": "N01/quantity/sNaN/EUR", "adapter": "dispatch", "status": null, "exception": "ValueError", "changed_tables": [], "business_sql_writes": []}
A07_OBSERVED {"boundary": "N01/quantity/sNaN/EUR", "adapter": "preview", "status": 422, "exception": null, "changed_tables": [], "business_sql_writes": []}
A07_OBSERVED {"boundary": "N01/quantity/sNaN/EUR", "adapter": "confirm", "status": 422, "exception": null, "changed_tables": [], "business_sql_writes": []}
A07_OBSERVED {"boundary": "N01/quantity/Infinity/EUR", "adapter": "dispatch", "status": null, "exception": "ValueError", "changed_tables": [], "business_sql_writes": []}
A07_OBSERVED {"boundary": "N01/quantity/Infinity/EUR", "adapter": "preview", "status": 422, "exception": null, "changed_tables": [], "business_sql_writes": []}
A07_OBSERVED {"boundary": "N01/quantity/Infinity/EUR", "adapter": "confirm", "status": 422, "exception": null, "changed_tables": [], "business_sql_writes": []}
A07_OBSERVED {"boundary": "N01/quantity/-Infinity/EUR", "adapter": "dispatch", "status": null, "exception": "ValueError", "changed_tables": [], "business_sql_writes": []}
A07_OBSERVED {"boundary": "N01/quantity/-Infinity/EUR", "adapter": "preview", "status": 422, "exception": null, "changed_tables": [], "business_sql_writes": []}
A07_OBSERVED {"boundary": "N01/quantity/-Infinity/EUR", "adapter": "confirm", "status": 422, "exception": null, "changed_tables": [], "business_sql_writes": []}
A07_OBSERVED {"boundary": "N01/unit_cost/NaN/EUR", "adapter": "dispatch", "status": null, "exception": "ValueError", "changed_tables": [], "business_sql_writes": []}
A07_OBSERVED {"boundary": "N01/unit_cost/NaN/EUR", "adapter": "preview", "status": 422, "exception": null, "changed_tables": [], "business_sql_writes": []}
A07_OBSERVED {"boundary": "N01/unit_cost/NaN/EUR", "adapter": "confirm", "status": 422, "exception": null, "changed_tables": [], "business_sql_writes": []}
A07_OBSERVED {"boundary": "N01/unit_cost/sNaN/EUR", "adapter": "dispatch", "status": null, "exception": "ValueError", "changed_tables": [], "business_sql_writes": []}
A07_OBSERVED {"boundary": "N01/unit_cost/sNaN/EUR", "adapter": "preview", "status": 422, "exception": null, "changed_tables": [], "business_sql_writes": []}
A07_OBSERVED {"boundary": "N01/unit_cost/sNaN/EUR", "adapter": "confirm", "status": 422, "exception": null, "changed_tables": [], "business_sql_writes": []}
A07_OBSERVED {"boundary": "N01/unit_cost/Infinity/EUR", "adapter": "dispatch", "status": null, "exception": "ValueError", "changed_tables": [], "business_sql_writes": []}
A07_OBSERVED {"boundary": "N01/unit_cost/Infinity/EUR", "adapter": "preview", "status": 422, "exception": null, "changed_tables": [], "business_sql_writes": []}
A07_OBSERVED {"boundary": "N01/unit_cost/Infinity/EUR", "adapter": "confirm", "status": 422, "exception": null, "changed_tables": [], "business_sql_writes": []}
A07_OBSERVED {"boundary": "N01/unit_cost/-Infinity/EUR", "adapter": "dispatch", "status": null, "exception": "ValueError", "changed_tables": [], "business_sql_writes": []}
A07_OBSERVED {"boundary": "N01/unit_cost/-Infinity/EUR", "adapter": "preview", "status": 422, "exception": null, "changed_tables": [], "business_sql_writes": []}
A07_OBSERVED {"boundary": "N01/unit_cost/-Infinity/EUR", "adapter": "confirm", "status": 422, "exception": null, "changed_tables": [], "business_sql_writes": []}
A07_OBSERVED {"boundary": "N01/amount/NaN/EUR", "adapter": "dispatch", "status": null, "exception": "ValueError", "changed_tables": [], "business_sql_writes": []}
A07_OBSERVED {"boundary": "N01/amount/NaN/EUR", "adapter": "preview", "status": 422, "exception": null, "changed_tables": [], "business_sql_writes": []}
A07_OBSERVED {"boundary": "N01/amount/NaN/EUR", "adapter": "confirm", "status": 422, "exception": null, "changed_tables": [], "business_sql_writes": []}
A07_OBSERVED {"boundary": "N01/amount/sNaN/EUR", "adapter": "dispatch", "status": null, "exception": "ValueError", "changed_tables": [], "business_sql_writes": []}
A07_OBSERVED {"boundary": "N01/amount/sNaN/EUR", "adapter": "preview", "status": 422, "exception": null, "changed_tables": [], "business_sql_writes": []}
A07_OBSERVED {"boundary": "N01/amount/sNaN/EUR", "adapter": "confirm", "status": 422, "exception": null, "changed_tables": [], "business_sql_writes": []}
A07_OBSERVED {"boundary": "N01/amount/Infinity/EUR", "adapter": "dispatch", "status": null, "exception": "ValueError", "changed_tables": [], "business_sql_writes": []}
A07_OBSERVED {"boundary": "N01/amount/Infinity/EUR", "adapter": "preview", "status": 422, "exception": null, "changed_tables": [], "business_sql_writes": []}
A07_OBSERVED {"boundary": "N01/amount/Infinity/EUR", "adapter": "confirm", "status": 422, "exception": null, "changed_tables": [], "business_sql_writes": []}
A07_OBSERVED {"boundary": "N01/amount/-Infinity/EUR", "adapter": "dispatch", "status": null, "exception": "ValueError", "changed_tables": [], "business_sql_writes": []}
A07_OBSERVED {"boundary": "N01/amount/-Infinity/EUR", "adapter": "preview", "status": 422, "exception": null, "changed_tables": [], "business_sql_writes": []}
A07_OBSERVED {"boundary": "N01/amount/-Infinity/EUR", "adapter": "confirm", "status": 422, "exception": null, "changed_tables": [], "business_sql_writes": []}
A07_OBSERVED {"boundary": "N01/quantity/NaN/USD", "adapter": "dispatch", "status": null, "exception": "ValueError", "changed_tables": [], "business_sql_writes": []}
A07_OBSERVED {"boundary": "N01/quantity/NaN/USD", "adapter": "preview", "status": 422, "exception": null, "changed_tables": [], "business_sql_writes": []}
A07_OBSERVED {"boundary": "N01/quantity/NaN/USD", "adapter": "confirm", "status": 422, "exception": null, "changed_tables": [], "business_sql_writes": []}
A07_OBSERVED {"boundary": "N01/quantity/sNaN/USD", "adapter": "dispatch", "status": null, "exception": "ValueError", "changed_tables": [], "business_sql_writes": []}
A07_OBSERVED {"boundary": "N01/quantity/sNaN/USD", "adapter": "preview", "status": 422, "exception": null, "changed_tables": [], "business_sql_writes": []}
A07_OBSERVED {"boundary": "N01/quantity/sNaN/USD", "adapter": "confirm", "status": 422, "exception": null, "changed_tables": [], "business_sql_writes": []}
A07_OBSERVED {"boundary": "N01/quantity/Infinity/USD", "adapter": "dispatch", "status": null, "exception": "ValueError", "changed_tables": [], "business_sql_writes": []}
A07_OBSERVED {"boundary": "N01/quantity/Infinity/USD", "adapter": "preview", "status": 422, "exception": null, "changed_tables": [], "business_sql_writes": []}
A07_OBSERVED {"boundary": "N01/quantity/Infinity/USD", "adapter": "confirm", "status": 422, "exception": null, "changed_tables": [], "business_sql_writes": []}
A07_OBSERVED {"boundary": "N01/quantity/-Infinity/USD", "adapter": "dispatch", "status": null, "exception": "ValueError", "changed_tables": [], "business_sql_writes": []}
A07_OBSERVED {"boundary": "N01/quantity/-Infinity/USD", "adapter": "preview", "status": 422, "exception": null, "changed_tables": [], "business_sql_writes": []}
A07_OBSERVED {"boundary": "N01/quantity/-Infinity/USD", "adapter": "confirm", "status": 422, "exception": null, "changed_tables": [], "business_sql_writes": []}
A07_OBSERVED {"boundary": "N01/unit_cost/NaN/USD", "adapter": "dispatch", "status": null, "exception": "ValueError", "changed_tables": [], "business_sql_writes": []}
A07_OBSERVED {"boundary": "N01/unit_cost/NaN/USD", "adapter": "preview", "status": 422, "exception": null, "changed_tables": [], "business_sql_writes": []}
A07_OBSERVED {"boundary": "N01/unit_cost/NaN/USD", "adapter": "confirm", "status": 422, "exception": null, "changed_tables": [], "business_sql_writes": []}
A07_OBSERVED {"boundary": "N01/unit_cost/sNaN/USD", "adapter": "dispatch", "status": null, "exception": "ValueError", "changed_tables": [], "business_sql_writes": []}
A07_OBSERVED {"boundary": "N01/unit_cost/sNaN/USD", "adapter": "preview", "status": 422, "exception": null, "changed_tables": [], "business_sql_writes": []}
A07_OBSERVED {"boundary": "N01/unit_cost/sNaN/USD", "adapter": "confirm", "status": 422, "exception": null, "changed_tables": [], "business_sql_writes": []}
A07_OBSERVED {"boundary": "N01/unit_cost/Infinity/USD", "adapter": "dispatch", "status": null, "exception": "ValueError", "changed_tables": [], "business_sql_writes": []}
A07_OBSERVED {"boundary": "N01/unit_cost/Infinity/USD", "adapter": "preview", "status": 422, "exception": null, "changed_tables": [], "business_sql_writes": []}
A07_OBSERVED {"boundary": "N01/unit_cost/Infinity/USD", "adapter": "confirm", "status": 422, "exception": null, "changed_tables": [], "business_sql_writes": []}
A07_OBSERVED {"boundary": "N01/unit_cost/-Infinity/USD", "adapter": "dispatch", "status": null, "exception": "ValueError", "changed_tables": [], "business_sql_writes": []}
A07_OBSERVED {"boundary": "N01/unit_cost/-Infinity/USD", "adapter": "preview", "status": 422, "exception": null, "changed_tables": [], "business_sql_writes": []}
A07_OBSERVED {"boundary": "N01/unit_cost/-Infinity/USD", "adapter": "confirm", "status": 422, "exception": null, "changed_tables": [], "business_sql_writes": []}
A07_OBSERVED {"boundary": "N01/amount/NaN/USD", "adapter": "dispatch", "status": null, "exception": "ValueError", "changed_tables": [], "business_sql_writes": []}
A07_OBSERVED {"boundary": "N01/amount/NaN/USD", "adapter": "preview", "status": 422, "exception": null, "changed_tables": [], "business_sql_writes": []}
A07_OBSERVED {"boundary": "N01/amount/NaN/USD", "adapter": "confirm", "status": 422, "exception": null, "changed_tables": [], "business_sql_writes": []}
A07_OBSERVED {"boundary": "N01/amount/sNaN/USD", "adapter": "dispatch", "status": null, "exception": "ValueError", "changed_tables": [], "business_sql_writes": []}
A07_OBSERVED {"boundary": "N01/amount/sNaN/USD", "adapter": "preview", "status": 422, "exception": null, "changed_tables": [], "business_sql_writes": []}
A07_OBSERVED {"boundary": "N01/amount/sNaN/USD", "adapter": "confirm", "status": 422, "exception": null, "changed_tables": [], "business_sql_writes": []}
A07_OBSERVED {"boundary": "N01/amount/Infinity/USD", "adapter": "dispatch", "status": null, "exception": "ValueError", "changed_tables": [], "business_sql_writes": []}
A07_OBSERVED {"boundary": "N01/amount/Infinity/USD", "adapter": "preview", "status": 422, "exception": null, "changed_tables": [], "business_sql_writes": []}
A07_OBSERVED {"boundary": "N01/amount/Infinity/USD", "adapter": "confirm", "status": 422, "exception": null, "changed_tables": [], "business_sql_writes": []}
A07_OBSERVED {"boundary": "N01/amount/-Infinity/USD", "adapter": "dispatch", "status": null, "exception": "ValueError", "changed_tables": [], "business_sql_writes": []}
A07_OBSERVED {"boundary": "N01/amount/-Infinity/USD", "adapter": "preview", "status": 422, "exception": null, "changed_tables": [], "business_sql_writes": []}
A07_OBSERVED {"boundary": "N01/amount/-Infinity/USD", "adapter": "confirm", "status": 422, "exception": null, "changed_tables": [], "business_sql_writes": []}
A07_OBSERVED {"boundary": "N01/quantity/NaN/UAH", "adapter": "dispatch", "status": null, "exception": "ValueError", "changed_tables": [], "business_sql_writes": []}
A07_OBSERVED {"boundary": "N01/quantity/NaN/UAH", "adapter": "preview", "status": 422, "exception": null, "changed_tables": [], "business_sql_writes": []}
A07_OBSERVED {"boundary": "N01/quantity/NaN/UAH", "adapter": "confirm", "status": 422, "exception": null, "changed_tables": [], "business_sql_writes": []}
A07_OBSERVED {"boundary": "N01/quantity/sNaN/UAH", "adapter": "dispatch", "status": null, "exception": "ValueError", "changed_tables": [], "business_sql_writes": []}
A07_OBSERVED {"boundary": "N01/quantity/sNaN/UAH", "adapter": "preview", "status": 422, "exception": null, "changed_tables": [], "business_sql_writes": []}
A07_OBSERVED {"boundary": "N01/quantity/sNaN/UAH", "adapter": "confirm", "status": 422, "exception": null, "changed_tables": [], "business_sql_writes": []}
A07_OBSERVED {"boundary": "N01/quantity/Infinity/UAH", "adapter": "dispatch", "status": null, "exception": "ValueError", "changed_tables": [], "business_sql_writes": []}
A07_OBSERVED {"boundary": "N01/quantity/Infinity/UAH", "adapter": "preview", "status": 422, "exception": null, "changed_tables": [], "business_sql_writes": []}
A07_OBSERVED {"boundary": "N01/quantity/Infinity/UAH", "adapter": "confirm", "status": 422, "exception": null, "changed_tables": [], "business_sql_writes": []}
A07_OBSERVED {"boundary": "N01/quantity/-Infinity/UAH", "adapter": "dispatch", "status": null, "exception": "ValueError", "changed_tables": [], "business_sql_writes": []}
A07_OBSERVED {"boundary": "N01/quantity/-Infinity/UAH", "adapter": "preview", "status": 422, "exception": null, "changed_tables": [], "business_sql_writes": []}
A07_OBSERVED {"boundary": "N01/quantity/-Infinity/UAH", "adapter": "confirm", "status": 422, "exception": null, "changed_tables": [], "business_sql_writes": []}
A07_OBSERVED {"boundary": "N01/unit_cost/NaN/UAH", "adapter": "dispatch", "status": null, "exception": "ValueError", "changed_tables": [], "business_sql_writes": []}
A07_OBSERVED {"boundary": "N01/unit_cost/NaN/UAH", "adapter": "preview", "status": 422, "exception": null, "changed_tables": [], "business_sql_writes": []}
A07_OBSERVED {"boundary": "N01/unit_cost/NaN/UAH", "adapter": "confirm", "status": 422, "exception": null, "changed_tables": [], "business_sql_writes": []}
A07_OBSERVED {"boundary": "N01/unit_cost/sNaN/UAH", "adapter": "dispatch", "status": null, "exception": "ValueError", "changed_tables": [], "business_sql_writes": []}
A07_OBSERVED {"boundary": "N01/unit_cost/sNaN/UAH", "adapter": "preview", "status": 422, "exception": null, "changed_tables": [], "business_sql_writes": []}
A07_OBSERVED {"boundary": "N01/unit_cost/sNaN/UAH", "adapter": "confirm", "status": 422, "exception": null, "changed_tables": [], "business_sql_writes": []}
A07_OBSERVED {"boundary": "N01/unit_cost/Infinity/UAH", "adapter": "dispatch", "status": null, "exception": "ValueError", "changed_tables": [], "business_sql_writes": []}
A07_OBSERVED {"boundary": "N01/unit_cost/Infinity/UAH", "adapter": "preview", "status": 422, "exception": null, "changed_tables": [], "business_sql_writes": []}
A07_OBSERVED {"boundary": "N01/unit_cost/Infinity/UAH", "adapter": "confirm", "status": 422, "exception": null, "changed_tables": [], "business_sql_writes": []}
A07_OBSERVED {"boundary": "N01/unit_cost/-Infinity/UAH", "adapter": "dispatch", "status": null, "exception": "ValueError", "changed_tables": [], "business_sql_writes": []}
A07_OBSERVED {"boundary": "N01/unit_cost/-Infinity/UAH", "adapter": "preview", "status": 422, "exception": null, "changed_tables": [], "business_sql_writes": []}
A07_OBSERVED {"boundary": "N01/unit_cost/-Infinity/UAH", "adapter": "confirm", "status": 422, "exception": null, "changed_tables": [], "business_sql_writes": []}
A07_OBSERVED {"boundary": "N01/amount/NaN/UAH", "adapter": "dispatch", "status": null, "exception": "ValueError", "changed_tables": [], "business_sql_writes": []}
A07_OBSERVED {"boundary": "N01/amount/NaN/UAH", "adapter": "preview", "status": 422, "exception": null, "changed_tables": [], "business_sql_writes": []}ok
test_n01_quantity_three_decimals_accepted_four_refused (a07_boundary_tests.A07BoundaryTests.test_n01_quantity_three_decimals_accepted_four_refused) ... ok
test_n02_computed_invoice_10_power_12_refuses_no_partial_invoiced (a07_boundary_tests.A07BoundaryTests.test_n02_computed_invoice_10_power_12_refuses_no_partial_invoiced) ... 
  test_n02_computed_invoice_10_power_12_refuses_no_partial_invoiced (a07_boundary_tests.A07BoundaryTests.test_n02_computed_invoice_10_power_12_refuses_no_partial_invoiced) (check='explicit_validation_refusal', boundary='N02/Invoice.amount/1000000000000.00/EUR', adapter='dispatch') ... FAIL
  test_n02_computed_invoice_10_power_12_refuses_no_partial_invoiced (a07_boundary_tests.A07BoundaryTests.test_n02_computed_invoice_10_power_12_refuses_no_partial_invoiced) (check='exact_zero_effect_before_harness_cleanup', boundary='N02/Invoice.amount/1000000000000.00/EUR', adapter='dispatch') ... FAIL
  test_n02_computed_invoice_10_power_12_refuses_no_partial_invoiced (a07_boundary_tests.A07BoundaryTests.test_n02_computed_invoice_10_power_12_refuses_no_partial_invoiced) (check='explicit_validation_refusal', boundary='N02/Invoice.amount/1000000000000.00/EUR', adapter='preview') ... FAIL
  test_n02_computed_invoice_10_power_12_refuses_no_partial_invoiced (a07_boundary_tests.A07BoundaryTests.test_n02_computed_invoice_10_power_12_refuses_no_partial_invoiced) (check='explicit_validation_refusal', boundary='N02/Invoice.amount/1000000000000.00/EUR', adapter='confirm') ... FAIL
  test_n02_computed_invoice_10_power_12_refuses_no_partial_invoiced (a07_boundary_tests.A07BoundaryTests.test_n02_computed_invoice_10_power_12_refuses_no_partial_invoiced) (check='explicit_validation_refusal', boundary='N02/Invoice.amount/1000000000000.00/USD', adapter='dispatch') ... FAIL
  test_n02_computed_invoice_10_power_12_refuses_no_partial_invoiced (a07_boundary_tests.A07BoundaryTests.test_n02_computed_invoice_10_power_12_refuses_no_partial_invoiced) (check='exact_zero_effect_before_harness_cleanup', boundary='N02/Invoice.amount/1000000000000.00/USD', adapter='dispatch') ... FAIL
  test_n02_computed_invoice_10_power_12_refuses_no_partial_invoiced (a07_boundary_tests.A07BoundaryTests.test_n02_computed_invoice_10_power_12_refuses_no_partial_invoiced) (check='explicit_validation_refusal', boundary='N02/Invoice.amount/1000000000000.00/USD', adapter='preview') ... FAIL
  test_n02_computed_invoice_10_power_12_refuses_no_partial_invoiced (a07_boundary_tests.A07BoundaryTests.test_n02_computed_invoice_10_power_12_refuses_no_partial_invoiced) (check='explicit_validation_refusal', boundary='N02/Invoice.amount/1000000000000.00/USD', adapter='confirm') ... FAIL
  test_n02_computed_invoice_10_power_12_refuses_no_partial_invoiced (a07_boundary_tests.A07BoundaryTests.test_n02_computed_invoice_10_power_12_refuses_no_partial_invoiced) (check='explicit_validation_refusal', boundary='N02/Invoice.amount/1000000000000.00/UAH', adapter='dispatch') ... FAIL
  test_n02_computed_invoice_10_power_12_refuses_no_partial_invoiced (a07_boundary_tests.A07BoundaryTests.test_n02_computed_invoice_10_power_12_refuses_no_partial_invoiced) (check='exact_zero_effect_before_harness_cleanup', boundary='N02/Invoice.amount/1000000000000.00/UAH', adapter='dispatch') ... FAIL
  test_n02_computed_invoice_10_power_12_refuses_no_partial_invoiced (a07_boundary_tests.A07BoundaryTests.test_n02_computed_invoice_10_power_12_refuses_no_partial_invoiced) (check='explicit_validation_refusal', boundary='N02/Invoice.amount/1000000000000.00/UAH', adapter='preview') ... FAIL
  test_n02_computed_invoice_10_power_12_refuses_no_partial_invoiced (a07_boundary_tests.A07BoundaryTests.test_n02_computed_invoice_10_power_12_refuses_no_partial_invoiced) (check='explicit_validation_refusal', boundary='N02/Invoice.amount/1000000000000.00/UAH', adapter='confirm') ... FAIL
test_n02_computed_invoice_exact_max_round_trips (a07_boundary_tests.A07BoundaryTests.test_n02_computed_invoice_exact_max_round_trips) ... ok

======================================================================
FAIL: test_l01_invoice_code_31_refused_without_truncation_or_trim (a07_boundary_tests.A07BoundaryTests.test_l01_invoice_code_31_refused_without_truncation_or_trim) (check='explicit_validation_refusal', boundary="L01/code31/EUR/'AAAAAAAAAAAAAAAAAAAAAAAAAAAAAAA'", adapter='dispatch')
----------------------------------------------------------------------
Traceback (most recent call last):
  File "/workspace/scratch/c7b51e996a9f/tmp/a07_boundary_tests.py", line 136, in reject
    self.assertIsInstance(error, (ValueError, ValidationError),
AssertionError: None is not an instance of (<class 'ValueError'>, <class 'django.core.exceptions.ValidationError'>) : Expected domain validation before persistence; got None

======================================================================
FAIL: test_l01_invoice_code_31_refused_without_truncation_or_trim (a07_boundary_tests.A07BoundaryTests.test_l01_invoice_code_31_refused_without_truncation_or_trim) (check='exact_zero_effect_before_harness_cleanup', boundary="L01/code31/EUR/'AAAAAAAAAAAAAAAAAAAAAAAAAAAAAAA'", adapter='dispatch')
----------------------------------------------------------------------
Traceback (most recent call last):
  File "/workspace/scratch/c7b51e996a9f/tmp/a07_boundary_tests.py", line 143, in reject
    self.assert_same_physical(before, after, 'Refused command changed sources/history/receipt')
  File "/workspace/scratch/c7b51e996a9f/tmp/a07_boundary_tests.py", line 83, in assert_same_physical
    self.assertEqual(changed, [], message + ': ' + ', '.join(changed))
AssertionError: Lists differ: ['erp.SalesLine', 'erp.InvoiceLink', 'erp.Event', 'operations.Invoice'] != []

First list contains 4 additional elements.
First extra element 0:
'erp.SalesLine'

- ['erp.SalesLine', 'erp.InvoiceLink', 'erp.Event', 'operations.Invoice']
+ [] : Refused command changed sources/history/receipt: erp.SalesLine, erp.InvoiceLink, erp.Event, operations.Invoice

======================================================================
FAIL: test_l01_invoice_code_31_refused_without_truncation_or_trim (a07_boundary_tests.A07BoundaryTests.test_l01_invoice_code_31_refused_without_truncation_or_trim) (check='explicit_validation_refusal', boundary="L01/code31/EUR/'AAAAAAAAAAAAAAAAAAAAAAAAAAAAAAA'", adapter='preview')
----------------------------------------------------------------------
Traceback (most recent call last):
  File "/workspace/scratch/c7b51e996a9f/tmp/a07_boundary_tests.py", line 140, in reject
    self.assertEqual(response.status_code, 422, response.content[:700])
AssertionError: 200 != 422 : b'{"id": "4b1ca122-e939-4806-bc2c-af0bf09281e0", "payload": {"action": "erp_invoice", "order_id": 10, "code": "AAAAAAAAAAAAAAAAAAAAAAAAAAAAAAA", "due_date": "2026-10-01"}, "expires_at": "2026-09-11T21:24:35.806870+00:00", "effect": {"invoice_id": 10, "code": "AAAAAAAAAAAAAAAAAAAAAAAAAAAAAAA", "amount": "50.00"}, "impact": [{"kind": "lines", "id": 10, "code": "A06-34c1ee1d-SO \\u00b7 A06-34c1ee1d-M", "field": "invoiced", "label": "\\u0412\\u0438\\u0441\\u0442\\u0430\\u0432\\u043b\\u0435\\u043d\\u043e \\u0432 \\u0440\\u0430\\u0445\\u0443\\u043d\\u043a\\u0430\\u0445", "before": "0.000", "after": "10.000", "currency": ""}, {"kind": "invoices", "id": 10, "code": "AAAAAAAAAAAAAAAAAAAAAAAAAAAAAAA", "field": "amount", "l'

======================================================================
FAIL: test_l01_invoice_code_31_refused_without_truncation_or_trim (a07_boundary_tests.A07BoundaryTests.test_l01_invoice_code_31_refused_without_truncation_or_trim) (check='exact_zero_effect_before_harness_cleanup', boundary="L01/code31/EUR/'AAAAAAAAAAAAAAAAAAAAAAAAAAAAAAA'", adapter='preview')
----------------------------------------------------------------------
Traceback (most recent call last):
  File "/workspace/scratch/c7b51e996a9f/tmp/a07_boundary_tests.py", line 143, in reject
    self.assert_same_physical(before, after, 'Refused command changed sources/history/receipt')
  File "/workspace/scratch/c7b51e996a9f/tmp/a07_boundary_tests.py", line 83, in assert_same_physical
    self.assertEqual(changed, [], message + ': ' + ', '.join(changed))
AssertionError: Lists differ: ['operations.ActionProposal'] != []

First list contains 1 additional elements.
First extra element 0:
'operations.ActionProposal'

- ['operations.ActionProposal']
+ [] : Refused command changed sources/history/receipt: operations.ActionProposal

======================================================================
FAIL: test_l01_invoice_code_31_refused_without_truncation_or_trim (a07_boundary_tests.A07BoundaryTests.test_l01_invoice_code_31_refused_without_truncation_or_trim) (check='explicit_validation_refusal', boundary="L01/code31/EUR/'AAAAAAAAAAAAAAAAAAAAAAAAAAAAAAA'", adapter='confirm')
----------------------------------------------------------------------
Traceback (most recent call last):
  File "/workspace/scratch/c7b51e996a9f/tmp/a07_boundary_tests.py", line 140, in reject
    self.assertEqual(response.status_code, 422, response.content[:700])
AssertionError: 200 != 422 : b'{"state": "succeeded", "invoice_id": 10, "code": "AAAAAAAAAAAAAAAAAAAAAAAAAAAAAAA", "amount": "50.00", "erp_event_id": 10, "impact": [{"kind": "lines", "id": 10, "code": "A06-34c1ee1d-SO \\u00b7 A06-34c1ee1d-M", "field": "invoiced", "label": "\\u0412\\u0438\\u0441\\u0442\\u0430\\u0432\\u043b\\u0435\\u043d\\u043e \\u0432 \\u0440\\u0430\\u0445\\u0443\\u043d\\u043a\\u0430\\u0445", "before": "0.000", "after": "10.000", "currency": ""}, {"kind": "invoices", "id": 10, "code": "AAAAAAAAAAAAAAAAAAAAAAAAAAAAAAA", "field": "amount", "label": "\\u0421\\u0443\\u043c\\u0430 \\u0440\\u0430\\u0445\\u0443\\u043d\\u043a\\u0443", "before": null, "after": "50.00", "currency": "EUR"}, {"kind": "invoices", "id": 10, "code": "AAAAAAAAAAAAAAAAA'

======================================================================
FAIL: test_l01_invoice_code_31_refused_without_truncation_or_trim (a07_boundary_tests.A07BoundaryTests.test_l01_invoice_code_31_refused_without_truncation_or_trim) (check='exact_zero_effect_before_harness_cleanup', boundary="L01/code31/EUR/'AAAAAAAAAAAAAAAAAAAAAAAAAAAAAAA'", adapter='confirm')
----------------------------------------------------------------------
Traceback (most recent call last):
  File "/workspace/scratch/c7b51e996a9f/tmp/a07_boundary_tests.py", line 143, in reject
    self.assert_same_physical(before, after, 'Refused command changed sources/history/receipt')
  File "/workspace/scratch/c7b51e996a9f/tmp/a07_boundary_tests.py", line 83, in assert_same_physical
    self.assertEqual(changed, [], message + ': ' + ', '.join(changed))
AssertionError: Lists differ: ['erp.SalesLine', 'erp.InvoiceLink', 'erp.[53 chars]sal'] != []

First list contains 5 additional elements.
First extra element 0:
'erp.SalesLine'

+ []
- ['erp.SalesLine',
-  'erp.InvoiceLink',
-  'erp.Event',
-  'operations.Invoice',
-  'operations.ActionProposal'] : Refused command changed sources/history/receipt: erp.SalesLine, erp.InvoiceLink, erp.Event, operations.Invoice, operations.ActionProposal

======================================================================
FAIL: test_l01_invoice_code_31_refused_without_truncation_or_trim (a07_boundary_tests.A07BoundaryTests.test_l01_invoice_code_31_refused_without_truncation_or_trim) (check='explicit_validation_refusal', boundary="L01/code31/EUR/'ЇЇЇЇЇЇЇЇЇЇЇЇЇЇЇЇЇЇЇЇЇЇЇЇЇЇЇЇЇЇЇ'", adapter='dispatch')
----------------------------------------------------------------------
Traceback (most recent call last):
  File "/workspace/scratch/c7b51e996a9f/tmp/a07_boundary_tests.py", line 136, in reject
    self.assertIsInstance(error, (ValueError, ValidationError),
AssertionError: None is not an instance of (<class 'ValueError'>, <class 'django.core.exceptions.ValidationError'>) : Expected domain validation before persistence; got None

======================================================================
FAIL: test_l01_invoice_code_31_refused_without_truncation_or_trim (a07_boundary_tests.A07BoundaryTests.test_l01_invoice_code_31_refused_without_truncation_or_trim) (check='exact_zero_effect_before_harness_cleanup', boundary="L01/code31/EUR/'ЇЇЇЇЇЇЇЇЇЇЇЇЇЇЇЇЇЇЇЇЇЇЇЇЇЇЇЇЇЇЇ'", adapter='dispatch')
----------------------------------------------------------------------
Traceback (most recent call last):
  File "/workspace/scratch/c7b51e996a9f/tmp/a07_boundary_tests.py", line 143, in reject
    self.assert_same_physical(before, after, 'Refused command changed sources/history/receipt')
  File "/workspace/scratch/c7b51e996a9f/tmp/a07_boundary_tests.py", line 83, in assert_same_physical
    self.assertEqual(changed, [], message + ': ' + ', '.join(changed))
AssertionError: Lists differ: ['erp.SalesLine', 'erp.InvoiceLink', 'erp.Event', 'operations.Invoice'] != []

First list contains 4 additional elements.
First extra element 0:
'erp.SalesLine'

- ['erp.SalesLine', 'erp.InvoiceLink', 'erp.Event', 'operations.Invoice']
+ [] : Refused command changed sources/history/receipt: erp.SalesLine, erp.InvoiceLink, erp.Event, operations.Invoice

======================================================================
FAIL: test_l01_invoice_code_31_refused_without_truncation_or_trim (a07_boundary_tests.A07BoundaryTests.test_l01_invoice_code_31_refused_without_truncation_or_trim) (check='explicit_validation_refusal', boundary="L01/code31/EUR/'ЇЇЇЇЇЇЇЇЇЇЇЇЇЇЇЇЇЇЇЇЇЇЇЇЇЇЇЇЇЇЇ'", adapter='preview')
----------------------------------------------------------------------
Traceback (most recent call last):
  File "/workspace/scratch/c7b51e996a9f/tmp/a07_boundary_tests.py", line 140, in reject
    self.assertEqual(response.status_code, 422, response.content[:700])
AssertionError: 200 != 422 : b'{"id": "b1d63a64-3ef9-446c-911a-b8abdfb4407b", "payload": {"action": "erp_invoice", "order_id": 11, "code": "\\u0407\\u0407\\u0407\\u0407\\u0407\\u0407\\u0407\\u0407\\u0407\\u0407\\u0407\\u0407\\u0407\\u0407\\u0407\\u0407\\u0407\\u0407\\u0407\\u0407\\u0407\\u0407\\u0407\\u0407\\u0407\\u0407\\u0407\\u0407\\u0407\\u0407\\u0407", "due_date": "2026-10-01"}, "expires_at": "2026-09-11T21:24:35.905335+00:00", "effect": {"invoice_id": 10, "code": "\\u0407\\u0407\\u0407\\u0407\\u0407\\u0407\\u0407\\u0407\\u0407\\u0407\\u0407\\u0407\\u0407\\u0407\\u0407\\u0407\\u0407\\u0407\\u0407\\u0407\\u0407\\u0407\\u0407\\u0407\\u0407\\u0407\\u0407\\u0407\\u0407\\u0407\\u0407", "amount": "50.00"}, "impact": [{"kind": "lines", "id": 11, "code": "A06-514b0587-SO \\u00b7 A06-514'

======================================================================
FAIL: test_l01_invoice_code_31_refused_without_truncation_or_trim (a07_boundary_tests.A07BoundaryTests.test_l01_invoice_code_31_refused_without_truncation_or_trim) (check='exact_zero_effect_before_harness_cleanup', boundary="L01/code31/EUR/'ЇЇЇЇЇЇЇЇЇЇЇЇЇЇЇЇЇЇЇЇЇЇЇЇЇЇЇЇЇЇЇ'", adapter='preview')
----------------------------------------------------------------------
Traceback (most recent call last):
  File "/workspace/scratch/c7b51e996a9f/tmp/a07_boundary_tests.py", line 143, in reject
    self.assert_same_physical(before, after, 'Refused command changed sources/history/receipt')
  File "/workspace/scratch/c7b51e996a9f/tmp/a07_boundary_tests.py", line 83, in assert_same_physical
    self.assertEqual(changed, [], message + ': ' + ', '.join(changed))
AssertionError: Lists differ: ['operations.ActionProposal'] != []

First list contains 1 additional elements.
First extra element 0:
'operations.ActionProposal'

- ['operations.ActionProposal']
+ [] : Refused command changed sources/history/receipt: operations.ActionProposal

======================================================================
FAIL: test_l01_invoice_code_31_refused_without_truncation_or_trim (a07_boundary_tests.A07BoundaryTests.test_l01_invoice_code_31_refused_without_truncation_or_trim) (check='explicit_validation_refusal', boundary="L01/code31/EUR/'ЇЇЇЇЇЇЇЇЇЇЇЇЇЇЇЇЇЇЇЇЇЇЇЇЇЇЇЇЇЇЇ'", adapter='confirm')
----------------------------------------------------------------------
Traceback (most recent call last):
  File "/workspace/scratch/c7b51e996a9f/tmp/a07_boundary_tests.py", line 140, in reject
    self.assertEqual(response.status_code, 422, response.content[:700])
AssertionError: 200 != 422 : b'{"state": "succeeded", "invoice_id": 10, "code": "\\u0407\\u0407\\u0407\\u0407\\u0407\\u0407\\u0407\\u0407\\u0407\\u0407\\u0407\\u0407\\u0407\\u0407\\u0407\\u0407\\u0407\\u0407\\u0407\\u0407\\u0407\\u0407\\u0407\\u0407\\u0407\\u0407\\u0407\\u0407\\u0407\\u0407\\u0407", "amount": "50.00", "erp_event_id": 10, "impact": [{"kind": "lines", "id": 11, "code": "A06-514b0587-SO \\u00b7 A06-514b0587-M", "field": "invoiced", "label": "\\u0412\\u0438\\u0441\\u0442\\u0430\\u0432\\u043b\\u0435\\u043d\\u043e \\u0432 \\u0440\\u0430\\u0445\\u0443\\u043d\\u043a\\u0430\\u0445", "before": "0.000", "after": "10.000", "currency": ""}, {"kind": "invoices", "id": 10, "code": "\\u0407\\u0407\\u0407\\u0407\\u0407\\u0407\\u0407\\u0407\\u0407\\u0407\\u0407\\u0407\\u0407\\u0407\\u040'

======================================================================
FAIL: test_l01_invoice_code_31_refused_without_truncation_or_trim (a07_boundary_tests.A07BoundaryTests.test_l01_invoice_code_31_refused_without_truncation_or_trim) (check='exact_zero_effect_before_harness_cleanup', boundary="L01/code31/EUR/'ЇЇЇЇЇЇЇЇЇЇЇЇЇЇЇЇЇЇЇЇЇЇЇЇЇЇЇЇЇЇЇ'", adapter='confirm')
----------------------------------------------------------------------
Traceback (most recent call last):
  File "/workspace/scratch/c7b51e996a9f/tmp/a07_boundary_tests.py", line 143, in reject
    self.assert_same_physical(before, after, 'Refused command changed sources/history/receipt')
  File "/workspace/scratch/c7b51e996a9f/tmp/a07_boundary_tests.py", line 83, in assert_same_physical
    self.assertEqual(changed, [], message + ': ' + ', '.join(changed))
AssertionError: Lists differ: ['erp.SalesLine', 'erp.InvoiceLink', 'erp.[53 chars]sal'] != []

First list contains 5 additional elements.
First extra element 0:
'erp.SalesLine'

+ []
- ['erp.SalesLine',
-  'erp.InvoiceLink',
-  'erp.Event',
-  'operations.Invoice',
-  'operations.ActionProposal'] : Refused command changed sources/history/receipt: erp.SalesLine, erp.InvoiceLink, erp.Event, operations.Invoice, operations.ActionProposal

======================================================================
FAIL: test_l01_invoice_code_31_refused_without_truncation_or_trim (a07_boundary_tests.A07BoundaryTests.test_l01_invoice_code_31_refused_without_truncation_or_trim) (check='explicit_validation_refusal', boundary="L01/code31/EUR/'🙂🙂🙂🙂🙂🙂🙂🙂🙂🙂🙂🙂🙂🙂🙂🙂🙂🙂🙂🙂🙂🙂🙂🙂🙂🙂🙂🙂🙂🙂🙂'", adapter='dispatch')
----------------------------------------------------------------------
Traceback (most recent call last):
  File "/workspace/scratch/c7b51e996a9f/tmp/a07_boundary_tests.py", line 136, in reject
    self.assertIsInstance(error, (ValueError, ValidationError),
AssertionError: None is not an instance of (<class 'ValueError'>, <class 'django.core.exceptions.ValidationError'>) : Expected domain validation before persistence; got None

======================================================================
FAIL: test_l01_invoice_code_31_refused_without_truncation_or_trim (a07_boundary_tests.A07BoundaryTests.test_l01_invoice_code_31_refused_without_truncation_or_trim) (check='exact_zero_effect_before_harness_cleanup', boundary="L01/code31/EUR/'🙂🙂🙂🙂🙂🙂🙂🙂🙂🙂🙂🙂🙂🙂🙂🙂🙂🙂🙂🙂🙂🙂🙂🙂🙂🙂🙂🙂🙂🙂🙂'", adapter='dispatch')
----------------------------------------------------------------------
Traceback (most recent call last):
  File "/workspace/scratch/c7b51e996a9f/tmp/a07_boundary_tests.py", line 143, in reject
    self.assert_same_physical(before, after, 'Refused command changed sources/history/receipt')
  File "/workspace/scratch/c7b51e996a9f/tmp/a07_boundary_tests.py", line 83, in assert_same_physical
    self.assertEqual(changed, [], message + ': ' + ', '.join(changed))
AssertionError: Lists differ: ['erp.SalesLine', 'erp.InvoiceLink', 'erp.Event', 'operations.Invoice'] != []

First list contains 4 additional elements.
First extra element 0:
'erp.SalesLine'

- ['erp.SalesLine', 'erp.InvoiceLink', 'erp.Event', 'operations.Invoice']
+ [] : Refused command changed sources/history/receipt: erp.SalesLine, erp.InvoiceLink, erp.Event, operations.Invoice

======================================================================
FAIL: test_l01_invoice_code_31_refused_without_truncation_or_trim (a07_boundary_tests.A07BoundaryTests.test_l01_invoice_code_31_refused_without_truncation_or_trim) (check='explicit_validation_refusal', boundary="L01/code31/EUR/'🙂🙂🙂🙂🙂🙂🙂🙂🙂🙂🙂🙂🙂🙂🙂🙂🙂🙂🙂🙂🙂🙂🙂🙂🙂🙂🙂🙂🙂🙂🙂'", adapter='preview')
----------------------------------------------------------------------
Traceback (most recent call last):
  File "/workspace/scratch/c7b51e996a9f/tmp/a07_boundary_tests.py", line 140, in reject
    self.assertEqual(response.status_code, 422, response.content[:700])
AssertionError: 200 != 422 : b'{"id": "7cfd8b66-b880-47fa-a666-845b11e98ce1", "payload": {"action": "erp_invoice", "order_id": 12, "code": "\\ud83d\\ude42\\ud83d\\ude42\\ud83d\\ude42\\ud83d\\ude42\\ud83d\\ude42\\ud83d\\ude42\\ud83d\\ude42\\ud83d\\ude42\\ud83d\\ude42\\ud83d\\ude42\\ud83d\\ude42\\ud83d\\ude42\\ud83d\\ude42\\ud83d\\ude42\\ud83d\\ude42\\ud83d\\ude42\\ud83d\\ude42\\ud83d\\ude42\\ud83d\\ude42\\ud83d\\ude42\\ud83d\\ude42\\ud83d\\ude42\\ud83d\\ude42\\ud83d\\ude42\\ud83d\\ude42\\ud83d\\ude42\\ud83d\\ude42\\ud83d\\ude42\\ud83d\\ude42\\ud83d\\ude42\\ud83d\\ude42", "due_date": "2026-10-01"}, "expires_at": "2026-09-11T21:24:36.021091+00:00", "effect": {"invoice_id": 10, "code": "\\ud83d\\ude42\\ud83d\\ude42\\ud83d\\ude42\\ud83d\\ude42\\ud83d\\ude42\\ud83d\\ude42\\ud83d\\ude42\\ud83d\\ude42\\ud83'

======================================================================
FAIL: test_l01_invoice_code_31_refused_without_truncation_or_trim (a07_boundary_tests.A07BoundaryTests.test_l01_invoice_code_31_refused_without_truncation_or_trim) (check='exact_zero_effect_before_harness_cleanup', boundary="L01/code31/EUR/'🙂🙂🙂🙂🙂🙂🙂🙂🙂🙂🙂🙂🙂🙂🙂🙂🙂🙂🙂🙂🙂🙂🙂🙂🙂🙂🙂🙂🙂🙂🙂'", adapter='preview')
----------------------------------------------------------------------
Traceback (most recent call last):
  File "/workspace/scratch/c7b51e996a9f/tmp/a07_boundary_tests.py", line 143, in reject
    self.assert_same_physical(before, after, 'Refused command changed sources/history/receipt')
  File "/workspace/scratch/c7b51e996a9f/tmp/a07_boundary_tests.py", line 83, in assert_same_physical
    self.assertEqual(changed, [], message + ': ' + ', '.join(changed))
AssertionError: Lists differ: ['operations.ActionProposal'] != []

First list contains 1 additional elements.
First extra element 0:
'operations.ActionProposal'

- ['operations.ActionProposal']
+ [] : Refused command changed sources/history/receipt: operations.ActionProposal

======================================================================
FAIL: test_l01_invoice_code_31_refused_without_truncation_or_trim (a07_boundary_tests.A07BoundaryTests.test_l01_invoice_code_31_refused_without_truncation_or_trim) (check='explicit_validation_refusal', boundary="L01/code31/EUR/'🙂🙂🙂🙂🙂🙂🙂🙂🙂🙂🙂🙂🙂🙂🙂🙂🙂🙂🙂🙂🙂🙂🙂🙂🙂🙂🙂🙂🙂🙂🙂'", adapter='confirm')
----------------------------------------------------------------------
Traceback (most recent call last):
  File "/workspace/scratch/c7b51e996a9f/tmp/a07_boundary_tests.py", line 140, in reject
    self.assertEqual(response.status_code, 422, response.content[:700])
AssertionError: 200 != 422 : b'{"state": "succeeded", "invoice_id": 10, "code": "\\ud83d\\ude42\\ud83d\\ude42\\ud83d\\ude42\\ud83d\\ude42\\ud83d\\ude42\\ud83d\\ude42\\ud83d\\ude42\\ud83d\\ude42\\ud83d\\ude42\\ud83d\\ude42\\ud83d\\ude42\\ud83d\\ude42\\ud83d\\ude42\\ud83d\\ude42\\ud83d\\ude42\\ud83d\\ude42\\ud83d\\ude42\\ud83d\\ude42\\ud83d\\ude42\\ud83d\\ude42\\ud83d\\ude42\\ud83d\\ude42\\ud83d\\ude42\\ud83d\\ude42\\ud83d\\ude42\\ud83d\\ude42\\ud83d\\ude42\\ud83d\\ude42\\ud83d\\ude42\\ud83d\\ude42\\ud83d\\ude42", "amount": "50.00", "erp_event_id": 10, "impact": [{"kind": "lines", "id": 12, "code": "A06-1d2a50df-SO \\u00b7 A06-1d2a50df-M", "field": "invoiced", "label": "\\u0412\\u0438\\u0441\\u0442\\u0430\\u0432\\u043b\\u0435\\u043d\\u043e \\u0432 \\u0440\\u0430\\u0445\\u0443\\u043d\\u043a\\u0430\\u0445"'

======================================================================
FAIL: test_l01_invoice_code_31_refused_without_truncation_or_trim (a07_boundary_tests.A07BoundaryTests.test_l01_invoice_code_31_refused_without_truncation_or_trim) (check='exact_zero_effect_before_harness_cleanup', boundary="L01/code31/EUR/'🙂🙂🙂🙂🙂🙂🙂🙂🙂🙂🙂🙂🙂🙂🙂🙂🙂🙂🙂🙂🙂🙂🙂🙂🙂🙂🙂🙂🙂🙂🙂'", adapter='confirm')
----------------------------------------------------------------------
Traceback (most recent call last):
  File "/workspace/scratch/c7b51e996a9f/tmp/a07_boundary_tests.py", line 143, in reject
    self.assert_same_physical(before, after, 'Refused command changed sources/history/receipt')
  File "/workspace/scratch/c7b51e996a9f/tmp/a07_boundary_tests.py", line 83, in assert_same_physical
    self.assertEqual(changed, [], message + ': ' + ', '.join(changed))
AssertionError: Lists differ: ['erp.SalesLine', 'erp.InvoiceLink', 'erp.[53 chars]sal'] != []

First list contains 5 additional elements.
First extra element 0:
'erp.SalesLine'

+ []
- ['erp.SalesLine',
-  'erp.InvoiceLink',
-  'erp.Event',
-  'operations.Invoice',
-  'operations.ActionProposal'] : Refused command changed sources/history/receipt: erp.SalesLine, erp.InvoiceLink, erp.Event, operations.Invoice, operations.ActionProposal

======================================================================
FAIL: test_l01_invoice_code_31_refused_without_truncation_or_trim (a07_boundary_tests.A07BoundaryTests.test_l01_invoice_code_31_refused_without_truncation_or_trim) (check='explicit_validation_refusal', boundary="L01/code31/EUR/'AAAAAAAAAAAAAAAAAAAAAAAAAAAAAA '", adapter='dispatch')
----------------------------------------------------------------------
Traceback (most recent call last):
  File "/workspace/scratch/c7b51e996a9f/tmp/a07_boundary_tests.py", line 136, in reject
    self.assertIsInstance(error, (ValueError, ValidationError),
AssertionError: None is not an instance of (<class 'ValueError'>, <class 'django.core.exceptions.ValidationError'>) : Expected domain validation before persistence; got None

======================================================================
FAIL: test_l01_invoice_code_31_refused_without_truncation_or_trim (a07_boundary_tests.A07BoundaryTests.test_l01_invoice_code_31_refused_without_truncation_or_trim) (check='exact_zero_effect_before_harness_cleanup', boundary="L01/code31/EUR/'AAAAAAAAAAAAAAAAAAAAAAAAAAAAAA '", adapter='dispatch')
----------------------------------------------------------------------
Traceback (most recent call last):
  File "/workspace/scratch/c7b51e996a9f/tmp/a07_boundary_tests.py", line 143, in reject
    self.assert_same_physical(before, after, 'Refused command changed sources/history/receipt')
  File "/workspace/scratch/c7b51e996a9f/tmp/a07_boundary_tests.py", line 83, in assert_same_physical
    self.assertEqual(changed, [], message + ': ' + ', '.join(changed))
AssertionError: Lists differ: ['erp.SalesLine', 'erp.InvoiceLink', 'erp.Event', 'operations.Invoice'] != []

First list contains 4 additional elements.
First extra element 0:
'erp.SalesLine'

- ['erp.SalesLine', 'erp.InvoiceLink', 'erp.Event', 'operations.Invoice']
+ [] : Refused command changed sources/history/receipt: erp.SalesLine, erp.InvoiceLink, erp.Event, operations.Invoice

======================================================================
FAIL: test_l01_invoice_code_31_refused_without_truncation_or_trim (a07_boundary_tests.A07BoundaryTests.test_l01_invoice_code_31_refused_without_truncation_or_trim) (check='explicit_validation_refusal', boundary="L01/code31/EUR/'AAAAAAAAAAAAAAAAAAAAAAAAAAAAAA '", adapter='preview')
----------------------------------------------------------------------
Traceback (most recent call last):
  File "/workspace/scratch/c7b51e996a9f/tmp/a07_boundary_tests.py", line 140, in reject
    self.assertEqual(response.status_code, 422, response.content[:700])
AssertionError: 200 != 422 : b'{"id": "8be87d05-38b0-41d3-82c7-e34f0758ad35", "payload": {"action": "erp_invoice", "order_id": 13, "code": "AAAAAAAAAAAAAAAAAAAAAAAAAAAAAA ", "due_date": "2026-10-01"}, "expires_at": "2026-09-11T21:24:36.159823+00:00", "effect": {"invoice_id": 10, "code": "AAAAAAAAAAAAAAAAAAAAAAAAAAAAAA ", "amount": "50.00"}, "impact": [{"kind": "lines", "id": 13, "code": "A06-f08c8ce4-SO \\u00b7 A06-f08c8ce4-M", "field": "invoiced", "label": "\\u0412\\u0438\\u0441\\u0442\\u0430\\u0432\\u043b\\u0435\\u043d\\u043e \\u0432 \\u0440\\u0430\\u0445\\u0443\\u043d\\u043a\\u0430\\u0445", "before": "0.000", "after": "10.000", "currency": ""}, {"kind": "invoices", "id": 10, "code": "AAAAAAAAAAAAAAAAAAAAAAAAAAAAAA ", "field": "amount", "l'

======================================================================
FAIL: test_l01_invoice_code_31_refused_without_truncation_or_trim (a07_boundary_tests.A07BoundaryTests.test_l01_invoice_code_31_refused_without_truncation_or_trim) (check='exact_zero_effect_before_harness_cleanup', boundary="L01/code31/EUR/'AAAAAAAAAAAAAAAAAAAAAAAAAAAAAA '", adapter='preview')
----------------------------------------------------------------------
Traceback (most recent call last):
  File "/workspace/scratch/c7b51e996a9f/tmp/a07_boundary_tests.py", line 143, in reject
    self.assert_same_physical(before, after, 'Refused command changed sources/history/receipt')
  File "/workspace/scratch/c7b51e996a9f/tmp/a07_boundary_tests.py", line 83, in assert_same_physical
    self.assertEqual(changed, [], message + ': ' + ', '.join(changed))
AssertionError: Lists differ: ['operations.ActionProposal'] != []

First list contains 1 additional elements.
First extra element 0:
'operations.ActionProposal'

- ['operations.ActionProposal']
+ [] : Refused command changed sources/history/receipt: operations.ActionProposal

======================================================================
FAIL: test_l01_invoice_code_31_refused_without_truncation_or_trim (a07_boundary_tests.A07BoundaryTests.test_l01_invoice_code_31_refused_without_truncation_or_trim) (check='explicit_validation_refusal', boundary="L01/code31/EUR/'AAAAAAAAAAAAAAAAAAAAAAAAAAAAAA '", adapter='confirm')
----------------------------------------------------------------------
Traceback (most recent call last):
  File "/workspace/scratch/c7b51e996a9f/tmp/a07_boundary_tests.py", line 140, in reject
    self.assertEqual(response.status_code, 422, response.content[:700])
AssertionError: 200 != 422 : b'{"state": "succeeded", "invoice_id": 10, "code": "AAAAAAAAAAAAAAAAAAAAAAAAAAAAAA ", "amount": "50.00", "erp_event_id": 10, "impact": [{"kind": "lines", "id": 13, "code": "A06-f08c8ce4-SO \\u00b7 A06-f08c8ce4-M", "field": "invoiced", "label": "\\u0412\\u0438\\u0441\\u0442\\u0430\\u0432\\u043b\\u0435\\u043d\\u043e \\u0432 \\u0440\\u0430\\u0445\\u0443\\u043d\\u043a\\u0430\\u0445", "before": "0.000", "after": "10.000", "currency": ""}, {"kind": "invoices", "id": 10, "code": "AAAAAAAAAAAAAAAAAAAAAAAAAAAAAA ", "field": "amount", "label": "\\u0421\\u0443\\u043c\\u0430 \\u0440\\u0430\\u0445\\u0443\\u043d\\u043a\\u0443", "before": null, "after": "50.00", "currency": "EUR"}, {"kind": "invoices", "id": 10, "code": "AAAAAAAAAAAAAAAAA'

======================================================================
FAIL: test_l01_invoice_code_31_refused_without_truncation_or_trim (a07_boundary_tests.A07BoundaryTests.test_l01_invoice_code_31_refused_without_truncation_or_trim) (check='exact_zero_effect_before_harness_cleanup', boundary="L01/code31/EUR/'AAAAAAAAAAAAAAAAAAAAAAAAAAAAAA '", adapter='confirm')
----------------------------------------------------------------------
Traceback (most recent call last):
  File "/workspace/scratch/c7b51e996a9f/tmp/a07_boundary_tests.py", line 143, in reject
    self.assert_same_physical(before, after, 'Refused command changed sources/history/receipt')
  File "/workspace/scratch/c7b51e996a9f/tmp/a07_boundary_tests.py", line 83, in assert_same_physical
    self.assertEqual(changed, [], message + ': ' + ', '.join(changed))
AssertionError: Lists differ: ['erp.SalesLine', 'erp.InvoiceLink', 'erp.[53 chars]sal'] != []

First list contains 5 additional elements.
First extra element 0:
'erp.SalesLine'

+ []
- ['erp.SalesLine',
-  'erp.InvoiceLink',
-  'erp.Event',
-  'operations.Invoice',
-  'operations.ActionProposal'] : Refused command changed sources/history/receipt: erp.SalesLine, erp.InvoiceLink, erp.Event, operations.Invoice, operations.ActionProposal

======================================================================
FAIL: test_l01_invoice_code_31_refused_without_truncation_or_trim (a07_boundary_tests.A07BoundaryTests.test_l01_invoice_code_31_refused_without_truncation_or_trim) (check='explicit_validation_refusal', boundary="L01/code31/USD/'AAAAAAAAAAAAAAAAAAAAAAAAAAAAAAA'", adapter='dispatch')
----------------------------------------------------------------------
Traceback (most recent call last):
  File "/workspace/scratch/c7b51e996a9f/tmp/a07_boundary_tests.py", line 136, in reject
    self.assertIsInstance(error, (ValueError, ValidationError),
AssertionError: None is not an instance of (<class 'ValueError'>, <class 'django.core.exceptions.ValidationError'>) : Expected domain validation before persistence; got None

======================================================================
FAIL: test_l01_invoice_code_31_refused_without_truncation_or_trim (a07_boundary_tests.A07BoundaryTests.test_l01_invoice_code_31_refused_without_truncation_or_trim) (check='exact_zero_effect_before_harness_cleanup', boundary="L01/code31/USD/'AAAAAAAAAAAAAAAAAAAAAAAAAAAAAAA'", adapter='dispatch')
----------------------------------------------------------------------
Traceback (most recent call last):
  File "/workspace/scratch/c7b51e996a9f/tmp/a07_boundary_tests.py", line 143, in reject
    self.assert_same_physical(before, after, 'Refused command changed sources/history/receipt')
  File "/workspace/scratch/c7b51e996a9f/tmp/a07_boundary_tests.py", line 83, in assert_same_physical
    self.assertEqual(changed, [], message + ': ' + ', '.join(changed))
AssertionError: Lists differ: ['erp.SalesLine', 'erp.InvoiceLink', 'erp.Event', 'operations.Invoice'] != []

First list contains 4 additional elements.
First extra element 0:
'erp.SalesLine'

- ['erp.SalesLine', 'erp.InvoiceLink', 'erp.Event', 'operations.Invoice']
+ [] : Refused command changed sources/history/receipt: erp.SalesLine, erp.InvoiceLink, erp.Event, operations.Invoice

======================================================================
FAIL: test_l01_invoice_code_31_refused_without_truncation_or_trim (a07_boundary_tests.A07BoundaryTests.test_l01_invoice_code_31_refused_without_truncation_or_trim) (check='explicit_validation_refusal', boundary="L01/code31/USD/'AAAAAAAAAAAAAAAAAAAAAAAAAAAAAAA'", adapter='preview')
----------------------------------------------------------------------
Traceback (most recent call last):
  File "/workspace/scratch/c7b51e996a9f/tmp/a07_boundary_tests.py", line 140, in reject
    self.assertEqual(response.status_code, 422, response.content[:700])
AssertionError: 200 != 422 : b'{"id": "088d32f4-9c02-4674-80f4-5f99ecfe30c9", "payload": {"action": "erp_invoice", "order_id": 14, "code": "AAAAAAAAAAAAAAAAAAAAAAAAAAAAAAA", "due_date": "2026-10-01"}, "expires_at": "2026-09-11T21:24:36.311121+00:00", "effect": {"invoice_id": 10, "code": "AAAAAAAAAAAAAAAAAAAAAAAAAAAAAAA", "amount": "50.00"}, "impact": [{"kind": "lines", "id": 14, "code": "A06-33afbc83-SO \\u00b7 A06-33afbc83-M", "field": "invoiced", "label": "\\u0412\\u0438\\u0441\\u0442\\u0430\\u0432\\u043b\\u0435\\u043d\\u043e \\u0432 \\u0440\\u0430\\u0445\\u0443\\u043d\\u043a\\u0430\\u0445", "before": "0.000", "after": "10.000", "currency": ""}, {"kind": "invoices", "id": 10, "code": "AAAAAAAAAAAAAAAAAAAAAAAAAAAAAAA", "field": "amount", "l'

======================================================================
FAIL: test_l01_invoice_code_31_refused_without_truncation_or_trim (a07_boundary_tests.A07BoundaryTests.test_l01_invoice_code_31_refused_without_truncation_or_trim) (check='exact_zero_effect_before_harness_cleanup', boundary="L01/code31/USD/'AAAAAAAAAAAAAAAAAAAAAAAAAAAAAAA'", adapter='preview')
----------------------------------------------------------------------
Traceback (most recent call last):
  File "/workspace/scratch/c7b51e996a9f/tmp/a07_boundary_tests.py", line 143, in reject
    self.assert_same_physical(before, after, 'Refused command changed sources/history/receipt')
  File "/workspace/scratch/c7b51e996a9f/tmp/a07_boundary_tests.py", line 83, in assert_same_physical
    self.assertEqual(changed, [], message + ': ' + ', '.join(changed))
AssertionError: Lists differ: ['operations.ActionProposal'] != []

First list contains 1 additional elements.
First extra element 0:
'operations.ActionProposal'

- ['operations.ActionProposal']
+ [] : Refused command changed sources/history/receipt: operations.ActionProposal

======================================================================
FAIL: test_l01_invoice_code_31_refused_without_truncation_or_trim (a07_boundary_tests.A07BoundaryTests.test_l01_invoice_code_31_refused_without_truncation_or_trim) (check='explicit_validation_refusal', boundary="L01/code31/USD/'AAAAAAAAAAAAAAAAAAAAAAAAAAAAAAA'", adapter='confirm')
----------------------------------------------------------------------
Traceback (most recent call last):
  File "/workspace/scratch/c7b51e996a9f/tmp/a07_boundary_tests.py", line 140, in reject
    self.assertEqual(response.status_code, 422, response.content[:700])
AssertionError: 200 != 422 : b'{"state": "succeeded", "invoice_id": 10, "code": "AAAAAAAAAAAAAAAAAAAAAAAAAAAAAAA", "amount": "50.00", "erp_event_id": 10, "impact": [{"kind": "lines", "id": 14, "code": "A06-33afbc83-SO \\u00b7 A06-33afbc83-M", "field": "invoiced", "label": "\\u0412\\u0438\\u0441\\u0442\\u0430\\u0432\\u043b\\u0435\\u043d\\u043e \\u0432 \\u0440\\u0430\\u0445\\u0443\\u043d\\u043a\\u0430\\u0445", "before": "0.000", "after": "10.000", "currency": ""}, {"kind": "invoices", "id": 10, "code": "AAAAAAAAAAAAAAAAAAAAAAAAAAAAAAA", "field": "amount", "label": "\\u0421\\u0443\\u043c\\u0430 \\u0440\\u0430\\u0445\\u0443\\u043d\\u043a\\u0443", "before": null, "after": "50.00", "currency": "USD"}, {"kind": "invoices", "id": 10, "code": "AAAAAAAAAAAAAAAAA'

======================================================================
FAIL: test_l01_invoice_code_31_refused_without_truncation_or_trim (a07_boundary_tests.A07BoundaryTests.test_l01_invoice_code_31_refused_without_truncation_or_trim) (check='exact_zero_effect_before_harness_cleanup', boundary="L01/code31/USD/'AAAAAAAAAAAAAAAAAAAAAAAAAAAAAAA'", adapter='confirm')
----------------------------------------------------------------------
Traceback (most recent call last):
  File "/workspace/scratch/c7b51e996a9f/tmp/a07_boundary_tests.py", line 143, in reject
    self.assert_same_physical(before, after, 'Refused command changed sources/history/receipt')
  File "/workspace/scratch/c7b51e996a9f/tmp/a07_boundary_tests.py", line 83, in assert_same_physical
    self.assertEqual(changed, [], message + ': ' + ', '.join(changed))
AssertionError: Lists differ: ['erp.SalesLine', 'erp.InvoiceLink', 'erp.[53 chars]sal'] != []

First list contains 5 additional elements.
First extra element 0:
'erp.SalesLine'

+ []
- ['erp.SalesLine',
-  'erp.InvoiceLink',
-  'erp.Event',
-  'operations.Invoice',
-  'operations.ActionProposal'] : Refused command changed sources/history/receipt: erp.SalesLine, erp.InvoiceLink, erp.Event, operations.Invoice, operations.ActionProposal

======================================================================
FAIL: test_l01_invoice_code_31_refused_without_truncation_or_trim (a07_boundary_tests.A07BoundaryTests.test_l01_invoice_code_31_refused_without_truncation_or_trim) (check='explicit_validation_refusal', boundary="L01/code31/USD/'ЇЇЇЇЇЇЇЇЇЇЇЇЇЇЇЇЇЇЇЇЇЇЇЇЇЇЇЇЇЇЇ'", adapter='dispatch')
----------------------------------------------------------------------
Traceback (most recent call last):
  File "/workspace/scratch/c7b51e996a9f/tmp/a07_boundary_tests.py", line 136, in reject
    self.assertIsInstance(error, (ValueError, ValidationError),
AssertionError: None is not an instance of (<class 'ValueError'>, <class 'django.core.exceptions.ValidationError'>) : Expected domain validation before persistence; got None

======================================================================
FAIL: test_l01_invoice_code_31_refused_without_truncation_or_trim (a07_boundary_tests.A07BoundaryTests.test_l01_invoice_code_31_refused_without_truncation_or_trim) (check='exact_zero_effect_before_harness_cleanup', boundary="L01/code31/USD/'ЇЇЇЇЇЇЇЇЇЇЇЇЇЇЇЇЇЇЇЇЇЇЇЇЇЇЇЇЇЇЇ'", adapter='dispatch')
----------------------------------------------------------------------
Traceback (most recent call last):
  File "/workspace/scratch/c7b51e996a9f/tmp/a07_boundary_tests.py", line 143, in reject
    self.assert_same_physical(before, after, 'Refused command changed sources/history/receipt')
  File "/workspace/scratch/c7b51e996a9f/tmp/a07_boundary_tests.py", line 83, in assert_same_physical
    self.assertEqual(changed, [], message + ': ' + ', '.join(changed))
AssertionError: Lists differ: ['erp.SalesLine', 'erp.InvoiceLink', 'erp.Event', 'operations.Invoice'] != []

First list contains 4 additional elements.
First extra element 0:
'erp.SalesLine'

- ['erp.SalesLine', 'erp.InvoiceLink', 'erp.Event', 'operations.Invoice']
+ [] : Refused command changed sources/history/receipt: erp.SalesLine, erp.InvoiceLink, erp.Event, operations.Invoice

======================================================================
FAIL: test_l01_invoice_code_31_refused_without_truncation_or_trim (a07_boundary_tests.A07BoundaryTests.test_l01_invoice_code_31_refused_without_truncation_or_trim) (check='explicit_validation_refusal', boundary="L01/code31/USD/'ЇЇЇЇЇЇЇЇЇЇЇЇЇЇЇЇЇЇЇЇЇЇЇЇЇЇЇЇЇЇЇ'", adapter='preview')
----------------------------------------------------------------------
Traceback (most recent call last):
  File "/workspace/scratch/c7b51e996a9f/tmp/a07_boundary_tests.py", line 140, in reject
    self.assertEqual(response.status_code, 422, response.content[:700])
AssertionError: 200 != 422 : b'{"id": "cf2e2407-9812-4dca-b26e-827799c09a29", "payload": {"action": "erp_invoice", "order_id": 15, "code": "\\u0407\\u0407\\u0407\\u0407\\u0407\\u0407\\u0407\\u0407\\u0407\\u0407\\u0407\\u0407\\u0407\\u0407\\u0407\\u0407\\u0407\\u0407\\u0407\\u0407\\u0407\\u0407\\u0407\\u0407\\u0407\\u0407\\u0407\\u0407\\u0407\\u0407\\u0407", "due_date": "2026-10-01"}, "expires_at": "2026-09-11T21:24:36.485473+00:00", "effect": {"invoice_id": 10, "code": "\\u0407\\u0407\\u0407\\u0407\\u0407\\u0407\\u0407\\u0407\\u0407\\u0407\\u0407\\u0407\\u0407\\u0407\\u0407\\u0407\\u0407\\u0407\\u0407\\u0407\\u0407\\u0407\\u0407\\u0407\\u0407\\u0407\\u0407\\u0407\\u0407\\u0407\\u0407", "amount": "50.00"}, "impact": [{"kind": "lines", "id": 15, "code": "A06-b3f1764c-SO \\u00b7 A06-b3f'

======================================================================
FAIL: test_l01_invoice_code_31_refused_without_truncation_or_trim (a07_boundary_tests.A07BoundaryTests.test_l01_invoice_code_31_refused_without_truncation_or_trim) (check='exact_zero_effect_before_harness_cleanup', boundary="L01/code31/USD/'ЇЇЇЇЇЇЇЇЇЇЇЇЇЇЇЇЇЇЇЇЇЇЇЇЇЇЇЇЇЇЇ'", adapter='preview')
----------------------------------------------------------------------
Traceback (most recent call last):
  File "/workspace/scratch/c7b51e996a9f/tmp/a07_boundary_tests.py", line 143, in reject
    self.assert_same_physical(before, after, 'Refused command changed sources/history/receipt')
  File "/workspace/scratch/c7b51e996a9f/tmp/a07_boundary_tests.py", line 83, in assert_same_physical
    self.assertEqual(changed, [], message + ': ' + ', '.join(changed))
AssertionError: Lists differ: ['operations.ActionProposal'] != []

First list contains 1 additional elements.
First extra element 0:
'operations.ActionProposal'

- ['operations.ActionProposal']
+ [] : Refused command changed sources/history/receipt: operations.ActionProposal

======================================================================
FAIL: test_l01_invoice_code_31_refused_without_truncation_or_trim (a07_boundary_tests.A07BoundaryTests.test_l01_invoice_code_31_refused_without_truncation_or_trim) (check='explicit_validation_refusal', boundary="L01/code31/USD/'ЇЇЇЇЇЇЇЇЇЇЇЇЇЇЇЇЇЇЇЇЇЇЇЇЇЇЇЇЇЇЇ'", adapter='confirm')
----------------------------------------------------------------------
Traceback (most recent call last):
  File "/workspace/scratch/c7b51e996a9f/tmp/a07_boundary_tests.py", line 140, in reject
    self.assertEqual(response.status_code, 422, response.content[:700])
AssertionError: 200 != 422 : b'{"state": "succeeded", "invoice_id": 10, "code": "\\u0407\\u0407\\u0407\\u0407\\u0407\\u0407\\u0407\\u0407\\u0407\\u0407\\u0407\\u0407\\u0407\\u0407\\u0407\\u0407\\u0407\\u0407\\u0407\\u0407\\u0407\\u0407\\u0407\\u0407\\u0407\\u0407\\u0407\\u0407\\u0407\\u0407\\u0407", "amount": "50.00", "erp_event_id": 10, "impact": [{"kind": "lines", "id": 15, "code": "A06-b3f1764c-SO \\u00b7 A06-b3f1764c-M", "field": "invoiced", "label": "\\u0412\\u0438\\u0441\\u0442\\u0430\\u0432\\u043b\\u0435\\u043d\\u043e \\u0432 \\u0440\\u0430\\u0445\\u0443\\u043d\\u043a\\u0430\\u0445", "before": "0.000", "after": "10.000", "currency": ""}, {"kind": "invoices", "id": 10, "code": "\\u0407\\u0407\\u0407\\u0407\\u0407\\u0407\\u0407\\u0407\\u0407\\u0407\\u0407\\u0407\\u0407\\u0407\\u040'

======================================================================
FAIL: test_l01_invoice_code_31_refused_without_truncation_or_trim (a07_boundary_tests.A07BoundaryTests.test_l01_invoice_code_31_refused_without_truncation_or_trim) (check='exact_zero_effect_before_harness_cleanup', boundary="L01/code31/USD/'ЇЇЇЇЇЇЇЇЇЇЇЇЇЇЇЇЇЇЇЇЇЇЇЇЇЇЇЇЇЇЇ'", adapter='confirm')
----------------------------------------------------------------------
Traceback (most recent call last):
  File "/workspace/scratch/c7b51e996a9f/tmp/a07_boundary_tests.py", line 143, in reject
    self.assert_same_physical(before, after, 'Refused command changed sources/history/receipt')
  File "/workspace/scratch/c7b51e996a9f/tmp/a07_boundary_tests.py", line 83, in assert_same_physical
    self.assertEqual(changed, [], message + ': ' + ', '.join(changed))
AssertionError: Lists differ: ['erp.SalesLine', 'erp.InvoiceLink', 'erp.[53 chars]sal'] != []

First list contains 5 additional elements.
First extra element 0:
'erp.SalesLine'

+ []
- ['erp.SalesLine',
-  'erp.InvoiceLink',
-  'erp.Event',
-  'operations.Invoice',
-  'operations.ActionProposal'] : Refused command changed sources/history/receipt: erp.SalesLine, erp.InvoiceLink, erp.Event, operations.Invoice, operations.ActionProposal

======================================================================
FAIL: test_l01_invoice_code_31_refused_without_truncation_or_trim (a07_boundary_tests.A07BoundaryTests.test_l01_invoice_code_31_refused_without_truncation_or_trim) (check='explicit_validation_refusal', boundary="L01/code31/USD/'🙂🙂🙂🙂🙂🙂🙂🙂🙂🙂🙂🙂🙂🙂🙂🙂🙂🙂🙂🙂🙂🙂🙂🙂🙂🙂🙂🙂🙂🙂🙂'", adapter='dispatch')
----------------------------------------------------------------------
Traceback (most recent call last):
  File "/workspace/scratch/c7b51e996a9f/tmp/a07_boundary_tests.py", line 136, in reject
    self.assertIsInstance(error, (ValueError, ValidationError),
AssertionError: None is not an instance of (<class 'ValueError'>, <class 'django.core.exceptions.ValidationError'>) : Expected domain validation before persistence; got None

======================================================================
FAIL: test_l01_invoice_code_31_refused_without_truncation_or_trim (a07_boundary_tests.A07BoundaryTests.test_l01_invoice_code_31_refused_without_truncation_or_trim) (check='exact_zero_effect_before_harness_cleanup', boundary="L01/code31/USD/'🙂🙂🙂🙂🙂🙂🙂🙂🙂🙂🙂🙂🙂🙂🙂🙂🙂🙂🙂🙂🙂🙂🙂🙂🙂🙂🙂🙂🙂🙂🙂'", adapter='dispatch')
----------------------------------------------------------------------
Traceback (most recent call last):
  File "/workspace/scratch/c7b51e996a9f/tmp/a07_boundary_tests.py", line 143, in reject
    self.assert_same_physical(before, after, 'Refused command changed sources/history/receipt')
  File "/workspace/scratch/c7b51e996a9f/tmp/a07_boundary_tests.py", line 83, in assert_same_physical
    self.assertEqual(changed, [], message + ': ' + ', '.join(changed))
AssertionError: Lists differ: ['erp.SalesLine', 'erp.InvoiceLink', 'erp.Event', 'operations.Invoice'] != []

First list contains 4 additional elements.
First extra element 0:
'erp.SalesLine'

- ['erp.SalesLine', 'erp.InvoiceLink', 'erp.Event', 'operations.Invoice']
+ [] : Refused command changed sources/history/receipt: erp.SalesLine, erp.InvoiceLink, erp.Event, operations.Invoice

======================================================================
FAIL: test_l01_invoice_code_31_refused_without_truncation_or_trim (a07_boundary_tests.A07BoundaryTests.test_l01_invoice_code_31_refused_without_truncation_or_trim) (check='explicit_validation_refusal', boundary="L01/code31/USD/'🙂🙂🙂🙂🙂🙂🙂🙂🙂🙂🙂🙂🙂🙂🙂🙂🙂🙂🙂🙂🙂🙂🙂🙂🙂🙂🙂🙂🙂🙂🙂'", adapter='preview')
----------------------------------------------------------------------
Traceback (most recent call last):
  File "/workspace/scratch/c7b51e996a9f/tmp/a07_boundary_tests.py", line 140, in reject
    self.assertEqual(response.status_code, 422, response.content[:700])
AssertionError: 200 != 422 : b'{"id": "fc4bb0f4-4ee8-4a7a-85b2-4f0c6119dd70", "payload": {"action": "erp_invoice", "order_id": 16, "code": "\\ud83d\\ude42\\ud83d\\ude42\\ud83d\\ude42\\ud83d\\ude42\\ud83d\\ude42\\ud83d\\ude42\\ud83d\\ude42\\ud83d\\ude42\\ud83d\\ude42\\ud83d\\ude42\\ud83d\\ude42\\ud83d\\ude42\\ud83d\\ude42\\ud83d\\ude42\\ud83d\\ude42\\ud83d\\ude42\\ud83d\\ude42\\ud83d\\ude42\\ud83d\\ude42\\ud83d\\ude42\\ud83d\\ude42\\ud83d\\ude42\\ud83d\\ude42\\ud83d\\ude42\\ud83d\\ude42\\ud83d\\ude42\\ud83d\\ude42\\ud83d\\ude42\\ud83d\\ude42\\ud83d\\ude42\\ud83d\\ude42", "due_date": "2026-10-01"}, "expires_at": "2026-09-11T21:24:36.679918+00:00", "effect": {"invoice_id": 10, "code": "\\ud83d\\ude42\\ud83d\\ude42\\ud83d\\ude42\\ud83d\\ude42\\ud83d\\ude42\\ud83d\\ude42\\ud83d\\ude42\\ud83d\\ude42\\ud83'

======================================================================
FAIL: test_l01_invoice_code_31_refused_without_truncation_or_trim (a07_boundary_tests.A07BoundaryTests.test_l01_invoice_code_31_refused_without_truncation_or_trim) (check='exact_zero_effect_before_harness_cleanup', boundary="L01/code31/USD/'🙂🙂🙂🙂🙂🙂🙂🙂🙂🙂🙂🙂🙂🙂🙂🙂🙂🙂🙂🙂🙂🙂🙂🙂🙂🙂🙂🙂🙂🙂🙂'", adapter='preview')
----------------------------------------------------------------------
Traceback (most recent call last):
  File "/workspace/scratch/c7b51e996a9f/tmp/a07_boundary_tests.py", line 143, in reject
    self.assert_same_physical(before, after, 'Refused command changed sources/history/receipt')
  File "/workspace/scratch/c7b51e996a9f/tmp/a07_boundary_tests.py", line 83, in assert_same_physical
    self.assertEqual(changed, [], message + ': ' + ', '.join(changed))
AssertionError: Lists differ: ['operations.ActionProposal'] != []

First list contains 1 additional elements.
First extra element 0:
'operations.ActionProposal'

- ['operations.ActionProposal']
+ [] : Refused command changed sources/history/receipt: operations.ActionProposal

======================================================================
FAIL: test_l01_invoice_code_31_refused_without_truncation_or_trim (a07_boundary_tests.A07BoundaryTests.test_l01_invoice_code_31_refused_without_truncation_or_trim) (check='explicit_validation_refusal', boundary="L01/code31/USD/'🙂🙂🙂🙂🙂🙂🙂🙂🙂🙂🙂🙂🙂🙂🙂🙂🙂🙂🙂🙂🙂🙂🙂🙂🙂🙂🙂🙂🙂🙂🙂'", adapter='confirm')
----------------------------------------------------------------------
Traceback (most recent call last):
  File "/workspace/scratch/c7b51e996a9f/tmp/a07_boundary_tests.py", line 140, in reject
    self.assertEqual(response.status_code, 422, response.content[:700])
AssertionError: 200 != 422 : b'{"state": "succeeded", "invoice_id": 10, "code": "\\ud83d\\ude42\\ud83d\\ude42\\ud83d\\ude42\\ud83d\\ude42\\ud83d\\ude42\\ud83d\\ude42\\ud83d\\ude42\\ud83d\\ude42\\ud83d\\ude42\\ud83d\\ude42\\ud83d\\ude42\\ud83d\\ude42\\ud83d\\ude42\\ud83d\\ude42\\ud83d\\ude42\\ud83d\\ude42\\ud83d\\ude42\\ud83d\\ude42\\ud83d\\ude42\\ud83d\\ude42\\ud83d\\ude42\\ud83d\\ude42\\ud83d\\ude42\\ud83d\\ude42\\ud83d\\ude42\\ud83d\\ude42\\ud83d\\ude42\\ud83d\\ude42\\ud83d\\ude42\\ud83d\\ude42\\ud83d\\ude42", "amount": "50.00", "erp_event_id": 10, "impact": [{"kind": "lines", "id": 16, "code": "A06-1ed9bfd8-SO \\u00b7 A06-1ed9bfd8-M", "field": "invoiced", "label": "\\u0412\\u0438\\u0441\\u0442\\u0430\\u0432\\u043b\\u0435\\u043d\\u043e \\u0432 \\u0440\\u0430\\u0445\\u0443\\u043d\\u043a\\u0430\\u0445"'

======================================================================
FAIL: test_l01_invoice_code_31_refused_without_truncation_or_trim (a07_boundary_tests.A07BoundaryTests.test_l01_invoice_code_31_refused_without_truncation_or_trim) (check='exact_zero_effect_before_harness_cleanup', boundary="L01/code31/USD/'🙂🙂🙂🙂🙂🙂🙂🙂🙂🙂🙂🙂🙂🙂🙂🙂🙂🙂🙂🙂🙂🙂🙂🙂🙂🙂🙂🙂🙂🙂🙂'", adapter='confirm')
----------------------------------------------------------------------
Traceback (most recent call last):
  File "/workspace/scratch/c7b51e996a9f/tmp/a07_boundary_tests.py", line 143, in reject
    self.assert_same_physical(before, after, 'Refused command changed sources/history/receipt')
  File "/workspace/scratch/c7b51e996a9f/tmp/a07_boundary_tests.py", line 83, in assert_same_physical
    self.assertEqual(changed, [], message + ': ' + ', '.join(changed))
AssertionError: Lists differ: ['erp.SalesLine', 'erp.InvoiceLink', 'erp.[53 chars]sal'] != []

First list contains 5 additional elements.
First extra element 0:
'erp.SalesLine'

+ []
- ['erp.SalesLine',
-  'erp.InvoiceLink',
-  'erp.Event',
-  'operations.Invoice',
-  'operations.ActionProposal'] : Refused command changed sources/history/receipt: erp.SalesLine, erp.InvoiceLink, erp.Event, operations.Invoice, operations.ActionProposal

======================================================================
FAIL: test_l01_invoice_code_31_refused_without_truncation_or_trim (a07_boundary_tests.A07BoundaryTests.test_l01_invoice_code_31_refused_without_truncation_or_trim) (check='explicit_validation_refusal', boundary="L01/code31/USD/'AAAAAAAAAAAAAAAAAAAAAAAAAAAAAA '", adapter='dispatch')
----------------------------------------------------------------------
Traceback (most recent call last):
  File "/workspace/scratch/c7b51e996a9f/tmp/a07_boundary_tests.py", line 136, in reject
    self.assertIsInstance(error, (ValueError, ValidationError),
AssertionError: None is not an instance of (<class 'ValueError'>, <class 'django.core.exceptions.ValidationError'>) : Expected domain validation before persistence; got None

======================================================================
FAIL: test_l01_invoice_code_31_refused_without_truncation_or_trim (a07_boundary_tests.A07BoundaryTests.test_l01_invoice_code_31_refused_without_truncation_or_trim) (check='exact_zero_effect_before_harness_cleanup', boundary="L01/code31/USD/'AAAAAAAAAAAAAAAAAAAAAAAAAAAAAA '", adapter='dispatch')
----------------------------------------------------------------------
Traceback (most recent call last):
  File "/workspace/scratch/c7b51e996a9f/tmp/a07_boundary_tests.py", line 143, in reject
    self.assert_same_physical(before, after, 'Refused command changed sources/history/receipt')
  File "/workspace/scratch/c7b51e996a9f/tmp/a07_boundary_tests.py", line 83, in assert_same_physical
    self.assertEqual(changed, [], message + ': ' + ', '.join(changed))
AssertionError: Lists differ: ['erp.SalesLine', 'erp.InvoiceLink', 'erp.Event', 'operations.Invoice'] != []

First list contains 4 additional elements.
First extra element 0:
'erp.SalesLine'

- ['erp.SalesLine', 'erp.InvoiceLink', 'erp.Event', 'operations.Invoice']
+ [] : Refused command changed sources/history/receipt: erp.SalesLine, erp.InvoiceLink, erp.Event, operations.Invoice

======================================================================
FAIL: test_l01_invoice_code_31_refused_without_truncation_or_trim (a07_boundary_tests.A07BoundaryTests.test_l01_invoice_code_31_refused_without_truncation_or_trim) (check='explicit_validation_refusal', boundary="L01/code31/USD/'AAAAAAAAAAAAAAAAAAAAAAAAAAAAAA '", adapter='preview')
----------------------------------------------------------------------
Traceback (most recent call last):
  File "/workspace/scratch/c7b51e996a9f/tmp/a07_boundary_tests.py", line 140, in reject
    self.assertEqual(response.status_code, 422, response.content[:700])
AssertionError: 200 != 422 : b'{"id": "eca20788-ea6d-443c-8966-36c711c5a696", "payload": {"action": "erp_invoice", "order_id": 17, "code": "AAAAAAAAAAAAAAAAAAAAAAAAAAAAAA ", "due_date": "2026-10-01"}, "expires_at": "2026-09-11T21:24:36.892079+00:00", "effect": {"invoice_id": 10, "code": "AAAAAAAAAAAAAAAAAAAAAAAAAAAAAA ", "amount": "50.00"}, "impact": [{"kind": "lines", "id": 17, "code": "A06-97de3ade-SO \\u00b7 A06-97de3ade-M", "field": "invoiced", "label": "\\u0412\\u0438\\u0441\\u0442\\u0430\\u0432\\u043b\\u0435\\u043d\\u043e \\u0432 \\u0440\\u0430\\u0445\\u0443\\u043d\\u043a\\u0430\\u0445", "before": "0.000", "after": "10.000", "currency": ""}, {"kind": "invoices", "id": 10, "code": "AAAAAAAAAAAAAAAAAAAAAAAAAAAAAA ", "field": "amount", "l'

======================================================================
FAIL: test_l01_invoice_code_31_refused_without_truncation_or_trim (a07_boundary_tests.A07BoundaryTests.test_l01_invoice_code_31_refused_without_truncation_or_trim) (check='exact_zero_effect_before_harness_cleanup', boundary="L01/code31/USD/'AAAAAAAAAAAAAAAAAAAAAAAAAAAAAA '", adapter='preview')
----------------------------------------------------------------------
Traceback (most recent call last):
  File "/workspace/scratch/c7b51e996a9f/tmp/a07_boundary_tests.py", line 143, in reject
    self.assert_same_physical(before, after, 'Refused command changed sources/history/receipt')
  File "/workspace/scratch/c7b51e996a9f/tmp/a07_boundary_tests.py", line 83, in assert_same_physical
    self.assertEqual(changed, [], message + ': ' + ', '.join(changed))
AssertionError: Lists differ: ['operations.ActionProposal'] != []

First list contains 1 additional elements.
First extra element 0:
'operations.ActionProposal'

- ['operations.ActionProposal']
+ [] : Refused command changed sources/history/receipt: operations.ActionProposal

======================================================================
FAIL: test_l01_invoice_code_31_refused_without_truncation_or_trim (a07_boundary_tests.A07BoundaryTests.test_l01_invoice_code_31_refused_without_truncation_or_trim) (check='explicit_validation_refusal', boundary="L01/code31/USD/'AAAAAAAAAAAAAAAAAAAAAAAAAAAAAA '", adapter='confirm')
----------------------------------------------------------------------
Traceback (most recent call last):
  File "/workspace/scratch/c7b51e996a9f/tmp/a07_boundary_tests.py", line 140, in reject
    self.assertEqual(response.status_code, 422, response.content[:700])
AssertionError: 200 != 422 : b'{"state": "succeeded", "invoice_id": 10, "code": "AAAAAAAAAAAAAAAAAAAAAAAAAAAAAA ", "amount": "50.00", "erp_event_id": 10, "impact": [{"kind": "lines", "id": 17, "code": "A06-97de3ade-SO \\u00b7 A06-97de3ade-M", "field": "invoiced", "label": "\\u0412\\u0438\\u0441\\u0442\\u0430\\u0432\\u043b\\u0435\\u043d\\u043e \\u0432 \\u0440\\u0430\\u0445\\u0443\\u043d\\u043a\\u0430\\u0445", "before": "0.000", "after": "10.000", "currency": ""}, {"kind": "invoices", "id": 10, "code": "AAAAAAAAAAAAAAAAAAAAAAAAAAAAAA ", "field": "amount", "label": "\\u0421\\u0443\\u043c\\u0430 \\u0440\\u0430\\u0445\\u0443\\u043d\\u043a\\u0443", "before": null, "after": "50.00", "currency": "USD"}, {"kind": "invoices", "id": 10, "code": "AAAAAAAAAAAAAAAAA'

======================================================================
FAIL: test_l01_invoice_code_31_refused_without_truncation_or_trim (a07_boundary_tests.A07BoundaryTests.test_l01_invoice_code_31_refused_without_truncation_or_trim) (check='exact_zero_effect_before_harness_cleanup', boundary="L01/code31/USD/'AAAAAAAAAAAAAAAAAAAAAAAAAAAAAA '", adapter='confirm')
----------------------------------------------------------------------
Traceback (most recent call last):
  File "/workspace/scratch/c7b51e996a9f/tmp/a07_boundary_tests.py", line 143, in reject
    self.assert_same_physical(before, after, 'Refused command changed sources/history/receipt')
  File "/workspace/scratch/c7b51e996a9f/tmp/a07_boundary_tests.py", line 83, in assert_same_physical
    self.assertEqual(changed, [], message + ': ' + ', '.join(changed))
AssertionError: Lists differ: ['erp.SalesLine', 'erp.InvoiceLink', 'erp.[53 chars]sal'] != []

First list contains 5 additional elements.
First extra element 0:
'erp.SalesLine'

+ []
- ['erp.SalesLine',
-  'erp.InvoiceLink',
-  'erp.Event',
-  'operations.Invoice',
-  'operations.ActionProposal'] : Refused command changed sources/history/receipt: erp.SalesLine, erp.InvoiceLink, erp.Event, operations.Invoice, operations.ActionProposal

======================================================================
FAIL: test_l01_invoice_code_31_refused_without_truncation_or_trim (a07_boundary_tests.A07BoundaryTests.test_l01_invoice_code_31_refused_without_truncation_or_trim) (check='explicit_validation_refusal', boundary="L01/code31/UAH/'AAAAAAAAAAAAAAAAAAAAAAAAAAAAAAA'", adapter='dispatch')
----------------------------------------------------------------------
Traceback (most recent call last):
  File "/workspace/scratch/c7b51e996a9f/tmp/a07_boundary_tests.py", line 136, in reject
    self.assertIsInstance(error, (ValueError, ValidationError),
AssertionError: None is not an instance of (<class 'ValueError'>, <class 'django.core.exceptions.ValidationError'>) : Expected domain validation before persistence; got None

======================================================================
FAIL: test_l01_invoice_code_31_refused_without_truncation_or_trim (a07_boundary_tests.A07BoundaryTests.test_l01_invoice_code_31_refused_without_truncation_or_trim) (check='exact_zero_effect_before_harness_cleanup', boundary="L01/code31/UAH/'AAAAAAAAAAAAAAAAAAAAAAAAAAAAAAA'", adapter='dispatch')
----------------------------------------------------------------------
Traceback (most recent call last):
  File "/workspace/scratch/c7b51e996a9f/tmp/a07_boundary_tests.py", line 143, in reject
    self.assert_same_physical(before, after, 'Refused command changed sources/history/receipt')
  File "/workspace/scratch/c7b51e996a9f/tmp/a07_boundary_tests.py", line 83, in assert_same_physical
    self.assertEqual(changed, [], message + ': ' + ', '.join(changed))
AssertionError: Lists differ: ['erp.SalesLine', 'erp.InvoiceLink', 'erp.Event', 'operations.Invoice'] != []

First list contains 4 additional elements.
First extra element 0:
'erp.SalesLine'

- ['erp.SalesLine', 'erp.InvoiceLink', 'erp.Event', 'operations.Invoice']
+ [] : Refused command changed sources/history/receipt: erp.SalesLine, erp.InvoiceLink, erp.Event, operations.Invoice

======================================================================
FAIL: test_l01_invoice_code_31_refused_without_truncation_or_trim (a07_boundary_tests.A07BoundaryTests.test_l01_invoice_code_31_refused_without_truncation_or_trim) (check='explicit_validation_refusal', boundary="L01/code31/UAH/'AAAAAAAAAAAAAAAAAAAAAAAAAAAAAAA'", adapter='preview')
----------------------------------------------------------------------
Traceback (most recent call last):
  File "/workspace/scratch/c7b51e996a9f/tmp/a07_boundary_tests.py", line 140, in reject
    self.assertEqual(response.status_code, 422, response.content[:700])
AssertionError: 200 != 422 : b'{"id": "e2746d1e-b77a-4011-aeed-2d975ff1e358", "payload": {"action": "erp_invoice", "order_id": 18, "code": "AAAAAAAAAAAAAAAAAAAAAAAAAAAAAAA", "due_date": "2026-10-01"}, "expires_at": "2026-09-11T21:24:37.118026+00:00", "effect": {"invoice_id": 10, "code": "AAAAAAAAAAAAAAAAAAAAAAAAAAAAAAA", "amount": "50.00"}, "impact": [{"kind": "lines", "id": 18, "code": "A06-862ed071-SO \\u00b7 A06-862ed071-M", "field": "invoiced", "label": "\\u0412\\u0438\\u0441\\u0442\\u0430\\u0432\\u043b\\u0435\\u043d\\u043e \\u0432 \\u0440\\u0430\\u0445\\u0443\\u043d\\u043a\\u0430\\u0445", "before": "0.000", "after": "10.000", "currency": ""}, {"kind": "invoices", "id": 10, "code": "AAAAAAAAAAAAAAAAAAAAAAAAAAAAAAA", "field": "amount", "l'

======================================================================
FAIL: test_l01_invoice_code_31_refused_without_truncation_or_trim (a07_boundary_tests.A07BoundaryTests.test_l01_invoice_code_31_refused_without_truncation_or_trim) (check='exact_zero_effect_before_harness_cleanup', boundary="L01/code31/UAH/'AAAAAAAAAAAAAAAAAAAAAAAAAAAAAAA'", adapter='preview')
----------------------------------------------------------------------
Traceback (most recent call last):
  File "/workspace/scratch/c7b51e996a9f/tmp/a07_boundary_tests.py", line 143, in reject
    self.assert_same_physical(before, after, 'Refused command changed sources/history/receipt')
  File "/workspace/scratch/c7b51e996a9f/tmp/a07_boundary_tests.py", line 83, in assert_same_physical
    self.assertEqual(changed, [], message + ': ' + ', '.join(changed))
AssertionError: Lists differ: ['operations.ActionProposal'] != []

First list contains 1 additional elements.
First extra element 0:
'operations.ActionProposal'

- ['operations.ActionProposal']
+ [] : Refused command changed sources/history/receipt: operations.ActionProposal

======================================================================
FAIL: test_l01_invoice_code_31_refused_without_truncation_or_trim (a07_boundary_tests.A07BoundaryTests.test_l01_invoice_code_31_refused_without_truncation_or_trim) (check='explicit_validation_refusal', boundary="L01/code31/UAH/'AAAAAAAAAAAAAAAAAAAAAAAAAAAAAAA'", adapter='confirm')
----------------------------------------------------------------------
Traceback (most recent call last):
  File "/workspace/scratch/c7b51e996a9f/tmp/a07_boundary_tests.py", line 140, in reject
    self.assertEqual(response.status_code, 422, response.content[:700])
AssertionError: 200 != 422 : b'{"state": "succeeded", "invoice_id": 10, "code": "AAAAAAAAAAAAAAAAAAAAAAAAAAAAAAA", "amount": "50.00", "erp_event_id": 10, "impact": [{"kind": "lines", "id": 18, "code": "A06-862ed071-SO \\u00b7 A06-862ed071-M", "field": "invoiced", "label": "\\u0412\\u0438\\u0441\\u0442\\u0430\\u0432\\u043b\\u0435\\u043d\\u043e \\u0432 \\u0440\\u0430\\u0445\\u0443\\u043d\\u043a\\u0430\\u0445", "before": "0.000", "after": "10.000", "currency": ""}, {"kind": "invoices", "id": 10, "code": "AAAAAAAAAAAAAAAAAAAAAAAAAAAAAAA", "field": "amount", "label": "\\u0421\\u0443\\u043c\\u0430 \\u0440\\u0430\\u0445\\u0443\\u043d\\u043a\\u0443", "before": null, "after": "50.00", "currency": "UAH"}, {"kind": "invoices", "id": 10, "code": "AAAAAAAAAAAAAAAAA'

======================================================================
FAIL: test_l01_invoice_code_31_refused_without_truncation_or_trim (a07_boundary_tests.A07BoundaryTests.test_l01_invoice_code_31_refused_without_truncation_or_trim) (check='exact_zero_effect_before_harness_cleanup', boundary="L01/code31/UAH/'AAAAAAAAAAAAAAAAAAAAAAAAAAAAAAA'", adapter='confirm')
----------------------------------------------------------------------
Traceback (most recent call last):
  File "/workspace/scratch/c7b51e996a9f/tmp/a07_boundary_tests.py", line 143, in reject
    self.assert_same_physical(before, after, 'Refused command changed sources/history/receipt')
  File "/workspace/scratch/c7b51e996a9f/tmp/a07_boundary_tests.py", line 83, in assert_same_physical
    self.assertEqual(changed, [], message + ': ' + ', '.join(changed))
AssertionError: Lists differ: ['erp.SalesLine', 'erp.InvoiceLink', 'erp.[53 chars]sal'] != []

First list contains 5 additional elements.
First extra element 0:
'erp.SalesLine'

+ []
- ['erp.SalesLine',
-  'erp.InvoiceLink',
-  'erp.Event',
-  'operations.Invoice',
-  'operations.ActionProposal'] : Refused command changed sources/history/receipt: erp.SalesLine, erp.InvoiceLink, erp.Event, operations.Invoice, operations.ActionProposal

======================================================================
FAIL: test_l01_invoice_code_31_refused_without_truncation_or_trim (a07_boundary_tests.A07BoundaryTests.test_l01_invoice_code_31_refused_without_truncation_or_trim) (check='explicit_validation_refusal', boundary="L01/code31/UAH/'ЇЇЇЇЇЇЇЇЇЇЇЇЇЇЇЇЇЇЇЇЇЇЇЇЇЇЇЇЇЇЇ'", adapter='dispatch')
----------------------------------------------------------------------
Traceback (most recent call last):
  File "/workspace/scratch/c7b51e996a9f/tmp/a07_boundary_tests.py", line 136, in reject
    self.assertIsInstance(error, (ValueError, ValidationError),
AssertionError: None is not an instance of (<class 'ValueError'>, <class 'django.core.exceptions.ValidationError'>) : Expected domain validation before persistence; got None

======================================================================
FAIL: test_l01_invoice_code_31_refused_without_truncation_or_trim (a07_boundary_tests.A07BoundaryTests.test_l01_invoice_code_31_refused_without_truncation_or_trim) (check='exact_zero_effect_before_harness_cleanup', boundary="L01/code31/UAH/'ЇЇЇЇЇЇЇЇЇЇЇЇЇЇЇЇЇЇЇЇЇЇЇЇЇЇЇЇЇЇЇ'", adapter='dispatch')
----------------------------------------------------------------------
Traceback (most recent call last):
  File "/workspace/scratch/c7b51e996a9f/tmp/a07_boundary_tests.py", line 143, in reject
    self.assert_same_physical(before, after, 'Refused command changed sources/history/receipt')
  File "/workspace/scratch/c7b51e996a9f/tmp/a07_boundary_tests.py", line 83, in assert_same_physical
    self.assertEqual(changed, [], message + ': ' + ', '.join(changed))
AssertionError: Lists differ: ['erp.SalesLine', 'erp.InvoiceLink', 'erp.Event', 'operations.Invoice'] != []

First list contains 4 additional elements.
First extra element 0:
'erp.SalesLine'

- ['erp.SalesLine', 'erp.InvoiceLink', 'erp.Event', 'operations.Invoice']
+ [] : Refused command changed sources/history/receipt: erp.SalesLine, erp.InvoiceLink, erp.Event, operations.Invoice

======================================================================
FAIL: test_l01_invoice_code_31_refused_without_truncation_or_trim (a07_boundary_tests.A07BoundaryTests.test_l01_invoice_code_31_refused_without_truncation_or_trim) (check='explicit_validation_refusal', boundary="L01/code31/UAH/'ЇЇЇЇЇЇЇЇЇЇЇЇЇЇЇЇЇЇЇЇЇЇЇЇЇЇЇЇЇЇЇ'", adapter='preview')
----------------------------------------------------------------------
Traceback (most recent call last):
  File "/workspace/scratch/c7b51e996a9f/tmp/a07_boundary_tests.py", line 140, in reject
    self.assertEqual(response.status_code, 422, response.content[:700])
AssertionError: 200 != 422 : b'{"id": "7052fe79-a23f-4092-a6df-2b14ae549834", "payload": {"action": "erp_invoice", "order_id": 19, "code": "\\u0407\\u0407\\u0407\\u0407\\u0407\\u0407\\u0407\\u0407\\u0407\\u0407\\u0407\\u0407\\u0407\\u0407\\u0407\\u0407\\u0407\\u0407\\u0407\\u0407\\u0407\\u0407\\u0407\\u0407\\u0407\\u0407\\u0407\\u0407\\u0407\\u0407\\u0407", "due_date": "2026-10-01"}, "expires_at": "2026-09-11T21:24:37.361492+00:00", "effect": {"invoice_id": 10, "code": "\\u0407\\u0407\\u0407\\u0407\\u0407\\u0407\\u0407\\u0407\\u0407\\u0407\\u0407\\u0407\\u0407\\u0407\\u0407\\u0407\\u0407\\u0407\\u0407\\u0407\\u0407\\u0407\\u0407\\u0407\\u0407\\u0407\\u0407\\u0407\\u0407\\u0407\\u0407", "amount": "50.00"}, "impact": [{"kind": "lines", "id": 19, "code": "A06-e98ec78a-SO \\u00b7 A06-e98'

======================================================================
FAIL: test_l01_invoice_code_31_refused_without_truncation_or_trim (a07_boundary_tests.A07BoundaryTests.test_l01_invoice_code_31_refused_without_truncation_or_trim) (check='exact_zero_effect_before_harness_cleanup', boundary="L01/code31/UAH/'ЇЇЇЇЇЇЇЇЇЇЇЇЇЇЇЇЇЇЇЇЇЇЇЇЇЇЇЇЇЇЇ'", adapter='preview')
----------------------------------------------------------------------
Traceback (most recent call last):
  File "/workspace/scratch/c7b51e996a9f/tmp/a07_boundary_tests.py", line 143, in reject
    self.assert_same_physical(before, after, 'Refused command changed sources/history/receipt')
  File "/workspace/scratch/c7b51e996a9f/tmp/a07_boundary_tests.py", line 83, in assert_same_physical
    self.assertEqual(changed, [], message + ': ' + ', '.join(changed))
AssertionError: Lists differ: ['operations.ActionProposal'] != []

First list contains 1 additional elements.
First extra element 0:
'operations.ActionProposal'

- ['operations.ActionProposal']
+ [] : Refused command changed sources/history/receipt: operations.ActionProposal

======================================================================
FAIL: test_l01_invoice_code_31_refused_without_truncation_or_trim (a07_boundary_tests.A07BoundaryTests.test_l01_invoice_code_31_refused_without_truncation_or_trim) (check='explicit_validation_refusal', boundary="L01/code31/UAH/'ЇЇЇЇЇЇЇЇЇЇЇЇЇЇЇЇЇЇЇЇЇЇЇЇЇЇЇЇЇЇЇ'", adapter='confirm')
----------------------------------------------------------------------
Traceback (most recent call last):
  File "/workspace/scratch/c7b51e996a9f/tmp/a07_boundary_tests.py", line 140, in reject
    self.assertEqual(response.status_code, 422, response.content[:700])
AssertionError: 200 != 422 : b'{"state": "succeeded", "invoice_id": 10, "code": "\\u0407\\u0407\\u0407\\u0407\\u0407\\u0407\\u0407\\u0407\\u0407\\u0407\\u0407\\u0407\\u0407\\u0407\\u0407\\u0407\\u0407\\u0407\\u0407\\u0407\\u0407\\u0407\\u0407\\u0407\\u0407\\u0407\\u0407\\u0407\\u0407\\u0407\\u0407", "amount": "50.00", "erp_event_id": 10, "impact": [{"kind": "lines", "id": 19, "code": "A06-e98ec78a-SO \\u00b7 A06-e98ec78a-M", "field": "invoiced", "label": "\\u0412\\u0438\\u0441\\u0442\\u0430\\u0432\\u043b\\u0435\\u043d\\u043e \\u0432 \\u0440\\u0430\\u0445\\u0443\\u043d\\u043a\\u0430\\u0445", "before": "0.000", "after": "10.000", "currency": ""}, {"kind": "invoices", "id": 10, "code": "\\u0407\\u0407\\u0407\\u0407\\u0407\\u0407\\u0407\\u0407\\u0407\\u0407\\u0407\\u0407\\u0407\\u0407\\u040'

======================================================================
FAIL: test_l01_invoice_code_31_refused_without_truncation_or_trim (a07_boundary_tests.A07BoundaryTests.test_l01_invoice_code_31_refused_without_truncation_or_trim) (check='exact_zero_effect_before_harness_cleanup', boundary="L01/code31/UAH/'ЇЇЇЇЇЇЇЇЇЇЇЇЇЇЇЇЇЇЇЇЇЇЇЇЇЇЇЇЇЇЇ'", adapter='confirm')
----------------------------------------------------------------------
Traceback (most recent call last):
  File "/workspace/scratch/c7b51e996a9f/tmp/a07_boundary_tests.py", line 143, in reject
    self.assert_same_physical(before, after, 'Refused command changed sources/history/receipt')
  File "/workspace/scratch/c7b51e996a9f/tmp/a07_boundary_tests.py", line 83, in assert_same_physical
    self.assertEqual(changed, [], message + ': ' + ', '.join(changed))
AssertionError: Lists differ: ['erp.SalesLine', 'erp.InvoiceLink', 'erp.[53 chars]sal'] != []

First list contains 5 additional elements.
First extra element 0:
'erp.SalesLine'

+ []
- ['erp.SalesLine',
-  'erp.InvoiceLink',
-  'erp.Event',
-  'operations.Invoice',
-  'operations.ActionProposal'] : Refused command changed sources/history/receipt: erp.SalesLine, erp.InvoiceLink, erp.Event, operations.Invoice, operations.ActionProposal

======================================================================
FAIL: test_l01_invoice_code_31_refused_without_truncation_or_trim (a07_boundary_tests.A07BoundaryTests.test_l01_invoice_code_31_refused_without_truncation_or_trim) (check='explicit_validation_refusal', boundary="L01/code31/UAH/'🙂🙂🙂🙂🙂🙂🙂🙂🙂🙂🙂🙂🙂🙂🙂🙂🙂🙂🙂🙂🙂🙂🙂🙂🙂🙂🙂🙂🙂🙂🙂'", adapter='dispatch')
----------------------------------------------------------------------
Traceback (most recent call last):
  File "/workspace/scratch/c7b51e996a9f/tmp/a07_boundary_tests.py", line 136, in reject
    self.assertIsInstance(error, (ValueError, ValidationError),
AssertionError: None is not an instance of (<class 'ValueError'>, <class 'django.core.exceptions.ValidationError'>) : Expected domain validation before persistence; got None

======================================================================
FAIL: test_l01_invoice_code_31_refused_without_truncation_or_trim (a07_boundary_tests.A07BoundaryTests.test_l01_invoice_code_31_refused_without_truncation_or_trim) (check='exact_zero_effect_before_harness_cleanup', boundary="L01/code31/UAH/'🙂🙂🙂🙂🙂🙂🙂🙂🙂🙂🙂🙂🙂🙂🙂🙂🙂🙂🙂🙂🙂🙂🙂🙂🙂🙂🙂🙂🙂🙂🙂'", adapter='dispatch')
----------------------------------------------------------------------
Traceback (most recent call last):
  File "/workspace/scratch/c7b51e996a9f/tmp/a07_boundary_tests.py", line 143, in reject
    self.assert_same_physical(before, after, 'Refused command changed sources/history/receipt')
  File "/workspace/scratch/c7b51e996a9f/tmp/a07_boundary_tests.py", line 83, in assert_same_physical
    self.assertEqual(changed, [], message + ': ' + ', '.join(changed))
AssertionError: Lists differ: ['erp.SalesLine', 'erp.InvoiceLink', 'erp.Event', 'operations.Invoice'] != []

First list contains 4 additional elements.
First extra element 0:
'erp.SalesLine'

- ['erp.SalesLine', 'erp.InvoiceLink', 'erp.Event', 'operations.Invoice']
+ [] : Refused command changed sources/history/receipt: erp.SalesLine, erp.InvoiceLink, erp.Event, operations.Invoice

======================================================================
FAIL: test_l01_invoice_code_31_refused_without_truncation_or_trim (a07_boundary_tests.A07BoundaryTests.test_l01_invoice_code_31_refused_without_truncation_or_trim) (check='explicit_validation_refusal', boundary="L01/code31/UAH/'🙂🙂🙂🙂🙂🙂🙂🙂🙂🙂🙂🙂🙂🙂🙂🙂🙂🙂🙂🙂🙂🙂🙂🙂🙂🙂🙂🙂🙂🙂🙂'", adapter='preview')
----------------------------------------------------------------------
Traceback (most recent call last):
  File "/workspace/scratch/c7b51e996a9f/tmp/a07_boundary_tests.py", line 140, in reject
    self.assertEqual(response.status_code, 422, response.content[:700])
AssertionError: 200 != 422 : b'{"id": "e73325d6-e277-42ac-a055-c78542f82b2e", "payload": {"action": "erp_invoice", "order_id": 20, "code": "\\ud83d\\ude42\\ud83d\\ude42\\ud83d\\ude42\\ud83d\\ude42\\ud83d\\ude42\\ud83d\\ude42\\ud83d\\ude42\\ud83d\\ude42\\ud83d\\ude42\\ud83d\\ude42\\ud83d\\ude42\\ud83d\\ude42\\ud83d\\ude42\\ud83d\\ude42\\ud83d\\ude42\\ud83d\\ude42\\ud83d\\ude42\\ud83d\\ude42\\ud83d\\ude42\\ud83d\\ude42\\ud83d\\ude42\\ud83d\\ude42\\ud83d\\ude42\\ud83d\\ude42\\ud83d\\ude42\\ud83d\\ude42\\ud83d\\ude42\\ud83d\\ude42\\ud83d\\ude42\\ud83d\\ude42\\ud83d\\ude42", "due_date": "2026-10-01"}, "expires_at": "2026-09-11T21:24:37.624665+00:00", "effect": {"invoice_id": 10, "code": "\\ud83d\\ude42\\ud83d\\ude42\\ud83d\\ude42\\ud83d\\ude42\\ud83d\\ude42\\ud83d\\ude42\\ud83d\\ude42\\ud83d\\ude42\\ud83'

======================================================================
FAIL: test_l01_invoice_code_31_refused_without_truncation_or_trim (a07_boundary_tests.A07BoundaryTests.test_l01_invoice_code_31_refused_without_truncation_or_trim) (check='exact_zero_effect_before_harness_cleanup', boundary="L01/code31/UAH/'🙂🙂🙂🙂🙂🙂🙂🙂🙂🙂🙂🙂🙂🙂🙂🙂🙂🙂🙂🙂🙂🙂🙂🙂🙂🙂🙂🙂🙂🙂🙂'", adapter='preview')
----------------------------------------------------------------------
Traceback (most recent call last):
  File "/workspace/scratch/c7b51e996a9f/tmp/a07_boundary_tests.py", line 143, in reject
    self.assert_same_physical(before, after, 'Refused command changed sources/history/receipt')
  File "/workspace/scratch/c7b51e996a9f/tmp/a07_boundary_tests.py", line 83, in assert_same_physical
    self.assertEqual(changed, [], message + ': ' + ', '.join(changed))
AssertionError: Lists differ: ['operations.ActionProposal'] != []

First list contains 1 additional elements.
First extra element 0:
'operations.ActionProposal'

- ['operations.ActionProposal']
+ [] : Refused command changed sources/history/receipt: operations.ActionProposal

======================================================================
FAIL: test_l01_invoice_code_31_refused_without_truncation_or_trim (a07_boundary_tests.A07BoundaryTests.test_l01_invoice_code_31_refused_without_truncation_or_trim) (check='explicit_validation_refusal', boundary="L01/code31/UAH/'🙂🙂🙂🙂🙂🙂🙂🙂🙂🙂🙂🙂🙂🙂🙂🙂🙂🙂🙂🙂🙂🙂🙂🙂🙂🙂🙂🙂🙂🙂🙂'", adapter='confirm')
----------------------------------------------------------------------
Traceback (most recent call last):
  File "/workspace/scratch/c7b51e996a9f/tmp/a07_boundary_tests.py", line 140, in reject
    self.assertEqual(response.status_code, 422, response.content[:700])
AssertionError: 200 != 422 : b'{"state": "succeeded", "invoice_id": 10, "code": "\\ud83d\\ude42\\ud83d\\ude42\\ud83d\\ude42\\ud83d\\ude42\\ud83d\\ude42\\ud83d\\ude42\\ud83d\\ude42\\ud83d\\ude42\\ud83d\\ude42\\ud83d\\ude42\\ud83d\\ude42\\ud83d\\ude42\\ud83d\\ude42\\ud83d\\ude42\\ud83d\\ude42\\ud83d\\ude42\\ud83d\\ude42\\ud83d\\ude42\\ud83d\\ude42\\ud83d\\ude42\\ud83d\\ude42\\ud83d\\ude42\\ud83d\\ude42\\ud83d\\ude42\\ud83d\\ude42\\ud83d\\ude42\\ud83d\\ude42\\ud83d\\ude42\\ud83d\\ude42\\ud83d\\ude42\\ud83d\\ude42", "amount": "50.00", "erp_event_id": 10, "impact": [{"kind": "lines", "id": 20, "code": "A06-554d64e5-SO \\u00b7 A06-554d64e5-M", "field": "invoiced", "label": "\\u0412\\u0438\\u0441\\u0442\\u0430\\u0432\\u043b\\u0435\\u043d\\u043e \\u0432 \\u0440\\u0430\\u0445\\u0443\\u043d\\u043a\\u0430\\u0445"'

======================================================================
FAIL: test_l01_invoice_code_31_refused_without_truncation_or_trim (a07_boundary_tests.A07BoundaryTests.test_l01_invoice_code_31_refused_without_truncation_or_trim) (check='exact_zero_effect_before_harness_cleanup', boundary="L01/code31/UAH/'🙂🙂🙂🙂🙂🙂🙂🙂🙂🙂🙂🙂🙂🙂🙂🙂🙂🙂🙂🙂🙂🙂🙂🙂🙂🙂🙂🙂🙂🙂🙂'", adapter='confirm')
----------------------------------------------------------------------
Traceback (most recent call last):
  File "/workspace/scratch/c7b51e996a9f/tmp/a07_boundary_tests.py", line 143, in reject
    self.assert_same_physical(before, after, 'Refused command changed sources/history/receipt')
  File "/workspace/scratch/c7b51e996a9f/tmp/a07_boundary_tests.py", line 83, in assert_same_physical
    self.assertEqual(changed, [], message + ': ' + ', '.join(changed))
AssertionError: Lists differ: ['erp.SalesLine', 'erp.InvoiceLink', 'erp.[53 chars]sal'] != []

First list contains 5 additional elements.
First extra element 0:
'erp.SalesLine'

+ []
- ['erp.SalesLine',
-  'erp.InvoiceLink',
-  'erp.Event',
-  'operations.Invoice',
-  'operations.ActionProposal'] : Refused command changed sources/history/receipt: erp.SalesLine, erp.InvoiceLink, erp.Event, operations.Invoice, operations.ActionProposal

======================================================================
FAIL: test_l01_invoice_code_31_refused_without_truncation_or_trim (a07_boundary_tests.A07BoundaryTests.test_l01_invoice_code_31_refused_without_truncation_or_trim) (check='explicit_validation_refusal', boundary="L01/code31/UAH/'AAAAAAAAAAAAAAAAAAAAAAAAAAAAAA '", adapter='dispatch')
----------------------------------------------------------------------
Traceback (most recent call last):
  File "/workspace/scratch/c7b51e996a9f/tmp/a07_boundary_tests.py", line 136, in reject
    self.assertIsInstance(error, (ValueError, ValidationError),
AssertionError: None is not an instance of (<class 'ValueError'>, <class 'django.core.exceptions.ValidationError'>) : Expected domain validation before persistence; got None

======================================================================
FAIL: test_l01_invoice_code_31_refused_without_truncation_or_trim (a07_boundary_tests.A07BoundaryTests.test_l01_invoice_code_31_refused_without_truncation_or_trim) (check='exact_zero_effect_before_harness_cleanup', boundary="L01/code31/UAH/'AAAAAAAAAAAAAAAAAAAAAAAAAAAAAA '", adapter='dispatch')
----------------------------------------------------------------------
Traceback (most recent call last):
  File "/workspace/scratch/c7b51e996a9f/tmp/a07_boundary_tests.py", line 143, in reject
    self.assert_same_physical(before, after, 'Refused command changed sources/history/receipt')
  File "/workspace/scratch/c7b51e996a9f/tmp/a07_boundary_tests.py", line 83, in assert_same_physical
    self.assertEqual(changed, [], message + ': ' + ', '.join(changed))
AssertionError: Lists differ: ['erp.SalesLine', 'erp.InvoiceLink', 'erp.Event', 'operations.Invoice'] != []

First list contains 4 additional elements.
First extra element 0:
'erp.SalesLine'

- ['erp.SalesLine', 'erp.InvoiceLink', 'erp.Event', 'operations.Invoice']
+ [] : Refused command changed sources/history/receipt: erp.SalesLine, erp.InvoiceLink, erp.Event, operations.Invoice

======================================================================
FAIL: test_l01_invoice_code_31_refused_without_truncation_or_trim (a07_boundary_tests.A07BoundaryTests.test_l01_invoice_code_31_refused_without_truncation_or_trim) (check='explicit_validation_refusal', boundary="L01/code31/UAH/'AAAAAAAAAAAAAAAAAAAAAAAAAAAAAA '", adapter='preview')
----------------------------------------------------------------------
Traceback (most recent call last):
  File "/workspace/scratch/c7b51e996a9f/tmp/a07_boundary_tests.py", line 140, in reject
    self.assertEqual(response.status_code, 422, response.content[:700])
AssertionError: 200 != 422 : b'{"id": "93d89610-9f90-44cd-b225-2093898cfadb", "payload": {"action": "erp_invoice", "order_id": 21, "code": "AAAAAAAAAAAAAAAAAAAAAAAAAAAAAA ", "due_date": "2026-10-01"}, "expires_at": "2026-09-11T21:24:37.936142+00:00", "effect": {"invoice_id": 10, "code": "AAAAAAAAAAAAAAAAAAAAAAAAAAAAAA ", "amount": "50.00"}, "impact": [{"kind": "lines", "id": 21, "code": "A06-327b28e8-SO \\u00b7 A06-327b28e8-M", "field": "invoiced", "label": "\\u0412\\u0438\\u0441\\u0442\\u0430\\u0432\\u043b\\u0435\\u043d\\u043e \\u0432 \\u0440\\u0430\\u0445\\u0443\\u043d\\u043a\\u0430\\u0445", "before": "0.000", "after": "10.000", "currency": ""}, {"kind": "invoices", "id": 10, "code": "AAAAAAAAAAAAAAAAAAAAAAAAAAAAAA ", "field": "amount", "l'

======================================================================
FAIL: test_l01_invoice_code_31_refused_without_truncation_or_trim (a07_boundary_tests.A07BoundaryTests.test_l01_invoice_code_31_refused_without_truncation_or_trim) (check='exact_zero_effect_before_harness_cleanup', boundary="L01/code31/UAH/'AAAAAAAAAAAAAAAAAAAAAAAAAAAAAA '", adapter='preview')
----------------------------------------------------------------------
Traceback (most recent call last):
  File "/workspace/scratch/c7b51e996a9f/tmp/a07_boundary_tests.py", line 143, in reject
    self.assert_same_physical(before, after, 'Refused command changed sources/history/receipt')
  File "/workspace/scratch/c7b51e996a9f/tmp/a07_boundary_tests.py", line 83, in assert_same_physical
    self.assertEqual(changed, [], message + ': ' + ', '.join(changed))
AssertionError: Lists differ: ['operations.ActionProposal'] != []

First list contains 1 additional elements.
First extra element 0:
'operations.ActionProposal'

- ['operations.ActionProposal']
+ [] : Refused command changed sources/history/receipt: operations.ActionProposal

======================================================================
FAIL: test_l01_invoice_code_31_refused_without_truncation_or_trim (a07_boundary_tests.A07BoundaryTests.test_l01_invoice_code_31_refused_without_truncation_or_trim) (check='explicit_validation_refusal', boundary="L01/code31/UAH/'AAAAAAAAAAAAAAAAAAAAAAAAAAAAAA '", adapter='confirm')
----------------------------------------------------------------------
Traceback (most recent call last):
  File "/workspace/scratch/c7b51e996a9f/tmp/a07_boundary_tests.py", line 140, in reject
    self.assertEqual(response.status_code, 422, response.content[:700])
AssertionError: 200 != 422 : b'{"state": "succeeded", "invoice_id": 10, "code": "AAAAAAAAAAAAAAAAAAAAAAAAAAAAAA ", "amount": "50.00", "erp_event_id": 10, "impact": [{"kind": "lines", "id": 21, "code": "A06-327b28e8-SO \\u00b7 A06-327b28e8-M", "field": "invoiced", "label": "\\u0412\\u0438\\u0441\\u0442\\u0430\\u0432\\u043b\\u0435\\u043d\\u043e \\u0432 \\u0440\\u0430\\u0445\\u0443\\u043d\\u043a\\u0430\\u0445", "before": "0.000", "after": "10.000", "currency": ""}, {"kind": "invoices", "id": 10, "code": "AAAAAAAAAAAAAAAAAAAAAAAAAAAAAA ", "field": "amount", "label": "\\u0421\\u0443\\u043c\\u0430 \\u0440\\u0430\\u0445\\u0443\\u043d\\u043a\\u0443", "before": null, "after": "50.00", "currency": "UAH"}, {"kind": "invoices", "id": 10, "code": "AAAAAAAAAAAAAAAAA'

======================================================================
FAIL: test_l01_invoice_code_31_refused_without_truncation_or_trim (a07_boundary_tests.A07BoundaryTests.test_l01_invoice_code_31_refused_without_truncation_or_trim) (check='exact_zero_effect_before_harness_cleanup', boundary="L01/code31/UAH/'AAAAAAAAAAAAAAAAAAAAAAAAAAAAAA '", adapter='confirm')
----------------------------------------------------------------------
Traceback (most recent call last):
  File "/workspace/scratch/c7b51e996a9f/tmp/a07_boundary_tests.py", line 143, in reject
    self.assert_same_physical(before, after, 'Refused command changed sources/history/receipt')
  File "/workspace/scratch/c7b51e996a9f/tmp/a07_boundary_tests.py", line 83, in assert_same_physical
    self.assertEqual(changed, [], message + ': ' + ', '.join(changed))
AssertionError: Lists differ: ['erp.SalesLine', 'erp.InvoiceLink', 'erp.[53 chars]sal'] != []

First list contains 5 additional elements.
First extra element 0:
'erp.SalesLine'

+ []
- ['erp.SalesLine',
-  'erp.InvoiceLink',
-  'erp.Event',
-  'operations.Invoice',
-  'operations.ActionProposal'] : Refused command changed sources/history/receipt: erp.SalesLine, erp.InvoiceLink, erp.Event, operations.Invoice, operations.ActionProposal

======================================================================
FAIL: test_l02_item_revision_40_accepted_41_refused (a07_boundary_tests.A07BoundaryTests.test_l02_item_revision_40_accepted_41_refused) (check='explicit_validation_refusal', boundary='L02/Item.revision/41', adapter='dispatch')
----------------------------------------------------------------------
Traceback (most recent call last):
  File "/workspace/scratch/c7b51e996a9f/tmp/a07_boundary_tests.py", line 136, in reject
    self.assertIsInstance(error, (ValueError, ValidationError),
AssertionError: None is not an instance of (<class 'ValueError'>, <class 'django.core.exceptions.ValidationError'>) : Expected domain validation before persistence; got None

======================================================================
FAIL: test_l02_item_revision_40_accepted_41_refused (a07_boundary_tests.A07BoundaryTests.test_l02_item_revision_40_accepted_41_refused) (check='exact_zero_effect_before_harness_cleanup', boundary='L02/Item.revision/41', adapter='dispatch')
----------------------------------------------------------------------
Traceback (most recent call last):
  File "/workspace/scratch/c7b51e996a9f/tmp/a07_boundary_tests.py", line 143, in reject
    self.assert_same_physical(before, after, 'Refused command changed sources/history/receipt')
  File "/workspace/scratch/c7b51e996a9f/tmp/a07_boundary_tests.py", line 83, in assert_same_physical
    self.assertEqual(changed, [], message + ': ' + ', '.join(changed))
AssertionError: Lists differ: ['erp.Item', 'erp.Event'] != []

First list contains 2 additional elements.
First extra element 0:
'erp.Item'

- ['erp.Item', 'erp.Event']
+ [] : Refused command changed sources/history/receipt: erp.Item, erp.Event

======================================================================
FAIL: test_l02_item_revision_40_accepted_41_refused (a07_boundary_tests.A07BoundaryTests.test_l02_item_revision_40_accepted_41_refused) (check='explicit_validation_refusal', boundary='L02/Item.revision/41', adapter='preview')
----------------------------------------------------------------------
Traceback (most recent call last):
  File "/workspace/scratch/c7b51e996a9f/tmp/a07_boundary_tests.py", line 140, in reject
    self.assertEqual(response.status_code, 422, response.content[:700])
AssertionError: 200 != 422 : b'{"id": "f01a69bd-b003-42fe-ba10-048c135f7010", "payload": {"action": "erp_item", "code": "A06-7dd34961-NEW", "name": "\\u0421\\u0438\\u043d\\u0442\\u0435\\u0442\\u0438\\u0447\\u043d\\u0438\\u0439 \\u043a\\u043e\\u043c\\u043f\\u043e\\u043d\\u0435\\u043d\\u0442", "unit": "\\u0448\\u0442.", "kind": "component", "method": "buy", "revision": "\\u0407\\u0407\\u0407\\u0407\\u0407\\u0407\\u0407\\u0407\\u0407\\u0407\\u0407\\u0407\\u0407\\u0407\\u0407\\u0407\\u0407\\u0407\\u0407\\u0407\\u0407\\u0407\\u0407\\u0407\\u0407\\u0407\\u0407\\u0407\\u0407\\u0407\\u0407\\u0407\\u0407\\u0407\\u0407\\u0407\\u0407\\u0407\\u0407\\u0407\\u0407", "currency": "EUR"}, "expires_at": "2026-09-11T21:24:38.663184+00:00", "effect": {"item_id": 48, "code": "A06-7dd34961-NEW"}, "impact"'

======================================================================
FAIL: test_l02_item_revision_40_accepted_41_refused (a07_boundary_tests.A07BoundaryTests.test_l02_item_revision_40_accepted_41_refused) (check='exact_zero_effect_before_harness_cleanup', boundary='L02/Item.revision/41', adapter='preview')
----------------------------------------------------------------------
Traceback (most recent call last):
  File "/workspace/scratch/c7b51e996a9f/tmp/a07_boundary_tests.py", line 143, in reject
    self.assert_same_physical(before, after, 'Refused command changed sources/history/receipt')
  File "/workspace/scratch/c7b51e996a9f/tmp/a07_boundary_tests.py", line 83, in assert_same_physical
    self.assertEqual(changed, [], message + ': ' + ', '.join(changed))
AssertionError: Lists differ: ['operations.ActionProposal'] != []

First list contains 1 additional elements.
First extra element 0:
'operations.ActionProposal'

- ['operations.ActionProposal']
+ [] : Refused command changed sources/history/receipt: operations.ActionProposal

======================================================================
FAIL: test_l02_item_revision_40_accepted_41_refused (a07_boundary_tests.A07BoundaryTests.test_l02_item_revision_40_accepted_41_refused) (check='explicit_validation_refusal', boundary='L02/Item.revision/41', adapter='confirm')
----------------------------------------------------------------------
Traceback (most recent call last):
  File "/workspace/scratch/c7b51e996a9f/tmp/a07_boundary_tests.py", line 140, in reject
    self.assertEqual(response.status_code, 422, response.content[:700])
AssertionError: 200 != 422 : b'{"state": "succeeded", "item_id": 48, "code": "A06-7dd34961-NEW", "erp_event_id": 11, "impact": [{"kind": "items", "id": 48, "code": "A06-7dd34961-NEW", "field": "revision", "label": "\\u0412\\u0435\\u0440\\u0441\\u0456\\u044f \\u0432\\u0438\\u0440\\u043e\\u0431\\u0443", "before": null, "after": "\\u0407\\u0407\\u0407\\u0407\\u0407\\u0407\\u0407\\u0407\\u0407\\u0407\\u0407\\u0407\\u0407\\u0407\\u0407\\u0407\\u0407\\u0407\\u0407\\u0407\\u0407\\u0407\\u0407\\u0407\\u0407\\u0407\\u0407\\u0407\\u0407\\u0407\\u0407\\u0407\\u0407\\u0407\\u0407\\u0407\\u0407\\u0407\\u0407\\u0407\\u0407", "currency": "EUR"}, {"kind": "items", "id": 48, "code": "A06-7dd34961-NEW", "field": "name", "label": "\\u041d\\u0430\\u0437\\u0432\\u0430", "before": null, "after": "\\u0'

======================================================================
FAIL: test_l02_item_revision_40_accepted_41_refused (a07_boundary_tests.A07BoundaryTests.test_l02_item_revision_40_accepted_41_refused) (check='exact_zero_effect_before_harness_cleanup', boundary='L02/Item.revision/41', adapter='confirm')
----------------------------------------------------------------------
Traceback (most recent call last):
  File "/workspace/scratch/c7b51e996a9f/tmp/a07_boundary_tests.py", line 143, in reject
    self.assert_same_physical(before, after, 'Refused command changed sources/history/receipt')
  File "/workspace/scratch/c7b51e996a9f/tmp/a07_boundary_tests.py", line 83, in assert_same_physical
    self.assertEqual(changed, [], message + ': ' + ', '.join(changed))
AssertionError: Lists differ: ['erp.Item', 'erp.Event', 'operations.ActionProposal'] != []

First list contains 3 additional elements.
First extra element 0:
'erp.Item'

- ['erp.Item', 'erp.Event', 'operations.ActionProposal']
+ [] : Refused command changed sources/history/receipt: erp.Item, erp.Event, operations.ActionProposal

======================================================================
FAIL: test_l02_opening_revision_40_accepted_41_refused (a07_boundary_tests.A07BoundaryTests.test_l02_opening_revision_40_accepted_41_refused) (check='explicit_validation_refusal', boundary='L02/Lot.revision/41/EUR', adapter='dispatch')
----------------------------------------------------------------------
Traceback (most recent call last):
  File "/workspace/scratch/c7b51e996a9f/tmp/a07_boundary_tests.py", line 136, in reject
    self.assertIsInstance(error, (ValueError, ValidationError),
AssertionError: None is not an instance of (<class 'ValueError'>, <class 'django.core.exceptions.ValidationError'>) : Expected domain validation before persistence; got None

======================================================================
FAIL: test_l02_opening_revision_40_accepted_41_refused (a07_boundary_tests.A07BoundaryTests.test_l02_opening_revision_40_accepted_41_refused) (check='exact_zero_effect_before_harness_cleanup', boundary='L02/Lot.revision/41/EUR', adapter='dispatch')
----------------------------------------------------------------------
Traceback (most recent call last):
  File "/workspace/scratch/c7b51e996a9f/tmp/a07_boundary_tests.py", line 143, in reject
    self.assert_same_physical(before, after, 'Refused command changed sources/history/receipt')
  File "/workspace/scratch/c7b51e996a9f/tmp/a07_boundary_tests.py", line 83, in assert_same_physical
    self.assertEqual(changed, [], message + ': ' + ', '.join(changed))
AssertionError: Lists differ: ['erp.Lot', 'erp.Movement', 'erp.Event'] != []

First list contains 3 additional elements.
First extra element 0:
'erp.Lot'

- ['erp.Lot', 'erp.Movement', 'erp.Event']
+ [] : Refused command changed sources/history/receipt: erp.Lot, erp.Movement, erp.Event

======================================================================
FAIL: test_l02_opening_revision_40_accepted_41_refused (a07_boundary_tests.A07BoundaryTests.test_l02_opening_revision_40_accepted_41_refused) (check='explicit_validation_refusal', boundary='L02/Lot.revision/41/EUR', adapter='preview')
----------------------------------------------------------------------
Traceback (most recent call last):
  File "/workspace/scratch/c7b51e996a9f/tmp/a07_boundary_tests.py", line 140, in reject
    self.assertEqual(response.status_code, 422, response.content[:700])
AssertionError: 200 != 422 : b'{"id": "51bbe6bc-6f50-4950-b572-23a872c62f28", "payload": {"action": "erp_opening", "code": "A06-9b758a41-OPEN", "item_id": 50, "location_id": 49, "quantity": "10", "unit_cost": "2.00", "currency": "EUR", "revision": "\\u0407\\u0407\\u0407\\u0407\\u0407\\u0407\\u0407\\u0407\\u0407\\u0407\\u0407\\u0407\\u0407\\u0407\\u0407\\u0407\\u0407\\u0407\\u0407\\u0407\\u0407\\u0407\\u0407\\u0407\\u0407\\u0407\\u0407\\u0407\\u0407\\u0407\\u0407\\u0407\\u0407\\u0407\\u0407\\u0407\\u0407\\u0407\\u0407\\u0407\\u0407"}, "expires_at": "2026-09-11T21:24:39.273294+00:00", "effect": {"lot_id": 27, "code": "A06-9b758a41-OPEN", "quality": "pending"}, "impact": [{"kind": "lots", "id": 27, "code": "A06-9b758a41-OPEN", "field": "quantity", "label": "\\u0424\\'

======================================================================
FAIL: test_l02_opening_revision_40_accepted_41_refused (a07_boundary_tests.A07BoundaryTests.test_l02_opening_revision_40_accepted_41_refused) (check='exact_zero_effect_before_harness_cleanup', boundary='L02/Lot.revision/41/EUR', adapter='preview')
----------------------------------------------------------------------
Traceback (most recent call last):
  File "/workspace/scratch/c7b51e996a9f/tmp/a07_boundary_tests.py", line 143, in reject
    self.assert_same_physical(before, after, 'Refused command changed sources/history/receipt')
  File "/workspace/scratch/c7b51e996a9f/tmp/a07_boundary_tests.py", line 83, in assert_same_physical
    self.assertEqual(changed, [], message + ': ' + ', '.join(changed))
AssertionError: Lists differ: ['operations.ActionProposal'] != []

First list contains 1 additional elements.
First extra element 0:
'operations.ActionProposal'

- ['operations.ActionProposal']
+ [] : Refused command changed sources/history/receipt: operations.ActionProposal

======================================================================
FAIL: test_l02_opening_revision_40_accepted_41_refused (a07_boundary_tests.A07BoundaryTests.test_l02_opening_revision_40_accepted_41_refused) (check='explicit_validation_refusal', boundary='L02/Lot.revision/41/EUR', adapter='confirm')
----------------------------------------------------------------------
Traceback (most recent call last):
  File "/workspace/scratch/c7b51e996a9f/tmp/a07_boundary_tests.py", line 140, in reject
    self.assertEqual(response.status_code, 422, response.content[:700])
AssertionError: 200 != 422 : b'{"state": "succeeded", "lot_id": 27, "code": "A06-9b758a41-OPEN", "quality": "pending", "erp_event_id": 12, "impact": [{"kind": "lots", "id": 27, "code": "A06-9b758a41-OPEN", "field": "quantity", "label": "\\u0424\\u0456\\u0437\\u0438\\u0447\\u043d\\u0438\\u0439 \\u0437\\u0430\\u043b\\u0438\\u0448\\u043e\\u043a", "before": null, "after": "10.000", "currency": "EUR"}, {"kind": "lots", "id": 27, "code": "A06-9b758a41-OPEN", "field": "reserved", "label": "\\u0423 \\u0440\\u0435\\u0437\\u0435\\u0440\\u0432\\u0456", "before": null, "after": "0", "currency": "EUR"}, {"kind": "lots", "id": 27, "code": "A06-9b758a41-OPEN", "field": "available", "label": "\\u041f\\u0440\\u0438\\u0434\\u0430\\u0442\\u043d\\u043e \\u0439 \\u0432\\u0456'

======================================================================
FAIL: test_l02_opening_revision_40_accepted_41_refused (a07_boundary_tests.A07BoundaryTests.test_l02_opening_revision_40_accepted_41_refused) (check='exact_zero_effect_before_harness_cleanup', boundary='L02/Lot.revision/41/EUR', adapter='confirm')
----------------------------------------------------------------------
Traceback (most recent call last):
  File "/workspace/scratch/c7b51e996a9f/tmp/a07_boundary_tests.py", line 143, in reject
    self.assert_same_physical(before, after, 'Refused command changed sources/history/receipt')
  File "/workspace/scratch/c7b51e996a9f/tmp/a07_boundary_tests.py", line 83, in assert_same_physical
    self.assertEqual(changed, [], message + ': ' + ', '.join(changed))
AssertionError: Lists differ: ['erp.Lot', 'erp.Movement', 'erp.Event', 'operations.ActionProposal'] != []

First list contains 4 additional elements.
First extra element 0:
'erp.Lot'

- ['erp.Lot', 'erp.Movement', 'erp.Event', 'operations.ActionProposal']
+ [] : Refused command changed sources/history/receipt: erp.Lot, erp.Movement, erp.Event, operations.ActionProposal

======================================================================
FAIL: test_l02_opening_revision_40_accepted_41_refused (a07_boundary_tests.A07BoundaryTests.test_l02_opening_revision_40_accepted_41_refused) (check='explicit_validation_refusal', boundary='L02/Lot.revision/41/USD', adapter='dispatch')
----------------------------------------------------------------------
Traceback (most recent call last):
  File "/workspace/scratch/c7b51e996a9f/tmp/a07_boundary_tests.py", line 136, in reject
    self.assertIsInstance(error, (ValueError, ValidationError),
AssertionError: None is not an instance of (<class 'ValueError'>, <class 'django.core.exceptions.ValidationError'>) : Expected domain validation before persistence; got None

======================================================================
FAIL: test_l02_opening_revision_40_accepted_41_refused (a07_boundary_tests.A07BoundaryTests.test_l02_opening_revision_40_accepted_41_refused) (check='exact_zero_effect_before_harness_cleanup', boundary='L02/Lot.revision/41/USD', adapter='dispatch')
----------------------------------------------------------------------
Traceback (most recent call last):
  File "/workspace/scratch/c7b51e996a9f/tmp/a07_boundary_tests.py", line 143, in reject
    self.assert_same_physical(before, after, 'Refused command changed sources/history/receipt')
  File "/workspace/scratch/c7b51e996a9f/tmp/a07_boundary_tests.py", line 83, in assert_same_physical
    self.assertEqual(changed, [], message + ': ' + ', '.join(changed))
AssertionError: Lists differ: ['erp.Lot', 'erp.Movement', 'erp.Event'] != []

First list contains 3 additional elements.
First extra element 0:
'erp.Lot'

- ['erp.Lot', 'erp.Movement', 'erp.Event']
+ [] : Refused command changed sources/history/receipt: erp.Lot, erp.Movement, erp.Event

======================================================================
FAIL: test_l02_opening_revision_40_accepted_41_refused (a07_boundary_tests.A07BoundaryTests.test_l02_opening_revision_40_accepted_41_refused) (check='explicit_validation_refusal', boundary='L02/Lot.revision/41/USD', adapter='preview')
----------------------------------------------------------------------
Traceback (most recent call last):
  File "/workspace/scratch/c7b51e996a9f/tmp/a07_boundary_tests.py", line 140, in reject
    self.assertEqual(response.status_code, 422, response.content[:700])
AssertionError: 200 != 422 : b'{"id": "376e1684-1608-445e-8bbd-7628c599f3a1", "payload": {"action": "erp_opening", "code": "A06-27167e5a-OPEN", "item_id": 54, "location_id": 53, "quantity": "10", "unit_cost": "2.00", "currency": "USD", "revision": "\\u0407\\u0407\\u0407\\u0407\\u0407\\u0407\\u0407\\u0407\\u0407\\u0407\\u0407\\u0407\\u0407\\u0407\\u0407\\u0407\\u0407\\u0407\\u0407\\u0407\\u0407\\u0407\\u0407\\u0407\\u0407\\u0407\\u0407\\u0407\\u0407\\u0407\\u0407\\u0407\\u0407\\u0407\\u0407\\u0407\\u0407\\u0407\\u0407\\u0407\\u0407"}, "expires_at": "2026-09-11T21:24:39.575899+00:00", "effect": {"lot_id": 30, "code": "A06-27167e5a-OPEN", "quality": "pending"}, "impact": [{"kind": "lots", "id": 30, "code": "A06-27167e5a-OPEN", "field": "quantity", "label": "\\u0424\\'

======================================================================
FAIL: test_l02_opening_revision_40_accepted_41_refused (a07_boundary_tests.A07BoundaryTests.test_l02_opening_revision_40_accepted_41_refused) (check='exact_zero_effect_before_harness_cleanup', boundary='L02/Lot.revision/41/USD', adapter='preview')
----------------------------------------------------------------------
Traceback (most recent call last):
  File "/workspace/scratch/c7b51e996a9f/tmp/a07_boundary_tests.py", line 143, in reject
    self.assert_same_physical(before, after, 'Refused command changed sources/history/receipt')
  File "/workspace/scratch/c7b51e996a9f/tmp/a07_boundary_tests.py", line 83, in assert_same_physical
    self.assertEqual(changed, [], message + ': ' + ', '.join(changed))
AssertionError: Lists differ: ['operations.ActionProposal'] != []

First list contains 1 additional elements.
First extra element 0:
'operations.ActionProposal'

- ['operations.ActionProposal']
+ [] : Refused command changed sources/history/receipt: operations.ActionProposal

======================================================================
FAIL: test_l02_opening_revision_40_accepted_41_refused (a07_boundary_tests.A07BoundaryTests.test_l02_opening_revision_40_accepted_41_refused) (check='explicit_validation_refusal', boundary='L02/Lot.revision/41/USD', adapter='confirm')
----------------------------------------------------------------------
Traceback (most recent call last):
  File "/workspace/scratch/c7b51e996a9f/tmp/a07_boundary_tests.py", line 140, in reject
    self.assertEqual(response.status_code, 422, response.content[:700])
AssertionError: 200 != 422 : b'{"state": "succeeded", "lot_id": 30, "code": "A06-27167e5a-OPEN", "quality": "pending", "erp_event_id": 13, "impact": [{"kind": "lots", "id": 30, "code": "A06-27167e5a-OPEN", "field": "quantity", "label": "\\u0424\\u0456\\u0437\\u0438\\u0447\\u043d\\u0438\\u0439 \\u0437\\u0430\\u043b\\u0438\\u0448\\u043e\\u043a", "before": null, "after": "10.000", "currency": "USD"}, {"kind": "lots", "id": 30, "code": "A06-27167e5a-OPEN", "field": "reserved", "label": "\\u0423 \\u0440\\u0435\\u0437\\u0435\\u0440\\u0432\\u0456", "before": null, "after": "0", "currency": "USD"}, {"kind": "lots", "id": 30, "code": "A06-27167e5a-OPEN", "field": "available", "label": "\\u041f\\u0440\\u0438\\u0434\\u0430\\u0442\\u043d\\u043e \\u0439 \\u0432\\u0456'

======================================================================
FAIL: test_l02_opening_revision_40_accepted_41_refused (a07_boundary_tests.A07BoundaryTests.test_l02_opening_revision_40_accepted_41_refused) (check='exact_zero_effect_before_harness_cleanup', boundary='L02/Lot.revision/41/USD', adapter='confirm')
----------------------------------------------------------------------
Traceback (most recent call last):
  File "/workspace/scratch/c7b51e996a9f/tmp/a07_boundary_tests.py", line 143, in reject
    self.assert_same_physical(before, after, 'Refused command changed sources/history/receipt')
  File "/workspace/scratch/c7b51e996a9f/tmp/a07_boundary_tests.py", line 83, in assert_same_physical
    self.assertEqual(changed, [], message + ': ' + ', '.join(changed))
AssertionError: Lists differ: ['erp.Lot', 'erp.Movement', 'erp.Event', 'operations.ActionProposal'] != []

First list contains 4 additional elements.
First extra element 0:
'erp.Lot'

- ['erp.Lot', 'erp.Movement', 'erp.Event', 'operations.ActionProposal']
+ [] : Refused command changed sources/history/receipt: erp.Lot, erp.Movement, erp.Event, operations.ActionProposal

======================================================================
FAIL: test_l02_opening_revision_40_accepted_41_refused (a07_boundary_tests.A07BoundaryTests.test_l02_opening_revision_40_accepted_41_refused) (check='explicit_validation_refusal', boundary='L02/Lot.revision/41/UAH', adapter='dispatch')
----------------------------------------------------------------------
Traceback (most recent call last):
  File "/workspace/scratch/c7b51e996a9f/tmp/a07_boundary_tests.py", line 136, in reject
    self.assertIsInstance(error, (ValueError, ValidationError),
AssertionError: None is not an instance of (<class 'ValueError'>, <class 'django.core.exceptions.ValidationError'>) : Expected domain validation before persistence; got None

======================================================================
FAIL: test_l02_opening_revision_40_accepted_41_refused (a07_boundary_tests.A07BoundaryTests.test_l02_opening_revision_40_accepted_41_refused) (check='exact_zero_effect_before_harness_cleanup', boundary='L02/Lot.revision/41/UAH', adapter='dispatch')
----------------------------------------------------------------------
Traceback (most recent call last):
  File "/workspace/scratch/c7b51e996a9f/tmp/a07_boundary_tests.py", line 143, in reject
    self.assert_same_physical(before, after, 'Refused command changed sources/history/receipt')
  File "/workspace/scratch/c7b51e996a9f/tmp/a07_boundary_tests.py", line 83, in assert_same_physical
    self.assertEqual(changed, [], message + ': ' + ', '.join(changed))
AssertionError: Lists differ: ['erp.Lot', 'erp.Movement', 'erp.Event'] != []

First list contains 3 additional elements.
First extra element 0:
'erp.Lot'

- ['erp.Lot', 'erp.Movement', 'erp.Event']
+ [] : Refused command changed sources/history/receipt: erp.Lot, erp.Movement, erp.Event

======================================================================
FAIL: test_l02_opening_revision_40_accepted_41_refused (a07_boundary_tests.A07BoundaryTests.test_l02_opening_revision_40_accepted_41_refused) (check='explicit_validation_refusal', boundary='L02/Lot.revision/41/UAH', adapter='preview')
----------------------------------------------------------------------
Traceback (most recent call last):
  File "/workspace/scratch/c7b51e996a9f/tmp/a07_boundary_tests.py", line 140, in reject
    self.assertEqual(response.status_code, 422, response.content[:700])
AssertionError: 200 != 422 : b'{"id": "1860372c-a2b5-4078-920c-672b40e7cdd3", "payload": {"action": "erp_opening", "code": "A06-9d0ce247-OPEN", "item_id": 58, "location_id": 57, "quantity": "10", "unit_cost": "2.00", "currency": "UAH", "revision": "\\u0407\\u0407\\u0407\\u0407\\u0407\\u0407\\u0407\\u0407\\u0407\\u0407\\u0407\\u0407\\u0407\\u0407\\u0407\\u0407\\u0407\\u0407\\u0407\\u0407\\u0407\\u0407\\u0407\\u0407\\u0407\\u0407\\u0407\\u0407\\u0407\\u0407\\u0407\\u0407\\u0407\\u0407\\u0407\\u0407\\u0407\\u0407\\u0407\\u0407\\u0407"}, "expires_at": "2026-09-11T21:24:39.933388+00:00", "effect": {"lot_id": 33, "code": "A06-9d0ce247-OPEN", "quality": "pending"}, "impact": [{"kind": "lots", "id": 33, "code": "A06-9d0ce247-OPEN", "field": "quantity", "label": "\\u0424\\'

======================================================================
FAIL: test_l02_opening_revision_40_accepted_41_refused (a07_boundary_tests.A07BoundaryTests.test_l02_opening_revision_40_accepted_41_refused) (check='exact_zero_effect_before_harness_cleanup', boundary='L02/Lot.revision/41/UAH', adapter='preview')
----------------------------------------------------------------------
Traceback (most recent call last):
  File "/workspace/scratch/c7b51e996a9f/tmp/a07_boundary_tests.py", line 143, in reject
    self.assert_same_physical(before, after, 'Refused command changed sources/history/receipt')
  File "/workspace/scratch/c7b51e996a9f/tmp/a07_boundary_tests.py", line 83, in assert_same_physical
    self.assertEqual(changed, [], message + ': ' + ', '.join(changed))
AssertionError: Lists differ: ['operations.ActionProposal'] != []

First list contains 1 additional elements.
First extra element 0:
'operations.ActionProposal'

- ['operations.ActionProposal']
+ [] : Refused command changed sources/history/receipt: operations.ActionProposal

======================================================================
FAIL: test_l02_opening_revision_40_accepted_41_refused (a07_boundary_tests.A07BoundaryTests.test_l02_opening_revision_40_accepted_41_refused) (check='explicit_validation_refusal', boundary='L02/Lot.revision/41/UAH', adapter='confirm')
----------------------------------------------------------------------
Traceback (most recent call last):
  File "/workspace/scratch/c7b51e996a9f/tmp/a07_boundary_tests.py", line 140, in reject
    self.assertEqual(response.status_code, 422, response.content[:700])
AssertionError: 200 != 422 : b'{"state": "succeeded", "lot_id": 33, "code": "A06-9d0ce247-OPEN", "quality": "pending", "erp_event_id": 14, "impact": [{"kind": "lots", "id": 33, "code": "A06-9d0ce247-OPEN", "field": "quantity", "label": "\\u0424\\u0456\\u0437\\u0438\\u0447\\u043d\\u0438\\u0439 \\u0437\\u0430\\u043b\\u0438\\u0448\\u043e\\u043a", "before": null, "after": "10.000", "currency": "UAH"}, {"kind": "lots", "id": 33, "code": "A06-9d0ce247-OPEN", "field": "reserved", "label": "\\u0423 \\u0440\\u0435\\u0437\\u0435\\u0440\\u0432\\u0456", "before": null, "after": "0", "currency": "UAH"}, {"kind": "lots", "id": 33, "code": "A06-9d0ce247-OPEN", "field": "available", "label": "\\u041f\\u0440\\u0438\\u0434\\u0430\\u0442\\u043d\\u043e \\u0439 \\u0432\\u0456'

======================================================================
FAIL: test_l02_opening_revision_40_accepted_41_refused (a07_boundary_tests.A07BoundaryTests.test_l02_opening_revision_40_accepted_41_refused) (check='exact_zero_effect_before_harness_cleanup', boundary='L02/Lot.revision/41/UAH', adapter='confirm')
----------------------------------------------------------------------
Traceback (most recent call last):
  File "/workspace/scratch/c7b51e996a9f/tmp/a07_boundary_tests.py", line 143, in reject
    self.assert_same_physical(before, after, 'Refused command changed sources/history/receipt')
  File "/workspace/scratch/c7b51e996a9f/tmp/a07_boundary_tests.py", line 83, in assert_same_physical
    self.assertEqual(changed, [], message + ': ' + ', '.join(changed))
AssertionError: Lists differ: ['erp.Lot', 'erp.Movement', 'erp.Event', 'operations.ActionProposal'] != []

First list contains 4 additional elements.
First extra element 0:
'erp.Lot'

- ['erp.Lot', 'erp.Movement', 'erp.Event', 'operations.ActionProposal']
+ [] : Refused command changed sources/history/receipt: erp.Lot, erp.Movement, erp.Event, operations.ActionProposal

======================================================================
FAIL: test_l03_item_material_200_accepted_201_refused (a07_boundary_tests.A07BoundaryTests.test_l03_item_material_200_accepted_201_refused) (check='explicit_validation_refusal', boundary='L03/Item.material/201', adapter='dispatch')
----------------------------------------------------------------------
Traceback (most recent call last):
  File "/workspace/scratch/c7b51e996a9f/tmp/a07_boundary_tests.py", line 136, in reject
    self.assertIsInstance(error, (ValueError, ValidationError),
AssertionError: None is not an instance of (<class 'ValueError'>, <class 'django.core.exceptions.ValidationError'>) : Expected domain validation before persistence; got None

======================================================================
FAIL: test_l03_item_material_200_accepted_201_refused (a07_boundary_tests.A07BoundaryTests.test_l03_item_material_200_accepted_201_refused) (check='exact_zero_effect_before_harness_cleanup', boundary='L03/Item.material/201', adapter='dispatch')
----------------------------------------------------------------------
Traceback (most recent call last):
  File "/workspace/scratch/c7b51e996a9f/tmp/a07_boundary_tests.py", line 143, in reject
    self.assert_same_physical(before, after, 'Refused command changed sources/history/receipt')
  File "/workspace/scratch/c7b51e996a9f/tmp/a07_boundary_tests.py", line 83, in assert_same_physical
    self.assertEqual(changed, [], message + ': ' + ', '.join(changed))
AssertionError: Lists differ: ['erp.Item', 'erp.Event'] != []

First list contains 2 additional elements.
First extra element 0:
'erp.Item'

- ['erp.Item', 'erp.Event']
+ [] : Refused command changed sources/history/receipt: erp.Item, erp.Event

======================================================================
FAIL: test_l03_item_material_200_accepted_201_refused (a07_boundary_tests.A07BoundaryTests.test_l03_item_material_200_accepted_201_refused) (check='explicit_validation_refusal', boundary='L03/Item.material/201', adapter='preview')
----------------------------------------------------------------------
Traceback (most recent call last):
  File "/workspace/scratch/c7b51e996a9f/tmp/a07_boundary_tests.py", line 140, in reject
    self.assertEqual(response.status_code, 422, response.content[:700])
AssertionError: 200 != 422 : b'{"id": "5674a06f-e4bf-444a-993f-06104f83e09b", "payload": {"action": "erp_item", "code": "A06-049bd08d-NEW", "name": "\\u0421\\u0438\\u043d\\u0442\\u0435\\u0442\\u0438\\u0447\\u043d\\u0438\\u0439 \\u043a\\u043e\\u043c\\u043f\\u043e\\u043d\\u0435\\u043d\\u0442", "unit": "\\u0448\\u0442.", "kind": "component", "method": "buy", "revision": "A", "currency": "EUR", "material": "\\u0422\\u0422\\u0422\\u0422\\u0422\\u0422\\u0422\\u0422\\u0422\\u0422\\u0422\\u0422\\u0422\\u0422\\u0422\\u0422\\u0422\\u0422\\u0422\\u0422\\u0422\\u0422\\u0422\\u0422\\u0422\\u0422\\u0422\\u0422\\u0422\\u0422\\u0422\\u0422\\u0422\\u0422\\u0422\\u0422\\u0422\\u0422\\u0422\\u0422\\u0422\\u0422\\u0422\\u0422\\u0422\\u0422\\u0422\\u0422\\u0422\\u0422\\u0422\\u0422\\u0422\\u0422\\u0422\\u0422\\u0422\\u04'

======================================================================
FAIL: test_l03_item_material_200_accepted_201_refused (a07_boundary_tests.A07BoundaryTests.test_l03_item_material_200_accepted_201_refused) (check='exact_zero_effect_before_harness_cleanup', boundary='L03/Item.material/201', adapter='preview')
----------------------------------------------------------------------
Traceback (most recent call last):
  File "/workspace/scratch/c7b51e996a9f/tmp/a07_boundary_tests.py", line 143, in reject
    self.assert_same_physical(before, after, 'Refused command changed sources/history/receipt')
  File "/workspace/scratch/c7b51e996a9f/tmp/a07_boundary_tests.py", line 83, in assert_same_physical
    self.assertEqual(changed, [], message + ': ' + ', '.join(changed))
AssertionError: Lists differ: ['operations.ActionProposal'] != []

First list contains 1 additional elements.
First extra element 0:
'operations.ActionProposal'

- ['operations.ActionProposal']
+ [] : Refused command changed sources/history/receipt: operations.ActionProposal

======================================================================
FAIL: test_l03_item_material_200_accepted_201_refused (a07_boundary_tests.A07BoundaryTests.test_l03_item_material_200_accepted_201_refused) (check='explicit_validation_refusal', boundary='L03/Item.material/201', adapter='confirm')
----------------------------------------------------------------------
Traceback (most recent call last):
  File "/workspace/scratch/c7b51e996a9f/tmp/a07_boundary_tests.py", line 140, in reject
    self.assertEqual(response.status_code, 422, response.content[:700])
AssertionError: 200 != 422 : b'{"state": "succeeded", "item_id": 65, "code": "A06-049bd08d-NEW", "erp_event_id": 15, "impact": [{"kind": "items", "id": 65, "code": "A06-049bd08d-NEW", "field": "revision", "label": "\\u0412\\u0435\\u0440\\u0441\\u0456\\u044f \\u0432\\u0438\\u0440\\u043e\\u0431\\u0443", "before": null, "after": "A", "currency": "EUR"}, {"kind": "items", "id": 65, "code": "A06-049bd08d-NEW", "field": "name", "label": "\\u041d\\u0430\\u0437\\u0432\\u0430", "before": null, "after": "\\u0421\\u0438\\u043d\\u0442\\u0435\\u0442\\u0438\\u0447\\u043d\\u0438\\u0439 \\u043a\\u043e\\u043c\\u043f\\u043e\\u043d\\u0435\\u043d\\u0442", "currency": "EUR"}, {"kind": "items", "id": 65, "code": "A06-049bd08d-NEW", "field": "bom", "label": "\\u0421\\u043a\\u043b\\u04'

======================================================================
FAIL: test_l03_item_material_200_accepted_201_refused (a07_boundary_tests.A07BoundaryTests.test_l03_item_material_200_accepted_201_refused) (check='exact_zero_effect_before_harness_cleanup', boundary='L03/Item.material/201', adapter='confirm')
----------------------------------------------------------------------
Traceback (most recent call last):
  File "/workspace/scratch/c7b51e996a9f/tmp/a07_boundary_tests.py", line 143, in reject
    self.assert_same_physical(before, after, 'Refused command changed sources/history/receipt')
  File "/workspace/scratch/c7b51e996a9f/tmp/a07_boundary_tests.py", line 83, in assert_same_physical
    self.assertEqual(changed, [], message + ': ' + ', '.join(changed))
AssertionError: Lists differ: ['erp.Item', 'erp.Event', 'operations.ActionProposal'] != []

First list contains 3 additional elements.
First extra element 0:
'erp.Item'

- ['erp.Item', 'erp.Event', 'operations.ActionProposal']
+ [] : Refused command changed sources/history/receipt: erp.Item, erp.Event, operations.ActionProposal

======================================================================
FAIL: test_l03_location_name_200_accepted_201_refused (a07_boundary_tests.A07BoundaryTests.test_l03_location_name_200_accepted_201_refused) (check='explicit_validation_refusal', boundary='L03/Location.name/201', adapter='dispatch')
----------------------------------------------------------------------
Traceback (most recent call last):
  File "/workspace/scratch/c7b51e996a9f/tmp/a07_boundary_tests.py", line 136, in reject
    self.assertIsInstance(error, (ValueError, ValidationError),
AssertionError: None is not an instance of (<class 'ValueError'>, <class 'django.core.exceptions.ValidationError'>) : Expected domain validation before persistence; got None

======================================================================
FAIL: test_l03_location_name_200_accepted_201_refused (a07_boundary_tests.A07BoundaryTests.test_l03_location_name_200_accepted_201_refused) (check='exact_zero_effect_before_harness_cleanup', boundary='L03/Location.name/201', adapter='dispatch')
----------------------------------------------------------------------
Traceback (most recent call last):
  File "/workspace/scratch/c7b51e996a9f/tmp/a07_boundary_tests.py", line 143, in reject
    self.assert_same_physical(before, after, 'Refused command changed sources/history/receipt')
  File "/workspace/scratch/c7b51e996a9f/tmp/a07_boundary_tests.py", line 83, in assert_same_physical
    self.assertEqual(changed, [], message + ': ' + ', '.join(changed))
AssertionError: Lists differ: ['erp.Location', 'erp.Event'] != []

First list contains 2 additional elements.
First extra element 0:
'erp.Location'

- ['erp.Location', 'erp.Event']
+ [] : Refused command changed sources/history/receipt: erp.Location, erp.Event

======================================================================
FAIL: test_l03_location_name_200_accepted_201_refused (a07_boundary_tests.A07BoundaryTests.test_l03_location_name_200_accepted_201_refused) (check='explicit_validation_refusal', boundary='L03/Location.name/201', adapter='preview')
----------------------------------------------------------------------
Traceback (most recent call last):
  File "/workspace/scratch/c7b51e996a9f/tmp/a07_boundary_tests.py", line 140, in reject
    self.assertEqual(response.status_code, 422, response.content[:700])
AssertionError: 200 != 422 : b'{"id": "0a7260c5-388c-442f-af8f-e69569c14e1a", "payload": {"action": "erp_location", "code": "A06-946393af-W2", "name": "\\u0421\\u0421\\u0421\\u0421\\u0421\\u0421\\u0421\\u0421\\u0421\\u0421\\u0421\\u0421\\u0421\\u0421\\u0421\\u0421\\u0421\\u0421\\u0421\\u0421\\u0421\\u0421\\u0421\\u0421\\u0421\\u0421\\u0421\\u0421\\u0421\\u0421\\u0421\\u0421\\u0421\\u0421\\u0421\\u0421\\u0421\\u0421\\u0421\\u0421\\u0421\\u0421\\u0421\\u0421\\u0421\\u0421\\u0421\\u0421\\u0421\\u0421\\u0421\\u0421\\u0421\\u0421\\u0421\\u0421\\u0421\\u0421\\u0421\\u0421\\u0421\\u0421\\u0421\\u0421\\u0421\\u0421\\u0421\\u0421\\u0421\\u0421\\u0421\\u0421\\u0421\\u0421\\u0421\\u0421\\u0421\\u0421\\u0421\\u0421\\u0421\\u0421\\u0421\\u0421\\u0421\\u0421\\u0421\\u0421\\u0421\\u0421\\u0421\\u0421\\u0421\\u0421\\u0421\\u0421\\u0'

======================================================================
FAIL: test_l03_location_name_200_accepted_201_refused (a07_boundary_tests.A07BoundaryTests.test_l03_location_name_200_accepted_201_refused) (check='exact_zero_effect_before_harness_cleanup', boundary='L03/Location.name/201', adapter='preview')
----------------------------------------------------------------------
Traceback (most recent call last):
  File "/workspace/scratch/c7b51e996a9f/tmp/a07_boundary_tests.py", line 143, in reject
    self.assert_same_physical(before, after, 'Refused command changed sources/history/receipt')
  File "/workspace/scratch/c7b51e996a9f/tmp/a07_boundary_tests.py", line 83, in assert_same_physical
    self.assertEqual(changed, [], message + ': ' + ', '.join(changed))
AssertionError: Lists differ: ['operations.ActionProposal'] != []

First list contains 1 additional elements.
First extra element 0:
'operations.ActionProposal'

- ['operations.ActionProposal']
+ [] : Refused command changed sources/history/receipt: operations.ActionProposal

======================================================================
FAIL: test_l03_location_name_200_accepted_201_refused (a07_boundary_tests.A07BoundaryTests.test_l03_location_name_200_accepted_201_refused) (check='explicit_validation_refusal', boundary='L03/Location.name/201', adapter='confirm')
----------------------------------------------------------------------
Traceback (most recent call last):
  File "/workspace/scratch/c7b51e996a9f/tmp/a07_boundary_tests.py", line 140, in reject
    self.assertEqual(response.status_code, 422, response.content[:700])
AssertionError: 200 != 422 : b'{"state": "succeeded", "location_id": 68, "code": "A06-946393af-W2", "erp_event_id": 16, "impact": [{"kind": "locations", "id": 68, "code": "A06-946393af-W2", "field": "name", "label": "\\u041d\\u0430\\u0437\\u0432\\u0430 \\u043c\\u0456\\u0441\\u0446\\u044f", "before": null, "after": "\\u0421\\u0421\\u0421\\u0421\\u0421\\u0421\\u0421\\u0421\\u0421\\u0421\\u0421\\u0421\\u0421\\u0421\\u0421\\u0421\\u0421\\u0421\\u0421\\u0421\\u0421\\u0421\\u0421\\u0421\\u0421\\u0421\\u0421\\u0421\\u0421\\u0421\\u0421\\u0421\\u0421\\u0421\\u0421\\u0421\\u0421\\u0421\\u0421\\u0421\\u0421\\u0421\\u0421\\u0421\\u0421\\u0421\\u0421\\u0421\\u0421\\u0421\\u0421\\u0421\\u0421\\u0421\\u0421\\u0421\\u0421\\u0421\\u0421\\u0421\\u0421\\u0421\\u0421\\u0421\\u0421\\u0421\\u0421\\u0421\\u0421\\u0421\\u04'

======================================================================
FAIL: test_l03_location_name_200_accepted_201_refused (a07_boundary_tests.A07BoundaryTests.test_l03_location_name_200_accepted_201_refused) (check='exact_zero_effect_before_harness_cleanup', boundary='L03/Location.name/201', adapter='confirm')
----------------------------------------------------------------------
Traceback (most recent call last):
  File "/workspace/scratch/c7b51e996a9f/tmp/a07_boundary_tests.py", line 143, in reject
    self.assert_same_physical(before, after, 'Refused command changed sources/history/receipt')
  File "/workspace/scratch/c7b51e996a9f/tmp/a07_boundary_tests.py", line 83, in assert_same_physical
    self.assertEqual(changed, [], message + ': ' + ', '.join(changed))
AssertionError: Lists differ: ['erp.Location', 'erp.Event', 'operations.ActionProposal'] != []

First list contains 3 additional elements.
First extra element 0:
'erp.Location'

- ['erp.Location', 'erp.Event', 'operations.ActionProposal']
+ [] : Refused command changed sources/history/receipt: erp.Location, erp.Event, operations.ActionProposal

======================================================================
FAIL: test_l04_nested_json_nul_and_unpaired_surrogate_rejected_before_sql (a07_boundary_tests.A07BoundaryTests.test_l04_nested_json_nul_and_unpaired_surrogate_rejected_before_sql) (check='explicit_validation_refusal', boundary="L04/nested/0/'До\\x00після'", adapter='dispatch')
----------------------------------------------------------------------
Traceback (most recent call last):
  File "/workspace/scratch/c7b51e996a9f/tmp/a07_boundary_tests.py", line 136, in reject
    self.assertIsInstance(error, (ValueError, ValidationError),
AssertionError: None is not an instance of (<class 'ValueError'>, <class 'django.core.exceptions.ValidationError'>) : Expected domain validation before persistence; got None

======================================================================
FAIL: test_l04_nested_json_nul_and_unpaired_surrogate_rejected_before_sql (a07_boundary_tests.A07BoundaryTests.test_l04_nested_json_nul_and_unpaired_surrogate_rejected_before_sql) (check='exact_zero_effect_before_harness_cleanup', boundary="L04/nested/0/'До\\x00після'", adapter='dispatch')
----------------------------------------------------------------------
Traceback (most recent call last):
  File "/workspace/scratch/c7b51e996a9f/tmp/a07_boundary_tests.py", line 143, in reject
    self.assert_same_physical(before, after, 'Refused command changed sources/history/receipt')
  File "/workspace/scratch/c7b51e996a9f/tmp/a07_boundary_tests.py", line 83, in assert_same_physical
    self.assertEqual(changed, [], message + ': ' + ', '.join(changed))
AssertionError: Lists differ: ['erp.Item', 'erp.Event'] != []

First list contains 2 additional elements.
First extra element 0:
'erp.Item'

- ['erp.Item', 'erp.Event']
+ [] : Refused command changed sources/history/receipt: erp.Item, erp.Event

======================================================================
FAIL: test_l04_nested_json_nul_and_unpaired_surrogate_rejected_before_sql (a07_boundary_tests.A07BoundaryTests.test_l04_nested_json_nul_and_unpaired_surrogate_rejected_before_sql) (check='reject_before_business_sql', boundary="L04/nested/0/'До\\x00після'", adapter='dispatch')
----------------------------------------------------------------------
Traceback (most recent call last):
  File "/workspace/scratch/c7b51e996a9f/tmp/a07_boundary_tests.py", line 146, in reject
    self.assertEqual(attempted_writes, [],
AssertionError: Lists differ: [('erp_item', 'INSERT'), ('erp_event', 'INSERT')] != []

First list contains 2 additional elements.
First extra element 0:
('erp_item', 'INSERT')

- [('erp_item', 'INSERT'), ('erp_event', 'INSERT')]
+ [] : Invalid Unicode must not reach a business INSERT/UPDATE/DELETE

======================================================================
FAIL: test_l04_nested_json_nul_and_unpaired_surrogate_rejected_before_sql (a07_boundary_tests.A07BoundaryTests.test_l04_nested_json_nul_and_unpaired_surrogate_rejected_before_sql) (check='explicit_validation_refusal', boundary="L04/nested/0/'До\\x00після'", adapter='preview')
----------------------------------------------------------------------
Traceback (most recent call last):
  File "/workspace/scratch/c7b51e996a9f/tmp/a07_boundary_tests.py", line 140, in reject
    self.assertEqual(response.status_code, 422, response.content[:700])
AssertionError: 200 != 422 : b'{"id": "f028b2a8-22bc-4d13-b87d-328d4dfd02de", "payload": {"action": "erp_item", "code": "A06-11daf8c4-NEW", "name": "\\u0421\\u0438\\u043d\\u0442\\u0435\\u0442\\u0438\\u0447\\u043d\\u0438\\u0439 \\u043a\\u043e\\u043c\\u043f\\u043e\\u043d\\u0435\\u043d\\u0442", "unit": "\\u0448\\u0442.", "kind": "component", "method": "buy", "revision": "A", "currency": "EUR", "external_codes": {"\\u0434\\u0436\\u0435\\u0440\\u0435\\u043b\\u043e": [{"\\u0432\\u043a\\u043b\\u0430\\u0434\\u0435\\u043d\\u0438\\u0439": "\\u0414\\u043e\\u0000\\u043f\\u0456\\u0441\\u043b\\u044f"}]}}, "expires_at": "2026-09-11T21:24:41.559365+00:00", "effect": {"item_id": 71, "code": "A06-11daf8c4-NEW"}, "impact": [{"kind": "items", "id": 71, "code": "A06-11daf8c4-NEW", "field'

======================================================================
FAIL: test_l04_nested_json_nul_and_unpaired_surrogate_rejected_before_sql (a07_boundary_tests.A07BoundaryTests.test_l04_nested_json_nul_and_unpaired_surrogate_rejected_before_sql) (check='exact_zero_effect_before_harness_cleanup', boundary="L04/nested/0/'До\\x00після'", adapter='preview')
----------------------------------------------------------------------
Traceback (most recent call last):
  File "/workspace/scratch/c7b51e996a9f/tmp/a07_boundary_tests.py", line 143, in reject
    self.assert_same_physical(before, after, 'Refused command changed sources/history/receipt')
  File "/workspace/scratch/c7b51e996a9f/tmp/a07_boundary_tests.py", line 83, in assert_same_physical
    self.assertEqual(changed, [], message + ': ' + ', '.join(changed))
AssertionError: Lists differ: ['operations.ActionProposal'] != []

First list contains 1 additional elements.
First extra element 0:
'operations.ActionProposal'

- ['operations.ActionProposal']
+ [] : Refused command changed sources/history/receipt: operations.ActionProposal

======================================================================
FAIL: test_l04_nested_json_nul_and_unpaired_surrogate_rejected_before_sql (a07_boundary_tests.A07BoundaryTests.test_l04_nested_json_nul_and_unpaired_surrogate_rejected_before_sql) (check='reject_before_business_sql', boundary="L04/nested/0/'До\\x00після'", adapter='preview')
----------------------------------------------------------------------
Traceback (most recent call last):
  File "/workspace/scratch/c7b51e996a9f/tmp/a07_boundary_tests.py", line 146, in reject
    self.assertEqual(attempted_writes, [],
AssertionError: Lists differ: [('erp_item', 'INSERT')] != []

First list contains 1 additional elements.
First extra element 0:
('erp_item', 'INSERT')

- [('erp_item', 'INSERT')]
+ [] : Invalid Unicode must not reach a business INSERT/UPDATE/DELETE

======================================================================
FAIL: test_l04_nested_json_nul_and_unpaired_surrogate_rejected_before_sql (a07_boundary_tests.A07BoundaryTests.test_l04_nested_json_nul_and_unpaired_surrogate_rejected_before_sql) (check='explicit_validation_refusal', boundary="L04/nested/1/'До\\x00після'", adapter='dispatch')
----------------------------------------------------------------------
Traceback (most recent call last):
  File "/workspace/scratch/c7b51e996a9f/tmp/a07_boundary_tests.py", line 136, in reject
    self.assertIsInstance(error, (ValueError, ValidationError),
AssertionError: None is not an instance of (<class 'ValueError'>, <class 'django.core.exceptions.ValidationError'>) : Expected domain validation before persistence; got None

======================================================================
FAIL: test_l04_nested_json_nul_and_unpaired_surrogate_rejected_before_sql (a07_boundary_tests.A07BoundaryTests.test_l04_nested_json_nul_and_unpaired_surrogate_rejected_before_sql) (check='exact_zero_effect_before_harness_cleanup', boundary="L04/nested/1/'До\\x00після'", adapter='dispatch')
----------------------------------------------------------------------
Traceback (most recent call last):
  File "/workspace/scratch/c7b51e996a9f/tmp/a07_boundary_tests.py", line 143, in reject
    self.assert_same_physical(before, after, 'Refused command changed sources/history/receipt')
  File "/workspace/scratch/c7b51e996a9f/tmp/a07_boundary_tests.py", line 83, in assert_same_physical
    self.assertEqual(changed, [], message + ': ' + ', '.join(changed))
AssertionError: Lists differ: ['erp.Item', 'erp.Event'] != []

First list contains 2 additional elements.
First extra element 0:
'erp.Item'

- ['erp.Item', 'erp.Event']
+ [] : Refused command changed sources/history/receipt: erp.Item, erp.Event

======================================================================
FAIL: test_l04_nested_json_nul_and_unpaired_surrogate_rejected_before_sql (a07_boundary_tests.A07BoundaryTests.test_l04_nested_json_nul_and_unpaired_surrogate_rejected_before_sql) (check='reject_before_business_sql', boundary="L04/nested/1/'До\\x00після'", adapter='dispatch')
----------------------------------------------------------------------
Traceback (most recent call last):
  File "/workspace/scratch/c7b51e996a9f/tmp/a07_boundary_tests.py", line 146, in reject
    self.assertEqual(attempted_writes, [],
AssertionError: Lists differ: [('erp_item', 'INSERT'), ('erp_event', 'INSERT')] != []

First list contains 2 additional elements.
First extra element 0:
('erp_item', 'INSERT')

- [('erp_item', 'INSERT'), ('erp_event', 'INSERT')]
+ [] : Invalid Unicode must not reach a business INSERT/UPDATE/DELETE

======================================================================
FAIL: test_l04_nested_json_nul_and_unpaired_surrogate_rejected_before_sql (a07_boundary_tests.A07BoundaryTests.test_l04_nested_json_nul_and_unpaired_surrogate_rejected_before_sql) (check='explicit_validation_refusal', boundary="L04/nested/1/'До\\x00після'", adapter='preview')
----------------------------------------------------------------------
Traceback (most recent call last):
  File "/workspace/scratch/c7b51e996a9f/tmp/a07_boundary_tests.py", line 140, in reject
    self.assertEqual(response.status_code, 422, response.content[:700])
AssertionError: 200 != 422 : b'{"id": "9d1b620c-afe0-4ecc-8c4f-b89364d83300", "payload": {"action": "erp_item", "code": "A06-11daf8c4-NEW", "name": "\\u0421\\u0438\\u043d\\u0442\\u0435\\u0442\\u0438\\u0447\\u043d\\u0438\\u0439 \\u043a\\u043e\\u043c\\u043f\\u043e\\u043d\\u0435\\u043d\\u0442", "unit": "\\u0448\\u0442.", "kind": "component", "method": "buy", "revision": "A", "currency": "EUR", "external_codes": {"\\u0434\\u0436\\u0435\\u0440\\u0435\\u043b\\u043e": {"\\u0414\\u043e\\u0000\\u043f\\u0456\\u0441\\u043b\\u044f": "\\u0437\\u043d\\u0430\\u0447\\u0435\\u043d\\u043d\\u044f"}}}, "expires_at": "2026-09-11T21:24:41.597899+00:00", "effect": {"item_id": 71, "code": "A06-11daf8c4-NEW"}, "impact": [{"kind": "items", "id": 71, "code": "A06-11daf8c4-NEW", "field": "revi'

======================================================================
FAIL: test_l04_nested_json_nul_and_unpaired_surrogate_rejected_before_sql (a07_boundary_tests.A07BoundaryTests.test_l04_nested_json_nul_and_unpaired_surrogate_rejected_before_sql) (check='exact_zero_effect_before_harness_cleanup', boundary="L04/nested/1/'До\\x00після'", adapter='preview')
----------------------------------------------------------------------
Traceback (most recent call last):
  File "/workspace/scratch/c7b51e996a9f/tmp/a07_boundary_tests.py", line 143, in reject
    self.assert_same_physical(before, after, 'Refused command changed sources/history/receipt')
  File "/workspace/scratch/c7b51e996a9f/tmp/a07_boundary_tests.py", line 83, in assert_same_physical
    self.assertEqual(changed, [], message + ': ' + ', '.join(changed))
AssertionError: Lists differ: ['operations.ActionProposal'] != []

First list contains 1 additional elements.
First extra element 0:
'operations.ActionProposal'

- ['operations.ActionProposal']
+ [] : Refused command changed sources/history/receipt: operations.ActionProposal

======================================================================
FAIL: test_l04_nested_json_nul_and_unpaired_surrogate_rejected_before_sql (a07_boundary_tests.A07BoundaryTests.test_l04_nested_json_nul_and_unpaired_surrogate_rejected_before_sql) (check='reject_before_business_sql', boundary="L04/nested/1/'До\\x00після'", adapter='preview')
----------------------------------------------------------------------
Traceback (most recent call last):
  File "/workspace/scratch/c7b51e996a9f/tmp/a07_boundary_tests.py", line 146, in reject
    self.assertEqual(attempted_writes, [],
AssertionError: Lists differ: [('erp_item', 'INSERT')] != []

First list contains 1 additional elements.
First extra element 0:
('erp_item', 'INSERT')

- [('erp_item', 'INSERT')]
+ [] : Invalid Unicode must not reach a business INSERT/UPDATE/DELETE

======================================================================
FAIL: test_l04_nested_json_nul_and_unpaired_surrogate_rejected_before_sql (a07_boundary_tests.A07BoundaryTests.test_l04_nested_json_nul_and_unpaired_surrogate_rejected_before_sql) (check='explicit_validation_refusal', boundary="L04/nested/2/'До\\x00після'", adapter='dispatch')
----------------------------------------------------------------------
Traceback (most recent call last):
  File "/workspace/scratch/c7b51e996a9f/tmp/a07_boundary_tests.py", line 136, in reject
    self.assertIsInstance(error, (ValueError, ValidationError),
AssertionError: None is not an instance of (<class 'ValueError'>, <class 'django.core.exceptions.ValidationError'>) : Expected domain validation before persistence; got None

======================================================================
FAIL: test_l04_nested_json_nul_and_unpaired_surrogate_rejected_before_sql (a07_boundary_tests.A07BoundaryTests.test_l04_nested_json_nul_and_unpaired_surrogate_rejected_before_sql) (check='exact_zero_effect_before_harness_cleanup', boundary="L04/nested/2/'До\\x00після'", adapter='dispatch')
----------------------------------------------------------------------
Traceback (most recent call last):
  File "/workspace/scratch/c7b51e996a9f/tmp/a07_boundary_tests.py", line 143, in reject
    self.assert_same_physical(before, after, 'Refused command changed sources/history/receipt')
  File "/workspace/scratch/c7b51e996a9f/tmp/a07_boundary_tests.py", line 83, in assert_same_physical
    self.assertEqual(changed, [], message + ': ' + ', '.join(changed))
AssertionError: Lists differ: ['erp.Item', 'erp.Event'] != []

First list contains 2 additional elements.
First extra element 0:
'erp.Item'

- ['erp.Item', 'erp.Event']
+ [] : Refused command changed sources/history/receipt: erp.Item, erp.Event

======================================================================
FAIL: test_l04_nested_json_nul_and_unpaired_surrogate_rejected_before_sql (a07_boundary_tests.A07BoundaryTests.test_l04_nested_json_nul_and_unpaired_surrogate_rejected_before_sql) (check='reject_before_business_sql', boundary="L04/nested/2/'До\\x00після'", adapter='dispatch')
----------------------------------------------------------------------
Traceback (most recent call last):
  File "/workspace/scratch/c7b51e996a9f/tmp/a07_boundary_tests.py", line 146, in reject
    self.assertEqual(attempted_writes, [],
AssertionError: Lists differ: [('erp_item', 'INSERT'), ('erp_event', 'INSERT')] != []

First list contains 2 additional elements.
First extra element 0:
('erp_item', 'INSERT')

- [('erp_item', 'INSERT'), ('erp_event', 'INSERT')]
+ [] : Invalid Unicode must not reach a business INSERT/UPDATE/DELETE

======================================================================
FAIL: test_l04_nested_json_nul_and_unpaired_surrogate_rejected_before_sql (a07_boundary_tests.A07BoundaryTests.test_l04_nested_json_nul_and_unpaired_surrogate_rejected_before_sql) (check='explicit_validation_refusal', boundary="L04/nested/2/'До\\x00після'", adapter='preview')
----------------------------------------------------------------------
Traceback (most recent call last):
  File "/workspace/scratch/c7b51e996a9f/tmp/a07_boundary_tests.py", line 140, in reject
    self.assertEqual(response.status_code, 422, response.content[:700])
AssertionError: 200 != 422 : b'{"id": "26f6cc25-375d-4100-a09c-a8155ebe1a5a", "payload": {"action": "erp_item", "code": "A06-11daf8c4-NEW", "name": "\\u0421\\u0438\\u043d\\u0442\\u0435\\u0442\\u0438\\u0447\\u043d\\u0438\\u0439 \\u043a\\u043e\\u043c\\u043f\\u043e\\u043d\\u0435\\u043d\\u0442", "unit": "\\u0448\\u0442.", "kind": "component", "method": "buy", "revision": "A", "currency": "EUR", "routing": [{"name": "\\u0412\\u0438\\u0433\\u043e\\u0442\\u043e\\u0432\\u043b\\u0435\\u043d\\u043d\\u044f", "instruction": "\\u0414\\u043e\\u0000\\u043f\\u0456\\u0441\\u043b\\u044f", "days": 1}]}, "expires_at": "2026-09-11T21:24:41.639301+00:00", "effect": {"item_id": 71, "code": "A06-11daf8c4-NEW"}, "impact": [{"kind": "items", "id": 71, "code": "A06-11daf8c4-NEW", "field": '

======================================================================
FAIL: test_l04_nested_json_nul_and_unpaired_surrogate_rejected_before_sql (a07_boundary_tests.A07BoundaryTests.test_l04_nested_json_nul_and_unpaired_surrogate_rejected_before_sql) (check='exact_zero_effect_before_harness_cleanup', boundary="L04/nested/2/'До\\x00після'", adapter='preview')
----------------------------------------------------------------------
Traceback (most recent call last):
  File "/workspace/scratch/c7b51e996a9f/tmp/a07_boundary_tests.py", line 143, in reject
    self.assert_same_physical(before, after, 'Refused command changed sources/history/receipt')
  File "/workspace/scratch/c7b51e996a9f/tmp/a07_boundary_tests.py", line 83, in assert_same_physical
    self.assertEqual(changed, [], message + ': ' + ', '.join(changed))
AssertionError: Lists differ: ['operations.ActionProposal'] != []

First list contains 1 additional elements.
First extra element 0:
'operations.ActionProposal'

- ['operations.ActionProposal']
+ [] : Refused command changed sources/history/receipt: operations.ActionProposal

======================================================================
FAIL: test_l04_nested_json_nul_and_unpaired_surrogate_rejected_before_sql (a07_boundary_tests.A07BoundaryTests.test_l04_nested_json_nul_and_unpaired_surrogate_rejected_before_sql) (check='reject_before_business_sql', boundary="L04/nested/2/'До\\x00після'", adapter='preview')
----------------------------------------------------------------------
Traceback (most recent call last):
  File "/workspace/scratch/c7b51e996a9f/tmp/a07_boundary_tests.py", line 146, in reject
    self.assertEqual(attempted_writes, [],
AssertionError: Lists differ: [('erp_item', 'INSERT')] != []

First list contains 1 additional elements.
First extra element 0:
('erp_item', 'INSERT')

- [('erp_item', 'INSERT')]
+ [] : Invalid Unicode must not reach a business INSERT/UPDATE/DELETE

======================================================================
FAIL: test_l04_nested_json_nul_and_unpaired_surrogate_rejected_before_sql (a07_boundary_tests.A07BoundaryTests.test_l04_nested_json_nul_and_unpaired_surrogate_rejected_before_sql) (check='explicit_validation_refusal', boundary="L04/nested/0/'До\\ud800після'", adapter='dispatch')
----------------------------------------------------------------------
Traceback (most recent call last):
  File "/workspace/scratch/c7b51e996a9f/tmp/a07_boundary_tests.py", line 136, in reject
    self.assertIsInstance(error, (ValueError, ValidationError),
AssertionError: None is not an instance of (<class 'ValueError'>, <class 'django.core.exceptions.ValidationError'>) : Expected domain validation before persistence; got None

======================================================================
FAIL: test_l04_nested_json_nul_and_unpaired_surrogate_rejected_before_sql (a07_boundary_tests.A07BoundaryTests.test_l04_nested_json_nul_and_unpaired_surrogate_rejected_before_sql) (check='exact_zero_effect_before_harness_cleanup', boundary="L04/nested/0/'До\\ud800після'", adapter='dispatch')
----------------------------------------------------------------------
Traceback (most recent call last):
  File "/workspace/scratch/c7b51e996a9f/tmp/a07_boundary_tests.py", line 143, in reject
    self.assert_same_physical(before, after, 'Refused command changed sources/history/receipt')
  File "/workspace/scratch/c7b51e996a9f/tmp/a07_boundary_tests.py", line 83, in assert_same_physical
    self.assertEqual(changed, [], message + ': ' + ', '.join(changed))
AssertionError: Lists differ: ['erp.Item', 'erp.Event'] != []

First list contains 2 additional elements.
First extra element 0:
'erp.Item'

- ['erp.Item', 'erp.Event']
+ [] : Refused command changed sources/history/receipt: erp.Item, erp.Event

======================================================================
FAIL: test_l04_nested_json_nul_and_unpaired_surrogate_rejected_before_sql (a07_boundary_tests.A07BoundaryTests.test_l04_nested_json_nul_and_unpaired_surrogate_rejected_before_sql) (check='reject_before_business_sql', boundary="L04/nested/0/'До\\ud800після'", adapter='dispatch')
----------------------------------------------------------------------
Traceback (most recent call last):
  File "/workspace/scratch/c7b51e996a9f/tmp/a07_boundary_tests.py", line 146, in reject
    self.assertEqual(attempted_writes, [],
AssertionError: Lists differ: [('erp_item', 'INSERT'), ('erp_event', 'INSERT')] != []

First list contains 2 additional elements.
First extra element 0:
('erp_item', 'INSERT')

- [('erp_item', 'INSERT'), ('erp_event', 'INSERT')]
+ [] : Invalid Unicode must not reach a business INSERT/UPDATE/DELETE

======================================================================
FAIL: test_l04_nested_json_nul_and_unpaired_surrogate_rejected_before_sql (a07_boundary_tests.A07BoundaryTests.test_l04_nested_json_nul_and_unpaired_surrogate_rejected_before_sql) (check='explicit_validation_refusal', boundary="L04/nested/0/'До\\ud800після'", adapter='preview')
----------------------------------------------------------------------
Traceback (most recent call last):
  File "/workspace/scratch/c7b51e996a9f/tmp/a07_boundary_tests.py", line 140, in reject
    self.assertEqual(response.status_code, 422, response.content[:700])
AssertionError: 200 != 422 : b'{"id": "258476d9-5bb0-42b4-b3f1-72fa6550c19f", "payload": {"action": "erp_item", "code": "A06-11daf8c4-NEW", "name": "\\u0421\\u0438\\u043d\\u0442\\u0435\\u0442\\u0438\\u0447\\u043d\\u0438\\u0439 \\u043a\\u043e\\u043c\\u043f\\u043e\\u043d\\u0435\\u043d\\u0442", "unit": "\\u0448\\u0442.", "kind": "component", "method": "buy", "revision": "A", "currency": "EUR", "external_codes": {"\\u0434\\u0436\\u0435\\u0440\\u0435\\u043b\\u043e": [{"\\u0432\\u043a\\u043b\\u0430\\u0434\\u0435\\u043d\\u0438\\u0439": "\\u0414\\u043e\\ud800\\u043f\\u0456\\u0441\\u043b\\u044f"}]}}, "expires_at": "2026-09-11T21:24:41.681031+00:00", "effect": {"item_id": 71, "code": "A06-11daf8c4-NEW"}, "impact": [{"kind": "items", "id": 71, "code": "A06-11daf8c4-NEW", "field'

======================================================================
FAIL: test_l04_nested_json_nul_and_unpaired_surrogate_rejected_before_sql (a07_boundary_tests.A07BoundaryTests.test_l04_nested_json_nul_and_unpaired_surrogate_rejected_before_sql) (check='exact_zero_effect_before_harness_cleanup', boundary="L04/nested/0/'До\\ud800після'", adapter='preview')
----------------------------------------------------------------------
Traceback (most recent call last):
  File "/workspace/scratch/c7b51e996a9f/tmp/a07_boundary_tests.py", line 143, in reject
    self.assert_same_physical(before, after, 'Refused command changed sources/history/receipt')
  File "/workspace/scratch/c7b51e996a9f/tmp/a07_boundary_tests.py", line 83, in assert_same_physical
    self.assertEqual(changed, [], message + ': ' + ', '.join(changed))
AssertionError: Lists differ: ['operations.ActionProposal'] != []

First list contains 1 additional elements.
First extra element 0:
'operations.ActionProposal'

- ['operations.ActionProposal']
+ [] : Refused command changed sources/history/receipt: operations.ActionProposal

======================================================================
FAIL: test_l04_nested_json_nul_and_unpaired_surrogate_rejected_before_sql (a07_boundary_tests.A07BoundaryTests.test_l04_nested_json_nul_and_unpaired_surrogate_rejected_before_sql) (check='reject_before_business_sql', boundary="L04/nested/0/'До\\ud800після'", adapter='preview')
----------------------------------------------------------------------
Traceback (most recent call last):
  File "/workspace/scratch/c7b51e996a9f/tmp/a07_boundary_tests.py", line 146, in reject
    self.assertEqual(attempted_writes, [],
AssertionError: Lists differ: [('erp_item', 'INSERT')] != []

First list contains 1 additional elements.
First extra element 0:
('erp_item', 'INSERT')

- [('erp_item', 'INSERT')]
+ [] : Invalid Unicode must not reach a business INSERT/UPDATE/DELETE

======================================================================
FAIL: test_l04_nested_json_nul_and_unpaired_surrogate_rejected_before_sql (a07_boundary_tests.A07BoundaryTests.test_l04_nested_json_nul_and_unpaired_surrogate_rejected_before_sql) (check='explicit_validation_refusal', boundary="L04/nested/1/'До\\ud800після'", adapter='dispatch')
----------------------------------------------------------------------
Traceback (most recent call last):
  File "/workspace/scratch/c7b51e996a9f/tmp/a07_boundary_tests.py", line 136, in reject
    self.assertIsInstance(error, (ValueError, ValidationError),
AssertionError: None is not an instance of (<class 'ValueError'>, <class 'django.core.exceptions.ValidationError'>) : Expected domain validation before persistence; got None

======================================================================
FAIL: test_l04_nested_json_nul_and_unpaired_surrogate_rejected_before_sql (a07_boundary_tests.A07BoundaryTests.test_l04_nested_json_nul_and_unpaired_surrogate_rejected_before_sql) (check='exact_zero_effect_before_harness_cleanup', boundary="L04/nested/1/'До\\ud800після'", adapter='dispatch')
----------------------------------------------------------------------
Traceback (most recent call last):
  File "/workspace/scratch/c7b51e996a9f/tmp/a07_boundary_tests.py", line 143, in reject
    self.assert_same_physical(before, after, 'Refused command changed sources/history/receipt')
  File "/workspace/scratch/c7b51e996a9f/tmp/a07_boundary_tests.py", line 83, in assert_same_physical
    self.assertEqual(changed, [], message + ': ' + ', '.join(changed))
AssertionError: Lists differ: ['erp.Item', 'erp.Event'] != []

First list contains 2 additional elements.
First extra element 0:
'erp.Item'

- ['erp.Item', 'erp.Event']
+ [] : Refused command changed sources/history/receipt: erp.Item, erp.Event

======================================================================
FAIL: test_l04_nested_json_nul_and_unpaired_surrogate_rejected_before_sql (a07_boundary_tests.A07BoundaryTests.test_l04_nested_json_nul_and_unpaired_surrogate_rejected_before_sql) (check='reject_before_business_sql', boundary="L04/nested/1/'До\\ud800після'", adapter='dispatch')
----------------------------------------------------------------------
Traceback (most recent call last):
  File "/workspace/scratch/c7b51e996a9f/tmp/a07_boundary_tests.py", line 146, in reject
    self.assertEqual(attempted_writes, [],
AssertionError: Lists differ: [('erp_item', 'INSERT'), ('erp_event', 'INSERT')] != []

First list contains 2 additional elements.
First extra element 0:
('erp_item', 'INSERT')

- [('erp_item', 'INSERT'), ('erp_event', 'INSERT')]
+ [] : Invalid Unicode must not reach a business INSERT/UPDATE/DELETE

======================================================================
FAIL: test_l04_nested_json_nul_and_unpaired_surrogate_rejected_before_sql (a07_boundary_tests.A07BoundaryTests.test_l04_nested_json_nul_and_unpaired_surrogate_rejected_before_sql) (check='explicit_validation_refusal', boundary="L04/nested/1/'До\\ud800після'", adapter='preview')
----------------------------------------------------------------------
Traceback (most recent call last):
  File "/workspace/scratch/c7b51e996a9f/tmp/a07_boundary_tests.py", line 140, in reject
    self.assertEqual(response.status_code, 422, response.content[:700])
AssertionError: 200 != 422 : b'{"id": "8c9a587a-9459-4d73-9345-260ebd2006a0", "payload": {"action": "erp_item", "code": "A06-11daf8c4-NEW", "name": "\\u0421\\u0438\\u043d\\u0442\\u0435\\u0442\\u0438\\u0447\\u043d\\u0438\\u0439 \\u043a\\u043e\\u043c\\u043f\\u043e\\u043d\\u0435\\u043d\\u0442", "unit": "\\u0448\\u0442.", "kind": "component", "method": "buy", "revision": "A", "currency": "EUR", "external_codes": {"\\u0434\\u0436\\u0435\\u0440\\u0435\\u043b\\u043e": {"\\u0414\\u043e\\ud800\\u043f\\u0456\\u0441\\u043b\\u044f": "\\u0437\\u043d\\u0430\\u0447\\u0435\\u043d\\u043d\\u044f"}}}, "expires_at": "2026-09-11T21:24:41.723117+00:00", "effect": {"item_id": 71, "code": "A06-11daf8c4-NEW"}, "impact": [{"kind": "items", "id": 71, "code": "A06-11daf8c4-NEW", "field": "revi'

======================================================================
FAIL: test_l04_nested_json_nul_and_unpaired_surrogate_rejected_before_sql (a07_boundary_tests.A07BoundaryTests.test_l04_nested_json_nul_and_unpaired_surrogate_rejected_before_sql) (check='exact_zero_effect_before_harness_cleanup', boundary="L04/nested/1/'До\\ud800після'", adapter='preview')
----------------------------------------------------------------------
Traceback (most recent call last):
  File "/workspace/scratch/c7b51e996a9f/tmp/a07_boundary_tests.py", line 143, in reject
    self.assert_same_physical(before, after, 'Refused command changed sources/history/receipt')
  File "/workspace/scratch/c7b51e996a9f/tmp/a07_boundary_tests.py", line 83, in assert_same_physical
    self.assertEqual(changed, [], message + ': ' + ', '.join(changed))
AssertionError: Lists differ: ['operations.ActionProposal'] != []

First list contains 1 additional elements.
First extra element 0:
'operations.ActionProposal'

- ['operations.ActionProposal']
+ [] : Refused command changed sources/history/receipt: operations.ActionProposal

======================================================================
FAIL: test_l04_nested_json_nul_and_unpaired_surrogate_rejected_before_sql (a07_boundary_tests.A07BoundaryTests.test_l04_nested_json_nul_and_unpaired_surrogate_rejected_before_sql) (check='reject_before_business_sql', boundary="L04/nested/1/'До\\ud800після'", adapter='preview')
----------------------------------------------------------------------
Traceback (most recent call last):
  File "/workspace/scratch/c7b51e996a9f/tmp/a07_boundary_tests.py", line 146, in reject
    self.assertEqual(attempted_writes, [],
AssertionError: Lists differ: [('erp_item', 'INSERT')] != []

First list contains 1 additional elements.
First extra element 0:
('erp_item', 'INSERT')

- [('erp_item', 'INSERT')]
+ [] : Invalid Unicode must not reach a business INSERT/UPDATE/DELETE

======================================================================
FAIL: test_l04_nested_json_nul_and_unpaired_surrogate_rejected_before_sql (a07_boundary_tests.A07BoundaryTests.test_l04_nested_json_nul_and_unpaired_surrogate_rejected_before_sql) (check='explicit_validation_refusal', boundary="L04/nested/2/'До\\ud800після'", adapter='dispatch')
----------------------------------------------------------------------
Traceback (most recent call last):
  File "/workspace/scratch/c7b51e996a9f/tmp/a07_boundary_tests.py", line 136, in reject
    self.assertIsInstance(error, (ValueError, ValidationError),
AssertionError: None is not an instance of (<class 'ValueError'>, <class 'django.core.exceptions.ValidationError'>) : Expected domain validation before persistence; got None

======================================================================
FAIL: test_l04_nested_json_nul_and_unpaired_surrogate_rejected_before_sql (a07_boundary_tests.A07BoundaryTests.test_l04_nested_json_nul_and_unpaired_surrogate_rejected_before_sql) (check='exact_zero_effect_before_harness_cleanup', boundary="L04/nested/2/'До\\ud800після'", adapter='dispatch')
----------------------------------------------------------------------
Traceback (most recent call last):
  File "/workspace/scratch/c7b51e996a9f/tmp/a07_boundary_tests.py", line 143, in reject
    self.assert_same_physical(before, after, 'Refused command changed sources/history/receipt')
  File "/workspace/scratch/c7b51e996a9f/tmp/a07_boundary_tests.py", line 83, in assert_same_physical
    self.assertEqual(changed, [], message + ': ' + ', '.join(changed))
AssertionError: Lists differ: ['erp.Item', 'erp.Event'] != []

First list contains 2 additional elements.
First extra element 0:
'erp.Item'

- ['erp.Item', 'erp.Event']
+ [] : Refused command changed sources/history/receipt: erp.Item, erp.Event

======================================================================
FAIL: test_l04_nested_json_nul_and_unpaired_surrogate_rejected_before_sql (a07_boundary_tests.A07BoundaryTests.test_l04_nested_json_nul_and_unpaired_surrogate_rejected_before_sql) (check='reject_before_business_sql', boundary="L04/nested/2/'До\\ud800після'", adapter='dispatch')
----------------------------------------------------------------------
Traceback (most recent call last):
  File "/workspace/scratch/c7b51e996a9f/tmp/a07_boundary_tests.py", line 146, in reject
    self.assertEqual(attempted_writes, [],
AssertionError: Lists differ: [('erp_item', 'INSERT'), ('erp_event', 'INSERT')] != []

First list contains 2 additional elements.
First extra element 0:
('erp_item', 'INSERT')

- [('erp_item', 'INSERT'), ('erp_event', 'INSERT')]
+ [] : Invalid Unicode must not reach a business INSERT/UPDATE/DELETE

======================================================================
FAIL: test_l04_nested_json_nul_and_unpaired_surrogate_rejected_before_sql (a07_boundary_tests.A07BoundaryTests.test_l04_nested_json_nul_and_unpaired_surrogate_rejected_before_sql) (check='explicit_validation_refusal', boundary="L04/nested/2/'До\\ud800після'", adapter='preview')
----------------------------------------------------------------------
Traceback (most recent call last):
  File "/workspace/scratch/c7b51e996a9f/tmp/a07_boundary_tests.py", line 140, in reject
    self.assertEqual(response.status_code, 422, response.content[:700])
AssertionError: 200 != 422 : b'{"id": "4f4162e5-9632-43bf-b7db-d5b01b425fda", "payload": {"action": "erp_item", "code": "A06-11daf8c4-NEW", "name": "\\u0421\\u0438\\u043d\\u0442\\u0435\\u0442\\u0438\\u0447\\u043d\\u0438\\u0439 \\u043a\\u043e\\u043c\\u043f\\u043e\\u043d\\u0435\\u043d\\u0442", "unit": "\\u0448\\u0442.", "kind": "component", "method": "buy", "revision": "A", "currency": "EUR", "routing": [{"name": "\\u0412\\u0438\\u0433\\u043e\\u0442\\u043e\\u0432\\u043b\\u0435\\u043d\\u043d\\u044f", "instruction": "\\u0414\\u043e\\ud800\\u043f\\u0456\\u0441\\u043b\\u044f", "days": 1}]}, "expires_at": "2026-09-11T21:24:41.760766+00:00", "effect": {"item_id": 71, "code": "A06-11daf8c4-NEW"}, "impact": [{"kind": "items", "id": 71, "code": "A06-11daf8c4-NEW", "field": '

======================================================================
FAIL: test_l04_nested_json_nul_and_unpaired_surrogate_rejected_before_sql (a07_boundary_tests.A07BoundaryTests.test_l04_nested_json_nul_and_unpaired_surrogate_rejected_before_sql) (check='exact_zero_effect_before_harness_cleanup', boundary="L04/nested/2/'До\\ud800після'", adapter='preview')
----------------------------------------------------------------------
Traceback (most recent call last):
  File "/workspace/scratch/c7b51e996a9f/tmp/a07_boundary_tests.py", line 143, in reject
    self.assert_same_physical(before, after, 'Refused command changed sources/history/receipt')
  File "/workspace/scratch/c7b51e996a9f/tmp/a07_boundary_tests.py", line 83, in assert_same_physical
    self.assertEqual(changed, [], message + ': ' + ', '.join(changed))
AssertionError: Lists differ: ['operations.ActionProposal'] != []

First list contains 1 additional elements.
First extra element 0:
'operations.ActionProposal'

- ['operations.ActionProposal']
+ [] : Refused command changed sources/history/receipt: operations.ActionProposal

======================================================================
FAIL: test_l04_nested_json_nul_and_unpaired_surrogate_rejected_before_sql (a07_boundary_tests.A07BoundaryTests.test_l04_nested_json_nul_and_unpaired_surrogate_rejected_before_sql) (check='reject_before_business_sql', boundary="L04/nested/2/'До\\ud800після'", adapter='preview')
----------------------------------------------------------------------
Traceback (most recent call last):
  File "/workspace/scratch/c7b51e996a9f/tmp/a07_boundary_tests.py", line 146, in reject
    self.assertEqual(attempted_writes, [],
AssertionError: Lists differ: [('erp_item', 'INSERT')] != []

First list contains 1 additional elements.
First extra element 0:
('erp_item', 'INSERT')

- [('erp_item', 'INSERT')]
+ [] : Invalid Unicode must not reach a business INSERT/UPDATE/DELETE

======================================================================
FAIL: test_l04_nested_json_nul_and_unpaired_surrogate_rejected_before_sql (a07_boundary_tests.A07BoundaryTests.test_l04_nested_json_nul_and_unpaired_surrogate_rejected_before_sql) (check='explicit_validation_refusal', boundary="L04/nested/0/'До\\udfffпісля'", adapter='dispatch')
----------------------------------------------------------------------
Traceback (most recent call last):
  File "/workspace/scratch/c7b51e996a9f/tmp/a07_boundary_tests.py", line 136, in reject
    self.assertIsInstance(error, (ValueError, ValidationError),
AssertionError: None is not an instance of (<class 'ValueError'>, <class 'django.core.exceptions.ValidationError'>) : Expected domain validation before persistence; got None

======================================================================
FAIL: test_l04_nested_json_nul_and_unpaired_surrogate_rejected_before_sql (a07_boundary_tests.A07BoundaryTests.test_l04_nested_json_nul_and_unpaired_surrogate_rejected_before_sql) (check='exact_zero_effect_before_harness_cleanup', boundary="L04/nested/0/'До\\udfffпісля'", adapter='dispatch')
----------------------------------------------------------------------
Traceback (most recent call last):
  File "/workspace/scratch/c7b51e996a9f/tmp/a07_boundary_tests.py", line 143, in reject
    self.assert_same_physical(before, after, 'Refused command changed sources/history/receipt')
  File "/workspace/scratch/c7b51e996a9f/tmp/a07_boundary_tests.py", line 83, in assert_same_physical
    self.assertEqual(changed, [], message + ': ' + ', '.join(changed))
AssertionError: Lists differ: ['erp.Item', 'erp.Event'] != []

First list contains 2 additional elements.
First extra element 0:
'erp.Item'

- ['erp.Item', 'erp.Event']
+ [] : Refused command changed sources/history/receipt: erp.Item, erp.Event

======================================================================
FAIL: test_l04_nested_json_nul_and_unpaired_surrogate_rejected_before_sql (a07_boundary_tests.A07BoundaryTests.test_l04_nested_json_nul_and_unpaired_surrogate_rejected_before_sql) (check='reject_before_business_sql', boundary="L04/nested/0/'До\\udfffпісля'", adapter='dispatch')
----------------------------------------------------------------------
Traceback (most recent call last):
  File "/workspace/scratch/c7b51e996a9f/tmp/a07_boundary_tests.py", line 146, in reject
    self.assertEqual(attempted_writes, [],
AssertionError: Lists differ: [('erp_item', 'INSERT'), ('erp_event', 'INSERT')] != []

First list contains 2 additional elements.
First extra element 0:
('erp_item', 'INSERT')

- [('erp_item', 'INSERT'), ('erp_event', 'INSERT')]
+ [] : Invalid Unicode must not reach a business INSERT/UPDATE/DELETE

======================================================================
FAIL: test_l04_nested_json_nul_and_unpaired_surrogate_rejected_before_sql (a07_boundary_tests.A07BoundaryTests.test_l04_nested_json_nul_and_unpaired_surrogate_rejected_before_sql) (check='explicit_validation_refusal', boundary="L04/nested/0/'До\\udfffпісля'", adapter='preview')
----------------------------------------------------------------------
Traceback (most recent call last):
  File "/workspace/scratch/c7b51e996a9f/tmp/a07_boundary_tests.py", line 140, in reject
    self.assertEqual(response.status_code, 422, response.content[:700])
AssertionError: 200 != 422 : b'{"id": "0e8c4527-cf46-4ba5-87a3-c06b0867eb40", "payload": {"action": "erp_item", "code": "A06-11daf8c4-NEW", "name": "\\u0421\\u0438\\u043d\\u0442\\u0435\\u0442\\u0438\\u0447\\u043d\\u0438\\u0439 \\u043a\\u043e\\u043c\\u043f\\u043e\\u043d\\u0435\\u043d\\u0442", "unit": "\\u0448\\u0442.", "kind": "component", "method": "buy", "revision": "A", "currency": "EUR", "external_codes": {"\\u0434\\u0436\\u0435\\u0440\\u0435\\u043b\\u043e": [{"\\u0432\\u043a\\u043b\\u0430\\u0434\\u0435\\u043d\\u0438\\u0439": "\\u0414\\u043e\\udfff\\u043f\\u0456\\u0441\\u043b\\u044f"}]}}, "expires_at": "2026-09-11T21:24:41.799847+00:00", "effect": {"item_id": 71, "code": "A06-11daf8c4-NEW"}, "impact": [{"kind": "items", "id": 71, "code": "A06-11daf8c4-NEW", "field'

======================================================================
FAIL: test_l04_nested_json_nul_and_unpaired_surrogate_rejected_before_sql (a07_boundary_tests.A07BoundaryTests.test_l04_nested_json_nul_and_unpaired_surrogate_rejected_before_sql) (check='exact_zero_effect_before_harness_cleanup', boundary="L04/nested/0/'До\\udfffпісля'", adapter='preview')
----------------------------------------------------------------------
Traceback (most recent call last):
  File "/workspace/scratch/c7b51e996a9f/tmp/a07_boundary_tests.py", line 143, in reject
    self.assert_same_physical(before, after, 'Refused command changed sources/history/receipt')
  File "/workspace/scratch/c7b51e996a9f/tmp/a07_boundary_tests.py", line 83, in assert_same_physical
    self.assertEqual(changed, [], message + ': ' + ', '.join(changed))
AssertionError: Lists differ: ['operations.ActionProposal'] != []

First list contains 1 additional elements.
First extra element 0:
'operations.ActionProposal'

- ['operations.ActionProposal']
+ [] : Refused command changed sources/history/receipt: operations.ActionProposal

======================================================================
FAIL: test_l04_nested_json_nul_and_unpaired_surrogate_rejected_before_sql (a07_boundary_tests.A07BoundaryTests.test_l04_nested_json_nul_and_unpaired_surrogate_rejected_before_sql) (check='reject_before_business_sql', boundary="L04/nested/0/'До\\udfffпісля'", adapter='preview')
----------------------------------------------------------------------
Traceback (most recent call last):
  File "/workspace/scratch/c7b51e996a9f/tmp/a07_boundary_tests.py", line 146, in reject
    self.assertEqual(attempted_writes, [],
AssertionError: Lists differ: [('erp_item', 'INSERT')] != []

First list contains 1 additional elements.
First extra element 0:
('erp_item', 'INSERT')

- [('erp_item', 'INSERT')]
+ [] : Invalid Unicode must not reach a business INSERT/UPDATE/DELETE

======================================================================
FAIL: test_l04_nested_json_nul_and_unpaired_surrogate_rejected_before_sql (a07_boundary_tests.A07BoundaryTests.test_l04_nested_json_nul_and_unpaired_surrogate_rejected_before_sql) (check='explicit_validation_refusal', boundary="L04/nested/1/'До\\udfffпісля'", adapter='dispatch')
----------------------------------------------------------------------
Traceback (most recent call last):
  File "/workspace/scratch/c7b51e996a9f/tmp/a07_boundary_tests.py", line 136, in reject
    self.assertIsInstance(error, (ValueError, ValidationError),
AssertionError: None is not an instance of (<class 'ValueError'>, <class 'django.core.exceptions.ValidationError'>) : Expected domain validation before persistence; got None

======================================================================
FAIL: test_l04_nested_json_nul_and_unpaired_surrogate_rejected_before_sql (a07_boundary_tests.A07BoundaryTests.test_l04_nested_json_nul_and_unpaired_surrogate_rejected_before_sql) (check='exact_zero_effect_before_harness_cleanup', boundary="L04/nested/1/'До\\udfffпісля'", adapter='dispatch')
----------------------------------------------------------------------
Traceback (most recent call last):
  File "/workspace/scratch/c7b51e996a9f/tmp/a07_boundary_tests.py", line 143, in reject
    self.assert_same_physical(before, after, 'Refused command changed sources/history/receipt')
  File "/workspace/scratch/c7b51e996a9f/tmp/a07_boundary_tests.py", line 83, in assert_same_physical
    self.assertEqual(changed, [], message + ': ' + ', '.join(changed))
AssertionError: Lists differ: ['erp.Item', 'erp.Event'] != []

First list contains 2 additional elements.
First extra element 0:
'erp.Item'

- ['erp.Item', 'erp.Event']
+ [] : Refused command changed sources/history/receipt: erp.Item, erp.Event

======================================================================
FAIL: test_l04_nested_json_nul_and_unpaired_surrogate_rejected_before_sql (a07_boundary_tests.A07BoundaryTests.test_l04_nested_json_nul_and_unpaired_surrogate_rejected_before_sql) (check='reject_before_business_sql', boundary="L04/nested/1/'До\\udfffпісля'", adapter='dispatch')
----------------------------------------------------------------------
Traceback (most recent call last):
  File "/workspace/scratch/c7b51e996a9f/tmp/a07_boundary_tests.py", line 146, in reject
    self.assertEqual(attempted_writes, [],
AssertionError: Lists differ: [('erp_item', 'INSERT'), ('erp_event', 'INSERT')] != []

First list contains 2 additional elements.
First extra element 0:
('erp_item', 'INSERT')

- [('erp_item', 'INSERT'), ('erp_event', 'INSERT')]
+ [] : Invalid Unicode must not reach a business INSERT/UPDATE/DELETE

======================================================================
FAIL: test_l04_nested_json_nul_and_unpaired_surrogate_rejected_before_sql (a07_boundary_tests.A07BoundaryTests.test_l04_nested_json_nul_and_unpaired_surrogate_rejected_before_sql) (check='explicit_validation_refusal', boundary="L04/nested/1/'До\\udfffпісля'", adapter='preview')
----------------------------------------------------------------------
Traceback (most recent call last):
  File "/workspace/scratch/c7b51e996a9f/tmp/a07_boundary_tests.py", line 140, in reject
    self.assertEqual(response.status_code, 422, response.content[:700])
AssertionError: 200 != 422 : b'{"id": "d0881854-dab8-4b67-a250-6063bc110553", "payload": {"action": "erp_item", "code": "A06-11daf8c4-NEW", "name": "\\u0421\\u0438\\u043d\\u0442\\u0435\\u0442\\u0438\\u0447\\u043d\\u0438\\u0439 \\u043a\\u043e\\u043c\\u043f\\u043e\\u043d\\u0435\\u043d\\u0442", "unit": "\\u0448\\u0442.", "kind": "component", "method": "buy", "revision": "A", "currency": "EUR", "external_codes": {"\\u0434\\u0436\\u0435\\u0440\\u0435\\u043b\\u043e": {"\\u0414\\u043e\\udfff\\u043f\\u0456\\u0441\\u043b\\u044f": "\\u0437\\u043d\\u0430\\u0447\\u0435\\u043d\\u043d\\u044f"}}}, "expires_at": "2026-09-11T21:24:41.838771+00:00", "effect": {"item_id": 71, "code": "A06-11daf8c4-NEW"}, "impact": [{"kind": "items", "id": 71, "code": "A06-11daf8c4-NEW", "field": "revi'

======================================================================
FAIL: test_l04_nested_json_nul_and_unpaired_surrogate_rejected_before_sql (a07_boundary_tests.A07BoundaryTests.test_l04_nested_json_nul_and_unpaired_surrogate_rejected_before_sql) (check='exact_zero_effect_before_harness_cleanup', boundary="L04/nested/1/'До\\udfffпісля'", adapter='preview')
----------------------------------------------------------------------
Traceback (most recent call last):
  File "/workspace/scratch/c7b51e996a9f/tmp/a07_boundary_tests.py", line 143, in reject
    self.assert_same_physical(before, after, 'Refused command changed sources/history/receipt')
  File "/workspace/scratch/c7b51e996a9f/tmp/a07_boundary_tests.py", line 83, in assert_same_physical
    self.assertEqual(changed, [], message + ': ' + ', '.join(changed))
AssertionError: Lists differ: ['operations.ActionProposal'] != []

First list contains 1 additional elements.
First extra element 0:
'operations.ActionProposal'

- ['operations.ActionProposal']
+ [] : Refused command changed sources/history/receipt: operations.ActionProposal

======================================================================
FAIL: test_l04_nested_json_nul_and_unpaired_surrogate_rejected_before_sql (a07_boundary_tests.A07BoundaryTests.test_l04_nested_json_nul_and_unpaired_surrogate_rejected_before_sql) (check='reject_before_business_sql', boundary="L04/nested/1/'До\\udfffпісля'", adapter='preview')
----------------------------------------------------------------------
Traceback (most recent call last):
  File "/workspace/scratch/c7b51e996a9f/tmp/a07_boundary_tests.py", line 146, in reject
    self.assertEqual(attempted_writes, [],
AssertionError: Lists differ: [('erp_item', 'INSERT')] != []

First list contains 1 additional elements.
First extra element 0:
('erp_item', 'INSERT')

- [('erp_item', 'INSERT')]
+ [] : Invalid Unicode must not reach a business INSERT/UPDATE/DELETE

======================================================================
FAIL: test_l04_nested_json_nul_and_unpaired_surrogate_rejected_before_sql (a07_boundary_tests.A07BoundaryTests.test_l04_nested_json_nul_and_unpaired_surrogate_rejected_before_sql) (check='explicit_validation_refusal', boundary="L04/nested/2/'До\\udfffпісля'", adapter='dispatch')
----------------------------------------------------------------------
Traceback (most recent call last):
  File "/workspace/scratch/c7b51e996a9f/tmp/a07_boundary_tests.py", line 136, in reject
    self.assertIsInstance(error, (ValueError, ValidationError),
AssertionError: None is not an instance of (<class 'ValueError'>, <class 'django.core.exceptions.ValidationError'>) : Expected domain validation before persistence; got None

======================================================================
FAIL: test_l04_nested_json_nul_and_unpaired_surrogate_rejected_before_sql (a07_boundary_tests.A07BoundaryTests.test_l04_nested_json_nul_and_unpaired_surrogate_rejected_before_sql) (check='exact_zero_effect_before_harness_cleanup', boundary="L04/nested/2/'До\\udfffпісля'", adapter='dispatch')
----------------------------------------------------------------------
Traceback (most recent call last):
  File "/workspace/scratch/c7b51e996a9f/tmp/a07_boundary_tests.py", line 143, in reject
    self.assert_same_physical(before, after, 'Refused command changed sources/history/receipt')
  File "/workspace/scratch/c7b51e996a9f/tmp/a07_boundary_tests.py", line 83, in assert_same_physical
    self.assertEqual(changed, [], message + ': ' + ', '.join(changed))
AssertionError: Lists differ: ['erp.Item', 'erp.Event'] != []

First list contains 2 additional elements.
First extra element 0:
'erp.Item'

- ['erp.Item', 'erp.Event']
+ [] : Refused command changed sources/history/receipt: erp.Item, erp.Event

======================================================================
FAIL: test_l04_nested_json_nul_and_unpaired_surrogate_rejected_before_sql (a07_boundary_tests.A07BoundaryTests.test_l04_nested_json_nul_and_unpaired_surrogate_rejected_before_sql) (check='reject_before_business_sql', boundary="L04/nested/2/'До\\udfffпісля'", adapter='dispatch')
----------------------------------------------------------------------
Traceback (most recent call last):
  File "/workspace/scratch/c7b51e996a9f/tmp/a07_boundary_tests.py", line 146, in reject
    self.assertEqual(attempted_writes, [],
AssertionError: Lists differ: [('erp_item', 'INSERT'), ('erp_event', 'INSERT')] != []

First list contains 2 additional elements.
First extra element 0:
('erp_item', 'INSERT')

- [('erp_item', 'INSERT'), ('erp_event', 'INSERT')]
+ [] : Invalid Unicode must not reach a business INSERT/UPDATE/DELETE

======================================================================
FAIL: test_l04_nested_json_nul_and_unpaired_surrogate_rejected_before_sql (a07_boundary_tests.A07BoundaryTests.test_l04_nested_json_nul_and_unpaired_surrogate_rejected_before_sql) (check='explicit_validation_refusal', boundary="L04/nested/2/'До\\udfffпісля'", adapter='preview')
----------------------------------------------------------------------
Traceback (most recent call last):
  File "/workspace/scratch/c7b51e996a9f/tmp/a07_boundary_tests.py", line 140, in reject
    self.assertEqual(response.status_code, 422, response.content[:700])
AssertionError: 200 != 422 : b'{"id": "b209a45a-deec-43a4-8194-86e8f869d8fb", "payload": {"action": "erp_item", "code": "A06-11daf8c4-NEW", "name": "\\u0421\\u0438\\u043d\\u0442\\u0435\\u0442\\u0438\\u0447\\u043d\\u0438\\u0439 \\u043a\\u043e\\u043c\\u043f\\u043e\\u043d\\u0435\\u043d\\u0442", "unit": "\\u0448\\u0442.", "kind": "component", "method": "buy", "revision": "A", "currency": "EUR", "routing": [{"name": "\\u0412\\u0438\\u0433\\u043e\\u0442\\u043e\\u0432\\u043b\\u0435\\u043d\\u043d\\u044f", "instruction": "\\u0414\\u043e\\udfff\\u043f\\u0456\\u0441\\u043b\\u044f", "days": 1}]}, "expires_at": "2026-09-11T21:24:41.877486+00:00", "effect": {"item_id": 71, "code": "A06-11daf8c4-NEW"}, "impact": [{"kind": "items", "id": 71, "code": "A06-11daf8c4-NEW", "field": '

======================================================================
FAIL: test_l04_nested_json_nul_and_unpaired_surrogate_rejected_before_sql (a07_boundary_tests.A07BoundaryTests.test_l04_nested_json_nul_and_unpaired_surrogate_rejected_before_sql) (check='exact_zero_effect_before_harness_cleanup', boundary="L04/nested/2/'До\\udfffпісля'", adapter='preview')
----------------------------------------------------------------------
Traceback (most recent call last):
  File "/workspace/scratch/c7b51e996a9f/tmp/a07_boundary_tests.py", line 143, in reject
    self.assert_same_physical(before, after, 'Refused command changed sources/history/receipt')
  File "/workspace/scratch/c7b51e996a9f/tmp/a07_boundary_tests.py", line 83, in assert_same_physical
    self.assertEqual(changed, [], message + ': ' + ', '.join(changed))
AssertionError: Lists differ: ['operations.ActionProposal'] != []

First list contains 1 additional elements.
First extra element 0:
'operations.ActionProposal'

- ['operations.ActionProposal']
+ [] : Refused command changed sources/history/receipt: operations.ActionProposal

======================================================================
FAIL: test_l04_nested_json_nul_and_unpaired_surrogate_rejected_before_sql (a07_boundary_tests.A07BoundaryTests.test_l04_nested_json_nul_and_unpaired_surrogate_rejected_before_sql) (check='reject_before_business_sql', boundary="L04/nested/2/'До\\udfffпісля'", adapter='preview')
----------------------------------------------------------------------
Traceback (most recent call last):
  File "/workspace/scratch/c7b51e996a9f/tmp/a07_boundary_tests.py", line 146, in reject
    self.assertEqual(attempted_writes, [],
AssertionError: Lists differ: [('erp_item', 'INSERT')] != []

First list contains 1 additional elements.
First extra element 0:
('erp_item', 'INSERT')

- [('erp_item', 'INSERT')]
+ [] : Invalid Unicode must not reach a business INSERT/UPDATE/DELETE

======================================================================
FAIL: test_l04_scalar_nul_and_unpaired_surrogate_rejected_before_sql (a07_boundary_tests.A07BoundaryTests.test_l04_scalar_nul_and_unpaired_surrogate_rejected_before_sql) (check='explicit_validation_refusal', boundary="L04/scalar/name/'До\\x00після'", adapter='dispatch')
----------------------------------------------------------------------
Traceback (most recent call last):
  File "/workspace/scratch/c7b51e996a9f/tmp/a07_boundary_tests.py", line 136, in reject
    self.assertIsInstance(error, (ValueError, ValidationError),
AssertionError: None is not an instance of (<class 'ValueError'>, <class 'django.core.exceptions.ValidationError'>) : Expected domain validation before persistence; got None

======================================================================
FAIL: test_l04_scalar_nul_and_unpaired_surrogate_rejected_before_sql (a07_boundary_tests.A07BoundaryTests.test_l04_scalar_nul_and_unpaired_surrogate_rejected_before_sql) (check='exact_zero_effect_before_harness_cleanup', boundary="L04/scalar/name/'До\\x00після'", adapter='dispatch')
----------------------------------------------------------------------
Traceback (most recent call last):
  File "/workspace/scratch/c7b51e996a9f/tmp/a07_boundary_tests.py", line 143, in reject
    self.assert_same_physical(before, after, 'Refused command changed sources/history/receipt')
  File "/workspace/scratch/c7b51e996a9f/tmp/a07_boundary_tests.py", line 83, in assert_same_physical
    self.assertEqual(changed, [], message + ': ' + ', '.join(changed))
AssertionError: Lists differ: ['erp.Location', 'erp.Event'] != []

First list contains 2 additional elements.
First extra element 0:
'erp.Location'

- ['erp.Location', 'erp.Event']
+ [] : Refused command changed sources/history/receipt: erp.Location, erp.Event

======================================================================
FAIL: test_l04_scalar_nul_and_unpaired_surrogate_rejected_before_sql (a07_boundary_tests.A07BoundaryTests.test_l04_scalar_nul_and_unpaired_surrogate_rejected_before_sql) (check='reject_before_business_sql', boundary="L04/scalar/name/'До\\x00після'", adapter='dispatch')
----------------------------------------------------------------------
Traceback (most recent call last):
  File "/workspace/scratch/c7b51e996a9f/tmp/a07_boundary_tests.py", line 146, in reject
    self.assertEqual(attempted_writes, [],
AssertionError: Lists differ: [('erp_location', 'INSERT'), ('erp_event', 'INSERT')] != []

First list contains 2 additional elements.
First extra element 0:
('erp_location', 'INSERT')

- [('erp_location', 'INSERT'), ('erp_event', 'INSERT')]
+ [] : Invalid Unicode must not reach a business INSERT/UPDATE/DELETE

======================================================================
FAIL: test_l04_scalar_nul_and_unpaired_surrogate_rejected_before_sql (a07_boundary_tests.A07BoundaryTests.test_l04_scalar_nul_and_unpaired_surrogate_rejected_before_sql) (check='explicit_validation_refusal', boundary="L04/scalar/name/'До\\x00після'", adapter='preview')
----------------------------------------------------------------------
Traceback (most recent call last):
  File "/workspace/scratch/c7b51e996a9f/tmp/a07_boundary_tests.py", line 140, in reject
    self.assertEqual(response.status_code, 422, response.content[:700])
AssertionError: 200 != 422 : b'{"id": "406bae41-2ac8-4c9f-ae81-5a45d8b1f190", "payload": {"action": "erp_location", "code": "A06-93d090f0-W2", "name": "\\u0414\\u043e\\u0000\\u043f\\u0456\\u0441\\u043b\\u044f", "kind": "warehouse"}, "expires_at": "2026-09-11T21:24:42.277208+00:00", "effect": {"location_id": 72, "code": "A06-93d090f0-W2"}, "impact": [{"kind": "locations", "id": 72, "code": "A06-93d090f0-W2", "field": "name", "label": "\\u041d\\u0430\\u0437\\u0432\\u0430 \\u043c\\u0456\\u0441\\u0446\\u044f", "before": null, "after": "\\u0414\\u043e\\u0000\\u043f\\u0456\\u0441\\u043b\\u044f", "currency": ""}, {"kind": "locations", "id": 72, "code": "A06-93d090f0-W2", "field": "kind", "label": "\\u0422\\u0438\\u043f \\u043c\\u0456\\u0441\\u0446\\u044f", "befo'

======================================================================
FAIL: test_l04_scalar_nul_and_unpaired_surrogate_rejected_before_sql (a07_boundary_tests.A07BoundaryTests.test_l04_scalar_nul_and_unpaired_surrogate_rejected_before_sql) (check='exact_zero_effect_before_harness_cleanup', boundary="L04/scalar/name/'До\\x00після'", adapter='preview')
----------------------------------------------------------------------
Traceback (most recent call last):
  File "/workspace/scratch/c7b51e996a9f/tmp/a07_boundary_tests.py", line 143, in reject
    self.assert_same_physical(before, after, 'Refused command changed sources/history/receipt')
  File "/workspace/scratch/c7b51e996a9f/tmp/a07_boundary_tests.py", line 83, in assert_same_physical
    self.assertEqual(changed, [], message + ': ' + ', '.join(changed))
AssertionError: Lists differ: ['operations.ActionProposal'] != []

First list contains 1 additional elements.
First extra element 0:
'operations.ActionProposal'

- ['operations.ActionProposal']
+ [] : Refused command changed sources/history/receipt: operations.ActionProposal

======================================================================
FAIL: test_l04_scalar_nul_and_unpaired_surrogate_rejected_before_sql (a07_boundary_tests.A07BoundaryTests.test_l04_scalar_nul_and_unpaired_surrogate_rejected_before_sql) (check='reject_before_business_sql', boundary="L04/scalar/name/'До\\x00після'", adapter='preview')
----------------------------------------------------------------------
Traceback (most recent call last):
  File "/workspace/scratch/c7b51e996a9f/tmp/a07_boundary_tests.py", line 146, in reject
    self.assertEqual(attempted_writes, [],
AssertionError: Lists differ: [('erp_location', 'INSERT')] != []

First list contains 1 additional elements.
First extra element 0:
('erp_location', 'INSERT')

- [('erp_location', 'INSERT')]
+ [] : Invalid Unicode must not reach a business INSERT/UPDATE/DELETE

======================================================================
FAIL: test_l04_scalar_nul_and_unpaired_surrogate_rejected_before_sql (a07_boundary_tests.A07BoundaryTests.test_l04_scalar_nul_and_unpaired_surrogate_rejected_before_sql) (check='reject_before_business_sql', boundary="L04/scalar/name/'До\\ud800після'", adapter='dispatch')
----------------------------------------------------------------------
Traceback (most recent call last):
  File "/workspace/scratch/c7b51e996a9f/tmp/a07_boundary_tests.py", line 146, in reject
    self.assertEqual(attempted_writes, [],
AssertionError: Lists differ: [('erp_location', 'INSERT')] != []

First list contains 1 additional elements.
First extra element 0:
('erp_location', 'INSERT')

- [('erp_location', 'INSERT')]
+ [] : Invalid Unicode must not reach a business INSERT/UPDATE/DELETE

======================================================================
FAIL: test_l04_scalar_nul_and_unpaired_surrogate_rejected_before_sql (a07_boundary_tests.A07BoundaryTests.test_l04_scalar_nul_and_unpaired_surrogate_rejected_before_sql) (check='reject_before_business_sql', boundary="L04/scalar/name/'До\\ud800після'", adapter='preview')
----------------------------------------------------------------------
Traceback (most recent call last):
  File "/workspace/scratch/c7b51e996a9f/tmp/a07_boundary_tests.py", line 146, in reject
    self.assertEqual(attempted_writes, [],
AssertionError: Lists differ: [('erp_location', 'INSERT')] != []

First list contains 1 additional elements.
First extra element 0:
('erp_location', 'INSERT')

- [('erp_location', 'INSERT')]
+ [] : Invalid Unicode must not reach a business INSERT/UPDATE/DELETE

======================================================================
FAIL: test_l04_scalar_nul_and_unpaired_surrogate_rejected_before_sql (a07_boundary_tests.A07BoundaryTests.test_l04_scalar_nul_and_unpaired_surrogate_rejected_before_sql) (check='reject_before_business_sql', boundary="L04/scalar/name/'До\\udfffпісля'", adapter='dispatch')
----------------------------------------------------------------------
Traceback (most recent call last):
  File "/workspace/scratch/c7b51e996a9f/tmp/a07_boundary_tests.py", line 146, in reject
    self.assertEqual(attempted_writes, [],
AssertionError: Lists differ: [('erp_location', 'INSERT')] != []

First list contains 1 additional elements.
First extra element 0:
('erp_location', 'INSERT')

- [('erp_location', 'INSERT')]
+ [] : Invalid Unicode must not reach a business INSERT/UPDATE/DELETE

======================================================================
FAIL: test_l04_scalar_nul_and_unpaired_surrogate_rejected_before_sql (a07_boundary_tests.A07BoundaryTests.test_l04_scalar_nul_and_unpaired_surrogate_rejected_before_sql) (check='reject_before_business_sql', boundary="L04/scalar/name/'До\\udfffпісля'", adapter='preview')
----------------------------------------------------------------------
Traceback (most recent call last):
  File "/workspace/scratch/c7b51e996a9f/tmp/a07_boundary_tests.py", line 146, in reject
    self.assertEqual(attempted_writes, [],
AssertionError: Lists differ: [('erp_location', 'INSERT')] != []

First list contains 1 additional elements.
First extra element 0:
('erp_location', 'INSERT')

- [('erp_location', 'INSERT')]
+ [] : Invalid Unicode must not reach a business INSERT/UPDATE/DELETE

======================================================================
FAIL: test_l04_scalar_nul_and_unpaired_surrogate_rejected_before_sql (a07_boundary_tests.A07BoundaryTests.test_l04_scalar_nul_and_unpaired_surrogate_rejected_before_sql) (check='explicit_validation_refusal', boundary="L04/scalar/material/'До\\x00після'", adapter='dispatch')
----------------------------------------------------------------------
Traceback (most recent call last):
  File "/workspace/scratch/c7b51e996a9f/tmp/a07_boundary_tests.py", line 136, in reject
    self.assertIsInstance(error, (ValueError, ValidationError),
AssertionError: None is not an instance of (<class 'ValueError'>, <class 'django.core.exceptions.ValidationError'>) : Expected domain validation before persistence; got None

======================================================================
FAIL: test_l04_scalar_nul_and_unpaired_surrogate_rejected_before_sql (a07_boundary_tests.A07BoundaryTests.test_l04_scalar_nul_and_unpaired_surrogate_rejected_before_sql) (check='exact_zero_effect_before_harness_cleanup', boundary="L04/scalar/material/'До\\x00після'", adapter='dispatch')
----------------------------------------------------------------------
Traceback (most recent call last):
  File "/workspace/scratch/c7b51e996a9f/tmp/a07_boundary_tests.py", line 143, in reject
    self.assert_same_physical(before, after, 'Refused command changed sources/history/receipt')
  File "/workspace/scratch/c7b51e996a9f/tmp/a07_boundary_tests.py", line 83, in assert_same_physical
    self.assertEqual(changed, [], message + ': ' + ', '.join(changed))
AssertionError: Lists differ: ['erp.Item', 'erp.Event'] != []

First list contains 2 additional elements.
First extra element 0:
'erp.Item'

- ['erp.Item', 'erp.Event']
+ [] : Refused command changed sources/history/receipt: erp.Item, erp.Event

======================================================================
FAIL: test_l04_scalar_nul_and_unpaired_surrogate_rejected_before_sql (a07_boundary_tests.A07BoundaryTests.test_l04_scalar_nul_and_unpaired_surrogate_rejected_before_sql) (check='reject_before_business_sql', boundary="L04/scalar/material/'До\\x00після'", adapter='dispatch')
----------------------------------------------------------------------
Traceback (most recent call last):
  File "/workspace/scratch/c7b51e996a9f/tmp/a07_boundary_tests.py", line 146, in reject
    self.assertEqual(attempted_writes, [],
AssertionError: Lists differ: [('erp_item', 'INSERT'), ('erp_event', 'INSERT')] != []

First list contains 2 additional elements.
First extra element 0:
('erp_item', 'INSERT')

- [('erp_item', 'INSERT'), ('erp_event', 'INSERT')]
+ [] : Invalid Unicode must not reach a business INSERT/UPDATE/DELETE

======================================================================
FAIL: test_l04_scalar_nul_and_unpaired_surrogate_rejected_before_sql (a07_boundary_tests.A07BoundaryTests.test_l04_scalar_nul_and_unpaired_surrogate_rejected_before_sql) (check='explicit_validation_refusal', boundary="L04/scalar/material/'До\\x00після'", adapter='preview')
----------------------------------------------------------------------
Traceback (most recent call last):
  File "/workspace/scratch/c7b51e996a9f/tmp/a07_boundary_tests.py", line 140, in reject
    self.assertEqual(response.status_code, 422, response.content[:700])
AssertionError: 200 != 422 : b'{"id": "a8a3c714-a2fd-4aec-85cb-f6f8c3f15998", "payload": {"action": "erp_item", "code": "A06-9c8210f7-NEW", "name": "\\u0421\\u0438\\u043d\\u0442\\u0435\\u0442\\u0438\\u0447\\u043d\\u0438\\u0439 \\u043a\\u043e\\u043c\\u043f\\u043e\\u043d\\u0435\\u043d\\u0442", "unit": "\\u0448\\u0442.", "kind": "component", "method": "buy", "revision": "A", "currency": "EUR", "material": "\\u0414\\u043e\\u0000\\u043f\\u0456\\u0441\\u043b\\u044f"}, "expires_at": "2026-09-11T21:24:42.374806+00:00", "effect": {"item_id": 75, "code": "A06-9c8210f7-NEW"}, "impact": [{"kind": "items", "id": 75, "code": "A06-9c8210f7-NEW", "field": "revision", "label": "\\u0412\\u0435\\u0440\\u0441\\u0456\\u044f \\u0432\\u0438\\u0440\\u043e\\u0431\\u0443", "before": null,'

======================================================================
FAIL: test_l04_scalar_nul_and_unpaired_surrogate_rejected_before_sql (a07_boundary_tests.A07BoundaryTests.test_l04_scalar_nul_and_unpaired_surrogate_rejected_before_sql) (check='exact_zero_effect_before_harness_cleanup', boundary="L04/scalar/material/'До\\x00після'", adapter='preview')
----------------------------------------------------------------------
Traceback (most recent call last):
  File "/workspace/scratch/c7b51e996a9f/tmp/a07_boundary_tests.py", line 143, in reject
    self.assert_same_physical(before, after, 'Refused command changed sources/history/receipt')
  File "/workspace/scratch/c7b51e996a9f/tmp/a07_boundary_tests.py", line 83, in assert_same_physical
    self.assertEqual(changed, [], message + ': ' + ', '.join(changed))
AssertionError: Lists differ: ['operations.ActionProposal'] != []

First list contains 1 additional elements.
First extra element 0:
'operations.ActionProposal'

- ['operations.ActionProposal']
+ [] : Refused command changed sources/history/receipt: operations.ActionProposal

======================================================================
FAIL: test_l04_scalar_nul_and_unpaired_surrogate_rejected_before_sql (a07_boundary_tests.A07BoundaryTests.test_l04_scalar_nul_and_unpaired_surrogate_rejected_before_sql) (check='reject_before_business_sql', boundary="L04/scalar/material/'До\\x00після'", adapter='preview')
----------------------------------------------------------------------
Traceback (most recent call last):
  File "/workspace/scratch/c7b51e996a9f/tmp/a07_boundary_tests.py", line 146, in reject
    self.assertEqual(attempted_writes, [],
AssertionError: Lists differ: [('erp_item', 'INSERT')] != []

First list contains 1 additional elements.
First extra element 0:
('erp_item', 'INSERT')

- [('erp_item', 'INSERT')]
+ [] : Invalid Unicode must not reach a business INSERT/UPDATE/DELETE

======================================================================
FAIL: test_l04_scalar_nul_and_unpaired_surrogate_rejected_before_sql (a07_boundary_tests.A07BoundaryTests.test_l04_scalar_nul_and_unpaired_surrogate_rejected_before_sql) (check='reject_before_business_sql', boundary="L04/scalar/material/'До\\ud800після'", adapter='dispatch')
----------------------------------------------------------------------
Traceback (most recent call last):
  File "/workspace/scratch/c7b51e996a9f/tmp/a07_boundary_tests.py", line 146, in reject
    self.assertEqual(attempted_writes, [],
AssertionError: Lists differ: [('erp_item', 'INSERT')] != []

First list contains 1 additional elements.
First extra element 0:
('erp_item', 'INSERT')

- [('erp_item', 'INSERT')]
+ [] : Invalid Unicode must not reach a business INSERT/UPDATE/DELETE

======================================================================
FAIL: test_l04_scalar_nul_and_unpaired_surrogate_rejected_before_sql (a07_boundary_tests.A07BoundaryTests.test_l04_scalar_nul_and_unpaired_surrogate_rejected_before_sql) (check='reject_before_business_sql', boundary="L04/scalar/material/'До\\ud800після'", adapter='preview')
----------------------------------------------------------------------
Traceback (most recent call last):
  File "/workspace/scratch/c7b51e996a9f/tmp/a07_boundary_tests.py", line 146, in reject
    self.assertEqual(attempted_writes, [],
AssertionError: Lists differ: [('erp_item', 'INSERT')] != []

First list contains 1 additional elements.
First extra element 0:
('erp_item', 'INSERT')

- [('erp_item', 'INSERT')]
+ [] : Invalid Unicode must not reach a business INSERT/UPDATE/DELETE

======================================================================
FAIL: test_l04_scalar_nul_and_unpaired_surrogate_rejected_before_sql (a07_boundary_tests.A07BoundaryTests.test_l04_scalar_nul_and_unpaired_surrogate_rejected_before_sql) (check='reject_before_business_sql', boundary="L04/scalar/material/'До\\udfffпісля'", adapter='dispatch')
----------------------------------------------------------------------
Traceback (most recent call last):
  File "/workspace/scratch/c7b51e996a9f/tmp/a07_boundary_tests.py", line 146, in reject
    self.assertEqual(attempted_writes, [],
AssertionError: Lists differ: [('erp_item', 'INSERT')] != []

First list contains 1 additional elements.
First extra element 0:
('erp_item', 'INSERT')

- [('erp_item', 'INSERT')]
+ [] : Invalid Unicode must not reach a business INSERT/UPDATE/DELETE

======================================================================
FAIL: test_l04_scalar_nul_and_unpaired_surrogate_rejected_before_sql (a07_boundary_tests.A07BoundaryTests.test_l04_scalar_nul_and_unpaired_surrogate_rejected_before_sql) (check='reject_before_business_sql', boundary="L04/scalar/material/'До\\udfffпісля'", adapter='preview')
----------------------------------------------------------------------
Traceback (most recent call last):
  File "/workspace/scratch/c7b51e996a9f/tmp/a07_boundary_tests.py", line 146, in reject
    self.assertEqual(attempted_writes, [],
AssertionError: Lists differ: [('erp_item', 'INSERT')] != []

First list contains 1 additional elements.
First extra element 0:
('erp_item', 'INSERT')

- [('erp_item', 'INSERT')]
+ [] : Invalid Unicode must not reach a business INSERT/UPDATE/DELETE

======================================================================
FAIL: test_l04_shared_financial_command_nul_refused_without_row_audit_or_intent (a07_boundary_tests.A07BoundaryTests.test_l04_shared_financial_command_nul_refused_without_row_audit_or_intent) (check='ValidationError', currency='EUR', description="'До\\x00після'")
----------------------------------------------------------------------
Traceback (most recent call last):
  File "/workspace/scratch/c7b51e996a9f/tmp/a07_boundary_tests.py", line 422, in test_l04_shared_financial_command_nul_refused_without_row_audit_or_intent
    self.assertIsInstance(error, ValidationError)
AssertionError: None is not an instance of <class 'django.core.exceptions.ValidationError'>

======================================================================
FAIL: test_l04_shared_financial_command_nul_refused_without_row_audit_or_intent (a07_boundary_tests.A07BoundaryTests.test_l04_shared_financial_command_nul_refused_without_row_audit_or_intent) (check='exact_zero_effect_before_harness_cleanup', currency='EUR', description="'До\\x00після'")
----------------------------------------------------------------------
Traceback (most recent call last):
  File "/workspace/scratch/c7b51e996a9f/tmp/a07_boundary_tests.py", line 424, in test_l04_shared_financial_command_nul_refused_without_row_audit_or_intent
    self.assert_same_physical(before, after, 'Invalid finance text changed sources/audit/intent')
  File "/workspace/scratch/c7b51e996a9f/tmp/a07_boundary_tests.py", line 83, in assert_same_physical
    self.assertEqual(changed, [], message + ': ' + ', '.join(changed))
AssertionError: Lists differ: ['finance.Transaction', 'operations.AuditEvent', 'finance.FinancialIntent'] != []

First list contains 3 additional elements.
First extra element 0:
'finance.Transaction'

- ['finance.Transaction', 'operations.AuditEvent', 'finance.FinancialIntent']
+ [] : Invalid finance text changed sources/audit/intent: finance.Transaction, operations.AuditEvent, finance.FinancialIntent

======================================================================
FAIL: test_l04_shared_financial_command_nul_refused_without_row_audit_or_intent (a07_boundary_tests.A07BoundaryTests.test_l04_shared_financial_command_nul_refused_without_row_audit_or_intent) (check='ValidationError', currency='EUR', description="'До\\ud800після'")
----------------------------------------------------------------------
Traceback (most recent call last):
  File "/workspace/scratch/c7b51e996a9f/tmp/a07_boundary_tests.py", line 422, in test_l04_shared_financial_command_nul_refused_without_row_audit_or_intent
    self.assertIsInstance(error, ValidationError)
AssertionError: UnicodeEncodeError('utf-8', 'До\ud800після', 2, 3, 'surrogates not allowed') is not an instance of <class 'django.core.exceptions.ValidationError'>

======================================================================
FAIL: test_l04_shared_financial_command_nul_refused_without_row_audit_or_intent (a07_boundary_tests.A07BoundaryTests.test_l04_shared_financial_command_nul_refused_without_row_audit_or_intent) (check='ValidationError', currency='USD', description="'До\\x00після'")
----------------------------------------------------------------------
Traceback (most recent call last):
  File "/workspace/scratch/c7b51e996a9f/tmp/a07_boundary_tests.py", line 422, in test_l04_shared_financial_command_nul_refused_without_row_audit_or_intent
    self.assertIsInstance(error, ValidationError)
AssertionError: None is not an instance of <class 'django.core.exceptions.ValidationError'>

======================================================================
FAIL: test_l04_shared_financial_command_nul_refused_without_row_audit_or_intent (a07_boundary_tests.A07BoundaryTests.test_l04_shared_financial_command_nul_refused_without_row_audit_or_intent) (check='exact_zero_effect_before_harness_cleanup', currency='USD', description="'До\\x00після'")
----------------------------------------------------------------------
Traceback (most recent call last):
  File "/workspace/scratch/c7b51e996a9f/tmp/a07_boundary_tests.py", line 424, in test_l04_shared_financial_command_nul_refused_without_row_audit_or_intent
    self.assert_same_physical(before, after, 'Invalid finance text changed sources/audit/intent')
  File "/workspace/scratch/c7b51e996a9f/tmp/a07_boundary_tests.py", line 83, in assert_same_physical
    self.assertEqual(changed, [], message + ': ' + ', '.join(changed))
AssertionError: Lists differ: ['finance.Transaction', 'operations.AuditEvent', 'finance.FinancialIntent'] != []

First list contains 3 additional elements.
First extra element 0:
'finance.Transaction'

- ['finance.Transaction', 'operations.AuditEvent', 'finance.FinancialIntent']
+ [] : Invalid finance text changed sources/audit/intent: finance.Transaction, operations.AuditEvent, finance.FinancialIntent

======================================================================
FAIL: test_l04_shared_financial_command_nul_refused_without_row_audit_or_intent (a07_boundary_tests.A07BoundaryTests.test_l04_shared_financial_command_nul_refused_without_row_audit_or_intent) (check='ValidationError', currency='USD', description="'До\\ud800після'")
----------------------------------------------------------------------
Traceback (most recent call last):
  File "/workspace/scratch/c7b51e996a9f/tmp/a07_boundary_tests.py", line 422, in test_l04_shared_financial_command_nul_refused_without_row_audit_or_intent
    self.assertIsInstance(error, ValidationError)
AssertionError: UnicodeEncodeError('utf-8', 'До\ud800після', 2, 3, 'surrogates not allowed') is not an instance of <class 'django.core.exceptions.ValidationError'>

======================================================================
FAIL: test_l04_shared_financial_command_nul_refused_without_row_audit_or_intent (a07_boundary_tests.A07BoundaryTests.test_l04_shared_financial_command_nul_refused_without_row_audit_or_intent) (check='ValidationError', currency='UAH', description="'До\\x00після'")
----------------------------------------------------------------------
Traceback (most recent call last):
  File "/workspace/scratch/c7b51e996a9f/tmp/a07_boundary_tests.py", line 422, in test_l04_shared_financial_command_nul_refused_without_row_audit_or_intent
    self.assertIsInstance(error, ValidationError)
AssertionError: None is not an instance of <class 'django.core.exceptions.ValidationError'>

======================================================================
FAIL: test_l04_shared_financial_command_nul_refused_without_row_audit_or_intent (a07_boundary_tests.A07BoundaryTests.test_l04_shared_financial_command_nul_refused_without_row_audit_or_intent) (check='exact_zero_effect_before_harness_cleanup', currency='UAH', description="'До\\x00після'")
----------------------------------------------------------------------
Traceback (most recent call last):
  File "/workspace/scratch/c7b51e996a9f/tmp/a07_boundary_tests.py", line 424, in test_l04_shared_financial_command_nul_refused_without_row_audit_or_intent
    self.assert_same_physical(before, after, 'Invalid finance text changed sources/audit/intent')
  File "/workspace/scratch/c7b51e996a9f/tmp/a07_boundary_tests.py", line 83, in assert_same_physical
    self.assertEqual(changed, [], message + ': ' + ', '.join(changed))
AssertionError: Lists differ: ['finance.Transaction', 'operations.AuditEvent', 'finance.FinancialIntent'] != []

First list contains 3 additional elements.
First extra element 0:
'finance.Transaction'

- ['finance.Transaction', 'operations.AuditEvent', 'finance.FinancialIntent']
+ [] : Invalid finance text changed sources/audit/intent: finance.Transaction, operations.AuditEvent, finance.FinancialIntent

======================================================================
FAIL: test_l04_shared_financial_command_nul_refused_without_row_audit_or_intent (a07_boundary_tests.A07BoundaryTests.test_l04_shared_financial_command_nul_refused_without_row_audit_or_intent) (check='ValidationError', currency='UAH', description="'До\\ud800після'")
----------------------------------------------------------------------
Traceback (most recent call last):
  File "/workspace/scratch/c7b51e996a9f/tmp/a07_boundary_tests.py", line 422, in test_l04_shared_financial_command_nul_refused_without_row_audit_or_intent
    self.assertIsInstance(error, ValidationError)
AssertionError: UnicodeEncodeError('utf-8', 'До\ud800після', 2, 3, 'surrogates not allowed') is not an instance of <class 'django.core.exceptions.ValidationError'>

======================================================================
FAIL: test_n02_computed_invoice_10_power_12_refuses_no_partial_invoiced (a07_boundary_tests.A07BoundaryTests.test_n02_computed_invoice_10_power_12_refuses_no_partial_invoiced) (check='explicit_validation_refusal', boundary='N02/Invoice.amount/1000000000000.00/EUR', adapter='dispatch')
----------------------------------------------------------------------
Traceback (most recent call last):
  File "/workspace/scratch/c7b51e996a9f/tmp/a07_boundary_tests.py", line 136, in reject
    self.assertIsInstance(error, (ValueError, ValidationError),
AssertionError: None is not an instance of (<class 'ValueError'>, <class 'django.core.exceptions.ValidationError'>) : Expected domain validation before persistence; got None

======================================================================
FAIL: test_n02_computed_invoice_10_power_12_refuses_no_partial_invoiced (a07_boundary_tests.A07BoundaryTests.test_n02_computed_invoice_10_power_12_refuses_no_partial_invoiced) (check='exact_zero_effect_before_harness_cleanup', boundary='N02/Invoice.amount/1000000000000.00/EUR', adapter='dispatch')
----------------------------------------------------------------------
Traceback (most recent call last):
  File "/workspace/scratch/c7b51e996a9f/tmp/a07_boundary_tests.py", line 143, in reject
    self.assert_same_physical(before, after, 'Refused command changed sources/history/receipt')
  File "/workspace/scratch/c7b51e996a9f/tmp/a07_boundary_tests.py", line 83, in assert_same_physical
    self.assertEqual(changed, [], message + ': ' + ', '.join(changed))
AssertionError: Lists differ: ['erp.SalesLine', 'erp.InvoiceLink', 'erp.Event', 'operations.Invoice'] != []

First list contains 4 additional elements.
First extra element 0:
'erp.SalesLine'

- ['erp.SalesLine', 'erp.InvoiceLink', 'erp.Event', 'operations.Invoice']
+ [] : Refused command changed sources/history/receipt: erp.SalesLine, erp.InvoiceLink, erp.Event, operations.Invoice

======================================================================
FAIL: test_n02_computed_invoice_10_power_12_refuses_no_partial_invoiced (a07_boundary_tests.A07BoundaryTests.test_n02_computed_invoice_10_power_12_refuses_no_partial_invoiced) (check='explicit_validation_refusal', boundary='N02/Invoice.amount/1000000000000.00/EUR', adapter='preview')
----------------------------------------------------------------------
Traceback (most recent call last):
  File "/workspace/scratch/c7b51e996a9f/tmp/a07_boundary_tests.py", line 140, in reject
    self.assertEqual(response.status_code, 422, response.content[:700])
AssertionError: 500 != 422 : b'\n<!doctype html>\n<html lang="en">\n<head>\n  <title>Server Error (500)</title>\n</head>\n<body>\n  <h1>Server Error (500)</h1><p></p>\n</body>\n</html>\n'

======================================================================
FAIL: test_n02_computed_invoice_10_power_12_refuses_no_partial_invoiced (a07_boundary_tests.A07BoundaryTests.test_n02_computed_invoice_10_power_12_refuses_no_partial_invoiced) (check='explicit_validation_refusal', boundary='N02/Invoice.amount/1000000000000.00/EUR', adapter='confirm')
----------------------------------------------------------------------
Traceback (most recent call last):
  File "/workspace/scratch/c7b51e996a9f/tmp/a07_boundary_tests.py", line 140, in reject
    self.assertEqual(response.status_code, 422, response.content[:700])
AssertionError: 500 != 422 : b'\n<!doctype html>\n<html lang="en">\n<head>\n  <title>Server Error (500)</title>\n</head>\n<body>\n  <h1>Server Error (500)</h1><p></p>\n</body>\n</html>\n'

======================================================================
FAIL: test_n02_computed_invoice_10_power_12_refuses_no_partial_invoiced (a07_boundary_tests.A07BoundaryTests.test_n02_computed_invoice_10_power_12_refuses_no_partial_invoiced) (check='explicit_validation_refusal', boundary='N02/Invoice.amount/1000000000000.00/USD', adapter='dispatch')
----------------------------------------------------------------------
Traceback (most recent call last):
  File "/workspace/scratch/c7b51e996a9f/tmp/a07_boundary_tests.py", line 136, in reject
    self.assertIsInstance(error, (ValueError, ValidationError),
AssertionError: None is not an instance of (<class 'ValueError'>, <class 'django.core.exceptions.ValidationError'>) : Expected domain validation before persistence; got None

======================================================================
FAIL: test_n02_computed_invoice_10_power_12_refuses_no_partial_invoiced (a07_boundary_tests.A07BoundaryTests.test_n02_computed_invoice_10_power_12_refuses_no_partial_invoiced) (check='exact_zero_effect_before_harness_cleanup', boundary='N02/Invoice.amount/1000000000000.00/USD', adapter='dispatch')
----------------------------------------------------------------------
Traceback (most recent call last):
  File "/workspace/scratch/c7b51e996a9f/tmp/a07_boundary_tests.py", line 143, in reject
    self.assert_same_physical(before, after, 'Refused command changed sources/history/receipt')
  File "/workspace/scratch/c7b51e996a9f/tmp/a07_boundary_tests.py", line 83, in assert_same_physical
    self.assertEqual(changed, [], message + ': ' + ', '.join(changed))
AssertionError: Lists differ: ['erp.SalesLine', 'erp.InvoiceLink', 'erp.Event', 'operations.Invoice'] != []

First list contains 4 additional elements.
First extra element 0:
'erp.SalesLine'

- ['erp.SalesLine', 'erp.InvoiceLink', 'erp.Event', 'operations.Invoice']
+ [] : Refused command changed sources/history/receipt: erp.SalesLine, erp.InvoiceLink, erp.Event, operations.Invoice

======================================================================
FAIL: test_n02_computed_invoice_10_power_12_refuses_no_partial_invoiced (a07_boundary_tests.A07BoundaryTests.test_n02_computed_invoice_10_power_12_refuses_no_partial_invoiced) (check='explicit_validation_refusal', boundary='N02/Invoice.amount/1000000000000.00/USD', adapter='preview')
----------------------------------------------------------------------
Traceback (most recent call last):
  File "/workspace/scratch/c7b51e996a9f/tmp/a07_boundary_tests.py", line 140, in reject
    self.assertEqual(response.status_code, 422, response.content[:700])
AssertionError: 500 != 422 : b'\n<!doctype html>\n<html lang="en">\n<head>\n  <title>Server Error (500)</title>\n</head>\n<body>\n  <h1>Server Error (500)</h1><p></p>\n</body>\n</html>\n'

======================================================================
FAIL: test_n02_computed_invoice_10_power_12_refuses_no_partial_invoiced (a07_boundary_tests.A07BoundaryTests.test_n02_computed_invoice_10_power_12_refuses_no_partial_invoiced) (check='explicit_validation_refusal', boundary='N02/Invoice.amount/1000000000000.00/USD', adapter='confirm')
----------------------------------------------------------------------
Traceback (most recent call last):
  File "/workspace/scratch/c7b51e996a9f/tmp/a07_boundary_tests.py", line 140, in reject
    self.assertEqual(response.status_code, 422, response.content[:700])
AssertionError: 500 != 422 : b'\n<!doctype html>\n<html lang="en">\n<head>\n  <title>Server Error (500)</title>\n</head>\n<body>\n  <h1>Server Error (500)</h1><p></p>\n</body>\n</html>\n'

======================================================================
FAIL: test_n02_computed_invoice_10_power_12_refuses_no_partial_invoiced (a07_boundary_tests.A07BoundaryTests.test_n02_computed_invoice_10_power_12_refuses_no_partial_invoiced) (check='explicit_validation_refusal', boundary='N02/Invoice.amount/1000000000000.00/UAH', adapter='dispatch')
----------------------------------------------------------------------
Traceback (most recent call last):
  File "/workspace/scratch/c7b51e996a9f/tmp/a07_boundary_tests.py", line 136, in reject
    self.assertIsInstance(error, (ValueError, ValidationError),
AssertionError: None is not an instance of (<class 'ValueError'>, <class 'django.core.exceptions.ValidationError'>) : Expected domain validation before persistence; got None

======================================================================
FAIL: test_n02_computed_invoice_10_power_12_refuses_no_partial_invoiced (a07_boundary_tests.A07BoundaryTests.test_n02_computed_invoice_10_power_12_refuses_no_partial_invoiced) (check='exact_zero_effect_before_harness_cleanup', boundary='N02/Invoice.amount/1000000000000.00/UAH', adapter='dispatch')
----------------------------------------------------------------------
Traceback (most recent call last):
  File "/workspace/scratch/c7b51e996a9f/tmp/a07_boundary_tests.py", line 143, in reject
    self.assert_same_physical(before, after, 'Refused command changed sources/history/receipt')
  File "/workspace/scratch/c7b51e996a9f/tmp/a07_boundary_tests.py", line 83, in assert_same_physical
    self.assertEqual(changed, [], message + ': ' + ', '.join(changed))
AssertionError: Lists differ: ['erp.SalesLine', 'erp.InvoiceLink', 'erp.Event', 'operations.Invoice'] != []

First list contains 4 additional elements.
First extra element 0:
'erp.SalesLine'

- ['erp.SalesLine', 'erp.InvoiceLink', 'erp.Event', 'operations.Invoice']
+ [] : Refused command changed sources/history/receipt: erp.SalesLine, erp.InvoiceLink, erp.Event, operations.Invoice

======================================================================
FAIL: test_n02_computed_invoice_10_power_12_refuses_no_partial_invoiced (a07_boundary_tests.A07BoundaryTests.test_n02_computed_invoice_10_power_12_refuses_no_partial_invoiced) (check='explicit_validation_refusal', boundary='N02/Invoice.amount/1000000000000.00/UAH', adapter='preview')
----------------------------------------------------------------------
Traceback (most recent call last):
  File "/workspace/scratch/c7b51e996a9f/tmp/a07_boundary_tests.py", line 140, in reject
    self.assertEqual(response.status_code, 422, response.content[:700])
AssertionError: 500 != 422 : b'\n<!doctype html>\n<html lang="en">\n<head>\n  <title>Server Error (500)</title>\n</head>\n<body>\n  <h1>Server Error (500)</h1><p></p>\n</body>\n</html>\n'

======================================================================
FAIL: test_n02_computed_invoice_10_power_12_refuses_no_partial_invoiced (a07_boundary_tests.A07BoundaryTests.test_n02_computed_invoice_10_power_12_refuses_no_partial_invoiced) (check='explicit_validation_refusal', boundary='N02/Invoice.amount/1000000000000.00/UAH', adapter='confirm')
----------------------------------------------------------------------
Traceback (most recent call last):
  File "/workspace/scratch/c7b51e996a9f/tmp/a07_boundary_tests.py", line 140, in reject
    self.assertEqual(response.status_code, 422, response.content[:700])
AssertionError: 500 != 422 : b'\n<!doctype html>\n<html lang="en">\n<head>\n  <title>Server Error (500)</title>\n</head>\n<body>\n  <h1>Server Error (500)</h1><p></p>\n</body>\n</html>\n'

----------------------------------------------------------------------
Ran 15 tests in 15.404s

FAILED (failures=203)
Destroying test database for alias 'default' ('/workspace/scratch/c7b51e996a9f/tmp/a07_boundary_first.sqlite3_django_test')...

A07_OBSERVED {"boundary": "N01/amount/NaN/UAH", "adapter": "confirm", "status": 422, "exception": null, "changed_tables": [], "business_sql_writes": []}
A07_OBSERVED {"boundary": "N01/amount/sNaN/UAH", "adapter": "dispatch", "status": null, "exception": "ValueError", "changed_tables": [], "business_sql_writes": []}
A07_OBSERVED {"boundary": "N01/amount/sNaN/UAH", "adapter": "preview", "status": 422, "exception": null, "changed_tables": [], "business_sql_writes": []}
A07_OBSERVED {"boundary": "N01/amount/sNaN/UAH", "adapter": "confirm", "status": 422, "exception": null, "changed_tables": [], "business_sql_writes": []}
A07_OBSERVED {"boundary": "N01/amount/Infinity/UAH", "adapter": "dispatch", "status": null, "exception": "ValueError", "changed_tables": [], "business_sql_writes": []}
A07_OBSERVED {"boundary": "N01/amount/Infinity/UAH", "adapter": "preview", "status": 422, "exception": null, "changed_tables": [], "business_sql_writes": []}
A07_OBSERVED {"boundary": "N01/amount/Infinity/UAH", "adapter": "confirm", "status": 422, "exception": null, "changed_tables": [], "business_sql_writes": []}
A07_OBSERVED {"boundary": "N01/amount/-Infinity/UAH", "adapter": "dispatch", "status": null, "exception": "ValueError", "changed_tables": [], "business_sql_writes": []}
A07_OBSERVED {"boundary": "N01/amount/-Infinity/UAH", "adapter": "preview", "status": 422, "exception": null, "changed_tables": [], "business_sql_writes": []}
A07_OBSERVED {"boundary": "N01/amount/-Infinity/UAH", "adapter": "confirm", "status": 422, "exception": null, "changed_tables": [], "business_sql_writes": []}
A07_OBSERVED {"boundary": "N01/Lot.quantity/scale4/EUR", "adapter": "dispatch", "status": null, "exception": "ValueError", "changed_tables": [], "business_sql_writes": []}
A07_OBSERVED {"boundary": "N01/Lot.quantity/scale4/EUR", "adapter": "preview", "status": 422, "exception": null, "changed_tables": [], "business_sql_writes": []}
A07_OBSERVED {"boundary": "N01/Lot.quantity/scale4/EUR", "adapter": "confirm", "status": 422, "exception": null, "changed_tables": [], "business_sql_writes": []}
A07_OBSERVED {"boundary": "N01/Lot.quantity/scale4/USD", "adapter": "dispatch", "status": null, "exception": "ValueError", "changed_tables": [], "business_sql_writes": []}
A07_OBSERVED {"boundary": "N01/Lot.quantity/scale4/USD", "adapter": "preview", "status": 422, "exception": null, "changed_tables": [], "business_sql_writes": []}
A07_OBSERVED {"boundary": "N01/Lot.quantity/scale4/USD", "adapter": "confirm", "status": 422, "exception": null, "changed_tables": [], "business_sql_writes": []}
A07_OBSERVED {"boundary": "N01/Lot.quantity/scale4/UAH", "adapter": "dispatch", "status": null, "exception": "ValueError", "changed_tables": [], "business_sql_writes": []}
A07_OBSERVED {"boundary": "N01/Lot.quantity/scale4/UAH", "adapter": "preview", "status": 422, "exception": null, "changed_tables": [], "business_sql_writes": []}
A07_OBSERVED {"boundary": "N01/Lot.quantity/scale4/UAH", "adapter": "confirm", "status": 422, "exception": null, "changed_tables": [], "business_sql_writes": []}
A07_OBSERVED {"boundary": "N02/Invoice.amount/1000000000000.00/EUR", "adapter": "dispatch", "status": null, "exception": null, "changed_tables": ["erp.SalesLine", "erp.InvoiceLink", "erp.Event", "operations.Invoice"], "business_sql_writes": [["erp_salesline", "UPDATE"], ["operations_invoice", "INSERT"], ["erp_invoicelink", "INSERT"], ["erp_event", "INSERT"]]}
A07_OBSERVED {"boundary": "N02/Invoice.amount/1000000000000.00/EUR", "adapter": "preview", "status": 500, "exception": null, "changed_tables": [], "business_sql_writes": [["erp_salesline", "UPDATE"], ["operations_invoice", "INSERT"], ["erp_invoicelink", "INSERT"]]}
A07_OBSERVED {"boundary": "N02/Invoice.amount/1000000000000.00/EUR", "adapter": "confirm", "status": 500, "exception": null, "changed_tables": [], "business_sql_writes": [["erp_salesline", "UPDATE"], ["operations_invoice", "INSERT"], ["erp_invoicelink", "INSERT"], ["erp_event", "INSERT"]]}
A07_OBSERVED {"boundary": "N02/Invoice.amount/1000000000000.00/USD", "adapter": "dispatch", "status": null, "exception": null, "changed_tables": ["erp.SalesLine", "erp.InvoiceLink", "erp.Event", "operations.Invoice"], "business_sql_writes": [["erp_salesline", "UPDATE"], ["operations_invoice", "INSERT"], ["erp_invoicelink", "INSERT"], ["erp_event", "INSERT"]]}
A07_OBSERVED {"boundary": "N02/Invoice.amount/1000000000000.00/USD", "adapter": "preview", "status": 500, "exception": null, "changed_tables": [], "business_sql_writes": [["erp_salesline", "UPDATE"], ["operations_invoice", "INSERT"], ["erp_invoicelink", "INSERT"]]}
A07_OBSERVED {"boundary": "N02/Invoice.amount/1000000000000.00/USD", "adapter": "confirm", "status": 500, "exception": null, "changed_tables": [], "business_sql_writes": [["erp_salesline", "UPDATE"], ["operations_invoice", "INSERT"], ["erp_invoicelink", "INSERT"], ["erp_event", "INSERT"]]}
A07_OBSERVED {"boundary": "N02/Invoice.amount/1000000000000.00/UAH", "adapter": "dispatch", "status": null, "exception": null, "changed_tables": ["erp.SalesLine", "erp.InvoiceLink", "erp.Event", "operations.Invoice"], "business_sql_writes": [["erp_salesline", "UPDATE"], ["operations_invoice", "INSERT"], ["erp_invoicelink", "INSERT"], ["erp_event", "INSERT"]]}
A07_OBSERVED {"boundary": "N02/Invoice.amount/1000000000000.00/UAH", "adapter": "preview", "status": 500, "exception": null, "changed_tables": [], "business_sql_writes": [["erp_salesline", "UPDATE"], ["operations_invoice", "INSERT"], ["erp_invoicelink", "INSERT"]]}
A07_OBSERVED {"boundary": "N02/Invoice.amount/1000000000000.00/UAH", "adapter": "confirm", "status": 500, "exception": null, "changed_tables": [], "business_sql_writes": [["erp_salesline", "UPDATE"], ["operations_invoice", "INSERT"], ["erp_invoicelink", "INSERT"], ["erp_event", "INSERT"]]}
