Creating test database for alias 'default' ('/workspace/scratch/c7b51e996a9f/tmp/b02_candidate/check_access_additive.sqlite3_django_test')...
Destroying old test database for alias 'default' ('/workspace/scratch/c7b51e996a9f/tmp/b02_candidate/check_access_additive.sqlite3_django_test')...
Found 2 test(s).
Operations to perform:
  Synchronize unmigrated apps: django_filters, messages, rest_framework, staticfiles
  Apply all migrations: admin, ai_assistant, auth, branches, contenttypes, employees, erp, finance, operations, sessions, tasks
Synchronizing apps without migrations:
  Creating tables...
    Running deferred SQL...
Running migrations:
  Applying contenttypes.0001_initial... OK
  Applying auth.0001_initial... OK
  Applying admin.0001_initial... OK
  Applying admin.0002_logentry_remove_auto_add... OK
  Applying admin.0003_logentry_add_action_flag_choices... OK
  Applying ai_assistant.0001_initial... OK
  Applying ai_assistant.0002_taskchangelog... OK
  Applying ai_assistant.0003_claudeusagelog... OK
  Applying ai_assistant.0004_employeechangelog... OK
  Applying ai_assistant.0005_chatfile... OK
  Applying ai_assistant.0006_alter_chatmessage_created_at_and_more... OK
  Applying ai_assistant.0007_employeechangelog_undone_at... OK
  Applying ai_assistant.0008_chatmessage_archived_at_chatmessage_user_and_more... OK
  Applying ai_assistant.0009_private_documents... OK
  Applying contenttypes.0002_remove_content_type_name... OK
  Applying auth.0002_alter_permission_name_max_length... OK
  Applying auth.0003_alter_user_email_max_length... OK
  Applying auth.0004_alter_user_username_opts... OK
  Applying auth.0005_alter_user_last_login_null... OK
  Applying auth.0006_require_contenttypes_0002... OK
  Applying auth.0007_alter_validators_add_error_messages... OK
  Applying auth.0008_alter_user_username_max_length... OK
  Applying auth.0009_alter_user_last_name_max_length... OK
  Applying auth.0010_alter_group_name_max_length... OK
  Applying auth.0011_update_proxy_permissions... OK
  Applying auth.0012_alter_user_first_name_max_length... OK
  Applying branches.0001_initial... OK
  Applying branches.0002_branch_short_name... OK
  Applying branches.0003_fill_short_names... OK
  Applying employees.0001_initial... OK
  Applying employees.0002_alter_employee_department... OK
  Applying employees.0003_employee_branch... OK
  Applying employees.0004_employee_archived_at... OK
  Applying employees.0005_employee_user... OK
  Applying finance.0001_initial... OK
  Applying finance.0002_alter_salary_unique_together_alter_contract_status_and_more... OK
  Applying finance.0003_transaction_branch... OK
  Applying finance.0004_salary_archived_at_transaction_archived_at_and_more... OK
  Applying finance.0005_alter_transaction_branch_alter_transaction_contract_and_more... OK
  Applying finance.0006_financialintent... OK
  Applying finance.0007_money_boundaries... OK
  Applying tasks.0001_initial... OK
  Applying tasks.0002_alter_task_priority... OK
  Applying tasks.0003_alter_task_deadline_alter_task_priority_and_more... OK
  Applying tasks.0004_task_branch... OK
  Applying operations.0001_initial... OK
  Applying operations.0002_actionproposal_user... OK
  Applying operations.0003_loginattempt... OK
  Applying operations.0004_alter_document_options_document_access_level... OK
  Applying operations.0005_invoice_boundaries... OK
  Applying operations.0006_private_documents... OK
  Applying erp.0001_initial... OK
  Applying erp.0002_row_boundaries... OK
  Applying erp.0003_purchase_source... OK
  Applying erp.0004_initial_import_ledger... OK
  Applying sessions.0001_initial...test_new_four_routes_all_five_roles_and_nine_methods (erp.test_import_access.ImportAccessMatrixTests.test_new_four_routes_all_five_roles_and_nine_methods) ... 
  test_new_four_routes_all_five_roles_and_nine_methods (erp.test_import_access.ImportAccessMatrixTests.test_new_four_routes_all_five_roles_and_nine_methods) (path='/api/erp/import/preview/', role='anonymous', method='GET') ... FAIL
  test_new_four_routes_all_five_roles_and_nine_methods (erp.test_import_access.ImportAccessMatrixTests.test_new_four_routes_all_five_roles_and_nine_methods) (path='/api/erp/import/preview/', role='anonymous', method='HEAD') ... FAIL
  test_new_four_routes_all_five_roles_and_nine_methods (erp.test_import_access.ImportAccessMatrixTests.test_new_four_routes_all_five_roles_and_nine_methods) (path='/api/erp/import/preview/', role='anonymous', method='OPTIONS') ... FAIL
  test_new_four_routes_all_five_roles_and_nine_methods (erp.test_import_access.ImportAccessMatrixTests.test_new_four_routes_all_five_roles_and_nine_methods) (path='/api/erp/import/preview/', role='anonymous', method='POST') ... FAIL
  test_new_four_routes_all_five_roles_and_nine_methods (erp.test_import_access.ImportAccessMatrixTests.test_new_four_routes_all_five_roles_and_nine_methods) (path='/api/erp/import/preview/', role='anonymous', method='PUT') ... FAIL
  test_new_four_routes_all_five_roles_and_nine_methods (erp.test_import_access.ImportAccessMatrixTests.test_new_four_routes_all_five_roles_and_nine_methods) (path='/api/erp/import/preview/', role='anonymous', method='PATCH') ... FAIL
  test_new_four_routes_all_five_roles_and_nine_methods (erp.test_import_access.ImportAccessMatrixTests.test_new_four_routes_all_five_roles_and_nine_methods) (path='/api/erp/import/preview/', role='anonymous', method='DELETE') ... FAIL
  test_new_four_routes_all_five_roles_and_nine_methods (erp.test_import_access.ImportAccessMatrixTests.test_new_four_routes_all_five_roles_and_nine_methods) (path='/api/erp/import/preview/', role='anonymous', method='TRACE') ... FAIL
  test_new_four_routes_all_five_roles_and_nine_methods (erp.test_import_access.ImportAccessMatrixTests.test_new_four_routes_all_five_roles_and_nine_methods) (path='/api/erp/import/preview/', role='anonymous', method='CONNECT') ... FAIL
  test_new_four_routes_all_five_roles_and_nine_methods (erp.test_import_access.ImportAccessMatrixTests.test_new_four_routes_all_five_roles_and_nine_methods) (path='/api/erp/import/preview/', role='ceo', method='GET') ... FAIL
  test_new_four_routes_all_five_roles_and_nine_methods (erp.test_import_access.ImportAccessMatrixTests.test_new_four_routes_all_five_roles_and_nine_methods) (path='/api/erp/import/preview/', role='ceo', method='HEAD') ... FAIL
  test_new_four_routes_all_five_roles_and_nine_methods (erp.test_import_access.ImportAccessMatrixTests.test_new_four_routes_all_five_roles_and_nine_methods) (path='/api/erp/import/preview/', role='ceo', method='OPTIONS') ... FAIL
  test_new_four_routes_all_five_roles_and_nine_methods (erp.test_import_access.ImportAccessMatrixTests.test_new_four_routes_all_five_roles_and_nine_methods) (path='/api/erp/import/preview/', role='ceo', method='POST') ... FAIL
  test_new_four_routes_all_five_roles_and_nine_methods (erp.test_import_access.ImportAccessMatrixTests.test_new_four_routes_all_five_roles_and_nine_methods) (path='/api/erp/import/preview/', role='ceo', method='PUT') ... FAIL
  test_new_four_routes_all_five_roles_and_nine_methods (erp.test_import_access.ImportAccessMatrixTests.test_new_four_routes_all_five_roles_and_nine_methods) (path='/api/erp/import/preview/', role='ceo', method='PATCH') ... FAIL
  test_new_four_routes_all_five_roles_and_nine_methods (erp.test_import_access.ImportAccessMatrixTests.test_new_four_routes_all_five_roles_and_nine_methods) (path='/api/erp/import/preview/', role='ceo', method='DELETE') ... FAIL
  test_new_four_routes_all_five_roles_and_nine_methods (erp.test_import_access.ImportAccessMatrixTests.test_new_four_routes_all_five_roles_and_nine_methods) (path='/api/erp/import/preview/', role='ceo', method='TRACE') ... FAIL
  test_new_four_routes_all_five_roles_and_nine_methods (erp.test_import_access.ImportAccessMatrixTests.test_new_four_routes_all_five_roles_and_nine_methods) (path='/api/erp/import/preview/', role='ceo', method='CONNECT') ... FAIL
  test_new_four_routes_all_five_roles_and_nine_methods (erp.test_import_access.ImportAccessMatrixTests.test_new_four_routes_all_five_roles_and_nine_methods) (path='/api/erp/import/preview/', role='manager', method='GET') ... FAIL
  test_new_four_routes_all_five_roles_and_nine_methods (erp.test_import_access.ImportAccessMatrixTests.test_new_four_routes_all_five_roles_and_nine_methods) (path='/api/erp/import/preview/', role='manager', method='HEAD') ... FAIL
  test_new_four_routes_all_five_roles_and_nine_methods (erp.test_import_access.ImportAccessMatrixTests.test_new_four_routes_all_five_roles_and_nine_methods) (path='/api/erp/import/preview/', role='manager', method='OPTIONS') ... FAIL
  test_new_four_routes_all_five_roles_and_nine_methods (erp.test_import_access.ImportAccessMatrixTests.test_new_four_routes_all_five_roles_and_nine_methods) (path='/api/erp/import/preview/', role='manager', method='POST') ... FAIL
  test_new_four_routes_all_five_roles_and_nine_methods (erp.test_import_access.ImportAccessMatrixTests.test_new_four_routes_all_five_roles_and_nine_methods) (path='/api/erp/import/preview/', role='manager', method='PUT') ... FAIL
  test_new_four_routes_all_five_roles_and_nine_methods (erp.test_import_access.ImportAccessMatrixTests.test_new_four_routes_all_five_roles_and_nine_methods) (path='/api/erp/import/preview/', role='manager', method='PATCH') ... FAIL
  test_new_four_routes_all_five_roles_and_nine_methods (erp.test_import_access.ImportAccessMatrixTests.test_new_four_routes_all_five_roles_and_nine_methods) (path='/api/erp/import/preview/', role='manager', method='DELETE') ... FAIL
  test_new_four_routes_all_five_roles_and_nine_methods (erp.test_import_access.ImportAccessMatrixTests.test_new_four_routes_all_five_roles_and_nine_methods) (path='/api/erp/import/preview/', role='manager', method='TRACE') ... FAIL
  test_new_four_routes_all_five_roles_and_nine_methods (erp.test_import_access.ImportAccessMatrixTests.test_new_four_routes_all_five_roles_and_nine_methods) (path='/api/erp/import/preview/', role='manager', method='CONNECT') ... FAIL
  test_new_four_routes_all_five_roles_and_nine_methods (erp.test_import_access.ImportAccessMatrixTests.test_new_four_routes_all_five_roles_and_nine_methods) (path='/api/erp/import/preview/', role='observer', method='GET') ... FAIL
  test_new_four_routes_all_five_roles_and_nine_methods (erp.test_import_access.ImportAccessMatrixTests.test_new_four_routes_all_five_roles_and_nine_methods) (path='/api/erp/import/preview/', role='observer', method='HEAD') ... FAIL
  test_new_four_routes_all_five_roles_and_nine_methods (erp.test_import_access.ImportAccessMatrixTests.test_new_four_routes_all_five_roles_and_nine_methods) (path='/api/erp/import/preview/', role='observer', method='OPTIONS') ... FAIL
  test_new_four_routes_all_five_roles_and_nine_methods (erp.test_import_access.ImportAccessMatrixTests.test_new_four_routes_all_five_roles_and_nine_methods) (path='/api/erp/import/preview/', role='observer', method='POST') ... FAIL
  test_new_four_routes_all_five_roles_and_nine_methods (erp.test_import_access.ImportAccessMatrixTests.test_new_four_routes_all_five_roles_and_nine_methods) (path='/api/erp/import/preview/', role='observer', method='PUT') ... FAIL
  test_new_four_routes_all_five_roles_and_nine_methods (erp.test_import_access.ImportAccessMatrixTests.test_new_four_routes_all_five_roles_and_nine_methods) (path='/api/erp/import/preview/', role='observer', method='PATCH') ... FAIL
  test_new_four_routes_all_five_roles_and_nine_methods (erp.test_import_access.ImportAccessMatrixTests.test_new_four_routes_all_five_roles_and_nine_methods) (path='/api/erp/import/preview/', role='observer', method='DELETE') ... FAIL
  test_new_four_routes_all_five_roles_and_nine_methods (erp.test_import_access.ImportAccessMatrixTests.test_new_four_routes_all_five_roles_and_nine_methods) (path='/api/erp/import/preview/', role='observer', method='TRACE') ... FAIL
  test_new_four_routes_all_five_roles_and_nine_methods (erp.test_import_access.ImportAccessMatrixTests.test_new_four_routes_all_five_roles_and_nine_methods) (path='/api/erp/import/preview/', role='observer', method='CONNECT') ... FAIL
  test_new_four_routes_all_five_roles_and_nine_methods (erp.test_import_access.ImportAccessMatrixTests.test_new_four_routes_all_five_roles_and_nine_methods) (path='/api/erp/import/preview/', role='technical_admin', method='GET') ... FAIL
  test_new_four_routes_all_five_roles_and_nine_methods (erp.test_import_access.ImportAccessMatrixTests.test_new_four_routes_all_five_roles_and_nine_methods) (path='/api/erp/import/preview/', role='technical_admin', method='HEAD') ... FAIL
  test_new_four_routes_all_five_roles_and_nine_methods (erp.test_import_access.ImportAccessMatrixTests.test_new_four_routes_all_five_roles_and_nine_methods) (path='/api/erp/import/preview/', role='technical_admin', method='OPTIONS') ... FAIL
  test_new_four_routes_all_five_roles_and_nine_methods (erp.test_import_access.ImportAccessMatrixTests.test_new_four_routes_all_five_roles_and_nine_methods) (path='/api/erp/import/preview/', role='technical_admin', method='POST') ... FAIL
  test_new_four_routes_all_five_roles_and_nine_methods (erp.test_import_access.ImportAccessMatrixTests.test_new_four_routes_all_five_roles_and_nine_methods) (path='/api/erp/import/preview/', role='technical_admin', method='PUT') ... FAIL
  test_new_four_routes_all_five_roles_and_nine_methods (erp.test_import_access.ImportAccessMatrixTests.test_new_four_routes_all_five_roles_and_nine_methods) (path='/api/erp/import/preview/', role='technical_admin', method='PATCH') ... FAIL
  test_new_four_routes_all_five_roles_and_nine_methods (erp.test_import_access.ImportAccessMatrixTests.test_new_four_routes_all_five_roles_and_nine_methods) (path='/api/erp/import/preview/', role='technical_admin', method='DELETE') ... FAIL
  test_new_four_routes_all_five_roles_and_nine_methods (erp.test_import_access.ImportAccessMatrixTests.test_new_four_routes_all_five_roles_and_nine_methods) (path='/api/erp/import/preview/', role='technical_admin', method='TRACE') ... FAIL
  test_new_four_routes_all_five_roles_and_nine_methods (erp.test_import_access.ImportAccessMatrixTests.test_new_four_routes_all_five_roles_and_nine_methods) (path='/api/erp/import/preview/', role='technical_admin', method='CONNECT') ... FAIL
  test_new_four_routes_all_five_roles_and_nine_methods (erp.test_import_access.ImportAccessMatrixTests.test_new_four_routes_all_five_roles_and_nine_methods) (path='/api/erp/import/template/', role='anonymous', method='GET') ... FAIL
  test_new_four_routes_all_five_roles_and_nine_methods (erp.test_import_access.ImportAccessMatrixTests.test_new_four_routes_all_five_roles_and_nine_methods) (path='/api/erp/import/template/', role='anonymous', method='HEAD') ... FAIL
  test_new_four_routes_all_five_roles_and_nine_methods (erp.test_import_access.ImportAccessMatrixTests.test_new_four_routes_all_five_roles_and_nine_methods) (path='/api/erp/import/template/', role='anonymous', method='OPTIONS') ... FAIL
  test_new_four_routes_all_five_roles_and_nine_methods (erp.test_import_access.ImportAccessMatrixTests.test_new_four_routes_all_five_roles_and_nine_methods) (path='/api/erp/import/template/', role='anonymous', method='POST') ... FAIL
  test_new_four_routes_all_five_roles_and_nine_methods (erp.test_import_access.ImportAccessMatrixTests.test_new_four_routes_all_five_roles_and_nine_methods) (path='/api/erp/import/template/', role='anonymous', method='PUT') ... FAIL
  test_new_four_routes_all_five_roles_and_nine_methods (erp.test_import_access.ImportAccessMatrixTests.test_new_four_routes_all_five_roles_and_nine_methods) (path='/api/erp/import/template/', role='anonymous', method='PATCH') ... FAIL
  test_new_four_routes_all_five_roles_and_nine_methods (erp.test_import_access.ImportAccessMatrixTests.test_new_four_routes_all_five_roles_and_nine_methods) (path='/api/erp/import/template/', role='anonymous', method='DELETE') ... FAIL
  test_new_four_routes_all_five_roles_and_nine_methods (erp.test_import_access.ImportAccessMatrixTests.test_new_four_routes_all_five_roles_and_nine_methods) (path='/api/erp/import/template/', role='anonymous', method='TRACE') ... FAIL
  test_new_four_routes_all_five_roles_and_nine_methods (erp.test_import_access.ImportAccessMatrixTests.test_new_four_routes_all_five_roles_and_nine_methods) (path='/api/erp/import/template/', role='anonymous', method='CONNECT') ... FAIL
  test_new_four_routes_all_five_roles_and_nine_methods (erp.test_import_access.ImportAccessMatrixTests.test_new_four_routes_all_five_roles_and_nine_methods) (path='/api/erp/import/template/', role='ceo', method='GET') ... FAIL
  test_new_four_routes_all_five_roles_and_nine_methods (erp.test_import_access.ImportAccessMatrixTests.test_new_four_routes_all_five_roles_and_nine_methods) (path='/api/erp/import/template/', role='ceo', method='HEAD') ... FAIL
  test_new_four_routes_all_five_roles_and_nine_methods (erp.test_import_access.ImportAccessMatrixTests.test_new_four_routes_all_five_roles_and_nine_methods) (path='/api/erp/import/template/', role='ceo', method='OPTIONS') ... FAIL
  test_new_four_routes_all_five_roles_and_nine_methods (erp.test_import_access.ImportAccessMatrixTests.test_new_four_routes_all_five_roles_and_nine_methods) (path='/api/erp/import/template/', role='ceo', method='POST') ... FAIL
  test_new_four_routes_all_five_roles_and_nine_methods (erp.test_import_access.ImportAccessMatrixTests.test_new_four_routes_all_five_roles_and_nine_methods) (path='/api/erp/import/template/', role='ceo', method='PUT') ... FAIL
  test_new_four_routes_all_five_roles_and_nine_methods (erp.test_import_access.ImportAccessMatrixTests.test_new_four_routes_all_five_roles_and_nine_methods) (path='/api/erp/import/template/', role='ceo', method='PATCH') ... FAIL
  test_new_four_routes_all_five_roles_and_nine_methods (erp.test_import_access.ImportAccessMatrixTests.test_new_four_routes_all_five_roles_and_nine_methods) (path='/api/erp/import/template/', role='ceo', method='DELETE') ... FAIL
  test_new_four_routes_all_five_roles_and_nine_methods (erp.test_import_access.ImportAccessMatrixTests.test_new_four_routes_all_five_roles_and_nine_methods) (path='/api/erp/import/template/', role='ceo', method='TRACE') ... FAIL
  test_new_four_routes_all_five_roles_and_nine_methods (erp.test_import_access.ImportAccessMatrixTests.test_new_four_routes_all_five_roles_and_nine_methods) (path='/api/erp/import/template/', role='ceo', method='CONNECT') ... FAIL
  test_new_four_routes_all_five_roles_and_nine_methods (erp.test_import_access.ImportAccessMatrixTests.test_new_four_routes_all_five_roles_and_nine_methods) (path='/api/erp/import/template/', role='manager', method='GET') ... FAIL
  test_new_four_routes_all_five_roles_and_nine_methods (erp.test_import_access.ImportAccessMatrixTests.test_new_four_routes_all_five_roles_and_nine_methods) (path='/api/erp/import/template/', role='manager', method='HEAD') ... FAIL
  test_new_four_routes_all_five_roles_and_nine_methods (erp.test_import_access.ImportAccessMatrixTests.test_new_four_routes_all_five_roles_and_nine_methods) (path='/api/erp/import/template/', role='manager', method='OPTIONS') ... FAIL
  test_new_four_routes_all_five_roles_and_nine_methods (erp.test_import_access.ImportAccessMatrixTests.test_new_four_routes_all_five_roles_and_nine_methods) (path='/api/erp/import/template/', role='manager', method='POST') ... FAIL
  test_new_four_routes_all_five_roles_and_nine_methods (erp.test_import_access.ImportAccessMatrixTests.test_new_four_routes_all_five_roles_and_nine_methods) (path='/api/erp/import/template/', role='manager', method='PUT') ... FAIL
  test_new_four_routes_all_five_roles_and_nine_methods (erp.test_import_access.ImportAccessMatrixTests.test_new_four_routes_all_five_roles_and_nine_methods) (path='/api/erp/import/template/', role='manager', method='PATCH') ... FAIL
  test_new_four_routes_all_five_roles_and_nine_methods (erp.test_import_access.ImportAccessMatrixTests.test_new_four_routes_all_five_roles_and_nine_methods) (path='/api/erp/import/template/', role='manager', method='DELETE') ... FAIL
  test_new_four_routes_all_five_roles_and_nine_methods (erp.test_import_access.ImportAccessMatrixTests.test_new_four_routes_all_five_roles_and_nine_methods) (path='/api/erp/import/template/', role='manager', method='TRACE') ... FAIL
  test_new_four_routes_all_five_roles_and_nine_methods (erp.test_import_access.ImportAccessMatrixTests.test_new_four_routes_all_five_roles_and_nine_methods) (path='/api/erp/import/template/', role='manager', method='CONNECT') ... FAIL
  test_new_four_routes_all_five_roles_and_nine_methods (erp.test_import_access.ImportAccessMatrixTests.test_new_four_routes_all_five_roles_and_nine_methods) (path='/api/erp/import/template/', role='observer', method='GET') ... FAIL
  test_new_four_routes_all_five_roles_and_nine_methods (erp.test_import_access.ImportAccessMatrixTests.test_new_four_routes_all_five_roles_and_nine_methods) (path='/api/erp/import/template/', role='observer', method='HEAD') ... FAIL
  test_new_four_routes_all_five_roles_and_nine_methods (erp.test_import_access.ImportAccessMatrixTests.test_new_four_routes_all_five_roles_and_nine_methods) (path='/api/erp/import/template/', role='observer', method='OPTIONS') ... FAIL
  test_new_four_routes_all_five_roles_and_nine_methods (erp.test_import_access.ImportAccessMatrixTests.test_new_four_routes_all_five_roles_and_nine_methods) (path='/api/erp/import/template/', role='observer', method='POST') ... FAIL
  test_new_four_routes_all_five_roles_and_nine_methods (erp.test_import_access.ImportAccessMatrixTests.test_new_four_routes_all_five_roles_and_nine_methods) (path='/api/erp/import/template/', role='observer', method='PUT') ... FAIL
  test_new_four_routes_all_five_roles_and_nine_methods (erp.test_import_access.ImportAccessMatrixTests.test_new_four_routes_all_five_roles_and_nine_methods) (path='/api/erp/import/template/', role='observer', method='PATCH') ... FAIL
  test_new_four_routes_all_five_roles_and_nine_methods (erp.test_import_access.ImportAccessMatrixTests.test_new_four_routes_all_five_roles_and_nine_methods) (path='/api/erp/import/template/', role='observer', method='DELETE') ... FAIL
  test_new_four_routes_all_five_roles_and_nine_methods (erp.test_import_access.ImportAccessMatrixTests.test_new_four_routes_all_five_roles_and_nine_methods) (path='/api/erp/import/template/', role='observer', method='TRACE') ... FAIL
  test_new_four_routes_all_five_roles_and_nine_methods (erp.test_import_access.ImportAccessMatrixTests.test_new_four_routes_all_five_roles_and_nine_methods) (path='/api/erp/import/template/', role='observer', method='CONNECT') ... FAIL
  test_new_four_routes_all_five_roles_and_nine_methods (erp.test_import_access.ImportAccessMatrixTests.test_new_four_routes_all_five_roles_and_nine_methods) (path='/api/erp/import/template/', role='technical_admin', method='GET') ... FAIL
  test_new_four_routes_all_five_roles_and_nine_methods (erp.test_import_access.ImportAccessMatrixTests.test_new_four_routes_all_five_roles_and_nine_methods) (path='/api/erp/import/template/', role='technical_admin', method='HEAD') ... FAIL
  test_new_four_routes_all_five_roles_and_nine_methods (erp.test_import_access.ImportAccessMatrixTests.test_new_four_routes_all_five_roles_and_nine_methods) (path='/api/erp/import/template/', role='technical_admin', method='OPTIONS') ... FAIL
  test_new_four_routes_all_five_roles_and_nine_methods (erp.test_import_access.ImportAccessMatrixTests.test_new_four_routes_all_five_roles_and_nine_methods) (path='/api/erp/import/template/', role='technical_admin', method='POST') ... FAIL
  test_new_four_routes_all_five_roles_and_nine_methods (erp.test_import_access.ImportAccessMatrixTests.test_new_four_routes_all_five_roles_and_nine_methods) (path='/api/erp/import/template/', role='technical_admin', method='PUT') ... FAIL
  test_new_four_routes_all_five_roles_and_nine_methods (erp.test_import_access.ImportAccessMatrixTests.test_new_four_routes_all_five_roles_and_nine_methods) (path='/api/erp/import/template/', role='technical_admin', method='PATCH') ... FAIL
  test_new_four_routes_all_five_roles_and_nine_methods (erp.test_import_access.ImportAccessMatrixTests.test_new_four_routes_all_five_roles_and_nine_methods) (path='/api/erp/import/template/', role='technical_admin', method='DELETE') ... FAIL
  test_new_four_routes_all_five_roles_and_nine_methods (erp.test_import_access.ImportAccessMatrixTests.test_new_four_routes_all_five_roles_and_nine_methods) (path='/api/erp/import/template/', role='technical_admin', method='TRACE') ... FAIL
  test_new_four_routes_all_five_roles_and_nine_methods (erp.test_import_access.ImportAccessMatrixTests.test_new_four_routes_all_five_roles_and_nine_methods) (path='/api/erp/import/template/', role='technical_admin', method='CONNECT') ... FAIL
  test_new_four_routes_all_five_roles_and_nine_methods (erp.test_import_access.ImportAccessMatrixTests.test_new_four_routes_all_five_roles_and_nine_methods) (path='/api/erp/import/batches/657a2004-52ea-4b1d-b61b-f5330a989f1d/', role='anonymous', method='GET') ... FAIL
  test_new_four_routes_all_five_roles_and_nine_methods (erp.test_import_access.ImportAccessMatrixTests.test_new_four_routes_all_five_roles_and_nine_methods) (path='/api/erp/import/batches/657a2004-52ea-4b1d-b61b-f5330a989f1d/', role='anonymous', method='HEAD') ... FAIL
  test_new_four_routes_all_five_roles_and_nine_methods (erp.test_import_access.ImportAccessMatrixTests.test_new_four_routes_all_five_roles_and_nine_methods) (path='/api/erp/import/batches/657a2004-52ea-4b1d-b61b-f5330a989f1d/', role='anonymous', method='OPTIONS') ... FAIL
  test_new_four_routes_all_five_roles_and_nine_methods (erp.test_import_access.ImportAccessMatrixTests.test_new_four_routes_all_five_roles_and_nine_methods) (path='/api/erp/import/batches/657a2004-52ea-4b1d-b61b-f5330a989f1d/', role='anonymous', method='POST') ... FAIL
  test_new_four_routes_all_five_roles_and_nine_methods (erp.test_import_access.ImportAccessMatrixTests.test_new_four_routes_all_five_roles_and_nine_methods) (path='/api/erp/import/batches/657a2004-52ea-4b1d-b61b-f5330a989f1d/', role='anonymous', method='PUT') ... FAIL
  test_new_four_routes_all_five_roles_and_nine_methods (erp.test_import_access.ImportAccessMatrixTests.test_new_four_routes_all_five_roles_and_nine_methods) (path='/api/erp/import/batches/657a2004-52ea-4b1d-b61b-f5330a989f1d/', role='anonymous', method='PATCH') ... FAIL
  test_new_four_routes_all_five_roles_and_nine_methods (erp.test_import_access.ImportAccessMatrixTests.test_new_four_routes_all_five_roles_and_nine_methods) (path='/api/erp/import/batches/657a2004-52ea-4b1d-b61b-f5330a989f1d/', role='anonymous', method='DELETE') ... FAIL
  test_new_four_routes_all_five_roles_and_nine_methods (erp.test_import_access.ImportAccessMatrixTests.test_new_four_routes_all_five_roles_and_nine_methods) (path='/api/erp/import/batches/657a2004-52ea-4b1d-b61b-f5330a989f1d/', role='anonymous', method='TRACE') ... FAIL
  test_new_four_routes_all_five_roles_and_nine_methods (erp.test_import_access.ImportAccessMatrixTests.test_new_four_routes_all_five_roles_and_nine_methods) (path='/api/erp/import/batches/657a2004-52ea-4b1d-b61b-f5330a989f1d/', role='anonymous', method='CONNECT') ... FAIL
  test_new_four_routes_all_five_roles_and_nine_methods (erp.test_import_access.ImportAccessMatrixTests.test_new_four_routes_all_five_roles_and_nine_methods) (path='/api/erp/import/batches/657a2004-52ea-4b1d-b61b-f5330a989f1d/', role='ceo', method='GET') ... FAIL
  test_new_four_routes_all_five_roles_and_nine_methods (erp.test_import_access.ImportAccessMatrixTests.test_new_four_routes_all_five_roles_and_nine_methods) (path='/api/erp/import/batches/657a2004-52ea-4b1d-b61b-f5330a989f1d/', role='ceo', method='HEAD') ... FAIL
  test_new_four_routes_all_five_roles_and_nine_methods (erp.test_import_access.ImportAccessMatrixTests.test_new_four_routes_all_five_roles_and_nine_methods) (path='/api/erp/import/batches/657a2004-52ea-4b1d-b61b-f5330a989f1d/', role='ceo', method='OPTIONS') ... FAIL
  test_new_four_routes_all_five_roles_and_nine_methods (erp.test_import_access.ImportAccessMatrixTests.test_new_four_routes_all_five_roles_and_nine_methods) (path='/api/erp/import/batches/657a2004-52ea-4b1d-b61b-f5330a989f1d/', role='ceo', method='POST') ... FAIL
  test_new_four_routes_all_five_roles_and_nine_methods (erp.test_import_access.ImportAccessMatrixTests.test_new_four_routes_all_five_roles_and_nine_methods) (path='/api/erp/import/batches/657a2004-52ea-4b1d-b61b-f5330a989f1d/', role='ceo', method='PUT') ... FAIL
  test_new_four_routes_all_five_roles_and_nine_methods (erp.test_import_access.ImportAccessMatrixTests.test_new_four_routes_all_five_roles_and_nine_methods) (path='/api/erp/import/batches/657a2004-52ea-4b1d-b61b-f5330a989f1d/', role='ceo', method='PATCH') ... FAIL
  test_new_four_routes_all_five_roles_and_nine_methods (erp.test_import_access.ImportAccessMatrixTests.test_new_four_routes_all_five_roles_and_nine_methods) (path='/api/erp/import/batches/657a2004-52ea-4b1d-b61b-f5330a989f1d/', role='ceo', method='DELETE') ... FAIL
  test_new_four_routes_all_five_roles_and_nine_methods (erp.test_import_access.ImportAccessMatrixTests.test_new_four_routes_all_five_roles_and_nine_methods) (path='/api/erp/import/batches/657a2004-52ea-4b1d-b61b-f5330a989f1d/', role='ceo', method='TRACE') ... FAIL
  test_new_four_routes_all_five_roles_and_nine_methods (erp.test_import_access.ImportAccessMatrixTests.test_new_four_routes_all_five_roles_and_nine_methods) (path='/api/erp/import/batches/657a2004-52ea-4b1d-b61b-f5330a989f1d/', role='ceo', method='CONNECT') ... FAIL
  test_new_four_routes_all_five_roles_and_nine_methods (erp.test_import_access.ImportAccessMatrixTests.test_new_four_routes_all_five_roles_and_nine_methods) (path='/api/erp/import/batches/657a2004-52ea-4b1d-b61b-f5330a989f1d/', role='manager', method='GET') ... FAIL
  test_new_four_routes_all_five_roles_and_nine_methods (erp.test_import_access.ImportAccessMatrixTests.test_new_four_routes_all_five_roles_and_nine_methods) (path='/api/erp/import/batches/657a2004-52ea-4b1d-b61b-f5330a989f1d/', role='manager', method='HEAD') ... FAIL
  test_new_four_routes_all_five_roles_and_nine_methods (erp.test_import_access.ImportAccessMatrixTests.test_new_four_routes_all_five_roles_and_nine_methods) (path='/api/erp/import/batches/657a2004-52ea-4b1d-b61b-f5330a989f1d/', role='manager', method='OPTIONS') ... FAIL
  test_new_four_routes_all_five_roles_and_nine_methods (erp.test_import_access.ImportAccessMatrixTests.test_new_four_routes_all_five_roles_and_nine_methods) (path='/api/erp/import/batches/657a2004-52ea-4b1d-b61b-f5330a989f1d/', role='manager', method='POST') ... FAIL
  test_new_four_routes_all_five_roles_and_nine_methods (erp.test_import_access.ImportAccessMatrixTests.test_new_four_routes_all_five_roles_and_nine_methods) (path='/api/erp/import/batches/657a2004-52ea-4b1d-b61b-f5330a989f1d/', role='manager', method='PUT') ... FAIL
  test_new_four_routes_all_five_roles_and_nine_methods (erp.test_import_access.ImportAccessMatrixTests.test_new_four_routes_all_five_roles_and_nine_methods) (path='/api/erp/import/batches/657a2004-52ea-4b1d-b61b-f5330a989f1d/', role='manager', method='PATCH') ... FAIL
  test_new_four_routes_all_five_roles_and_nine_methods (erp.test_import_access.ImportAccessMatrixTests.test_new_four_routes_all_five_roles_and_nine_methods) (path='/api/erp/import/batches/657a2004-52ea-4b1d-b61b-f5330a989f1d/', role='manager', method='DELETE') ... FAIL
  test_new_four_routes_all_five_roles_and_nine_methods (erp.test_import_access.ImportAccessMatrixTests.test_new_four_routes_all_five_roles_and_nine_methods) (path='/api/erp/import/batches/657a2004-52ea-4b1d-b61b-f5330a989f1d/', role='manager', method='TRACE') ... FAIL
  test_new_four_routes_all_five_roles_and_nine_methods (erp.test_import_access.ImportAccessMatrixTests.test_new_four_routes_all_five_roles_and_nine_methods) (path='/api/erp/import/batches/657a2004-52ea-4b1d-b61b-f5330a989f1d/', role='manager', method='CONNECT') ... FAIL
  test_new_four_routes_all_five_roles_and_nine_methods (erp.test_import_access.ImportAccessMatrixTests.test_new_four_routes_all_five_roles_and_nine_methods) (path='/api/erp/import/batches/657a2004-52ea-4b1d-b61b-f5330a989f1d/', role='observer', method='GET') ... FAIL
  test_new_four_routes_all_five_roles_and_nine_methods (erp.test_import_access.ImportAccessMatrixTests.test_new_four_routes_all_five_roles_and_nine_methods) (path='/api/erp/import/batches/657a2004-52ea-4b1d-b61b-f5330a989f1d/', role='observer', method='HEAD') ... FAIL
  test_new_four_routes_all_five_roles_and_nine_methods (erp.test_import_access.ImportAccessMatrixTests.test_new_four_routes_all_five_roles_and_nine_methods) (path='/api/erp/import/batches/657a2004-52ea-4b1d-b61b-f5330a989f1d/', role='observer', method='OPTIONS') ... FAIL
  test_new_four_routes_all_five_roles_and_nine_methods (erp.test_import_access.ImportAccessMatrixTests.test_new_four_routes_all_five_roles_and_nine_methods) (path='/api/erp/import/batches/657a2004-52ea-4b1d-b61b-f5330a989f1d/', role='observer', method='POST') ... FAIL
  test_new_four_routes_all_five_roles_and_nine_methods (erp.test_import_access.ImportAccessMatrixTests.test_new_four_routes_all_five_roles_and_nine_methods) (path='/api/erp/import/batches/657a2004-52ea-4b1d-b61b-f5330a989f1d/', role='observer', method='PUT') ... FAIL
  test_new_four_routes_all_five_roles_and_nine_methods (erp.test_import_access.ImportAccessMatrixTests.test_new_four_routes_all_five_roles_and_nine_methods) (path='/api/erp/import/batches/657a2004-52ea-4b1d-b61b-f5330a989f1d/', role='observer', method='PATCH') ... FAIL
  test_new_four_routes_all_five_roles_and_nine_methods (erp.test_import_access.ImportAccessMatrixTests.test_new_four_routes_all_five_roles_and_nine_methods) (path='/api/erp/import/batches/657a2004-52ea-4b1d-b61b-f5330a989f1d/', role='observer', method='DELETE') ... FAIL
  test_new_four_routes_all_five_roles_and_nine_methods (erp.test_import_access.ImportAccessMatrixTests.test_new_four_routes_all_five_roles_and_nine_methods) (path='/api/erp/import/batches/657a2004-52ea-4b1d-b61b-f5330a989f1d/', role='observer', method='TRACE') ... FAIL
  test_new_four_routes_all_five_roles_and_nine_methods (erp.test_import_access.ImportAccessMatrixTests.test_new_four_routes_all_five_roles_and_nine_methods) (path='/api/erp/import/batches/657a2004-52ea-4b1d-b61b-f5330a989f1d/', role='observer', method='CONNECT') ... FAIL
  test_new_four_routes_all_five_roles_and_nine_methods (erp.test_import_access.ImportAccessMatrixTests.test_new_four_routes_all_five_roles_and_nine_methods) (path='/api/erp/import/batches/657a2004-52ea-4b1d-b61b-f5330a989f1d/', role='technical_admin', method='GET') ... FAIL
  test_new_four_routes_all_five_roles_and_nine_methods (erp.test_import_access.ImportAccessMatrixTests.test_new_four_routes_all_five_roles_and_nine_methods) (path='/api/erp/import/batches/657a2004-52ea-4b1d-b61b-f5330a989f1d/', role='technical_admin', method='HEAD') ... FAIL
  test_new_four_routes_all_five_roles_and_nine_methods (erp.test_import_access.ImportAccessMatrixTests.test_new_four_routes_all_five_roles_and_nine_methods) (path='/api/erp/import/batches/657a2004-52ea-4b1d-b61b-f5330a989f1d/', role='technical_admin', method='OPTIONS') ... FAIL
  test_new_four_routes_all_five_roles_and_nine_methods (erp.test_import_access.ImportAccessMatrixTests.test_new_four_routes_all_five_roles_and_nine_methods) (path='/api/erp/import/batches/657a2004-52ea-4b1d-b61b-f5330a989f1d/', role='technical_admin', method='POST') ... FAIL
  test_new_four_routes_all_five_roles_and_nine_methods (erp.test_import_access.ImportAccessMatrixTests.test_new_four_routes_all_five_roles_and_nine_methods) (path='/api/erp/import/batches/657a2004-52ea-4b1d-b61b-f5330a989f1d/', role='technical_admin', method='PUT') ... FAIL
  test_new_four_routes_all_five_roles_and_nine_methods (erp.test_import_access.ImportAccessMatrixTests.test_new_four_routes_all_five_roles_and_nine_methods) (path='/api/erp/import/batches/657a2004-52ea-4b1d-b61b-f5330a989f1d/', role='technical_admin', method='PATCH') ... FAIL
  test_new_four_routes_all_five_roles_and_nine_methods (erp.test_import_access.ImportAccessMatrixTests.test_new_four_routes_all_five_roles_and_nine_methods) (path='/api/erp/import/batches/657a2004-52ea-4b1d-b61b-f5330a989f1d/', role='technical_admin', method='DELETE') ... FAIL
  test_new_four_routes_all_five_roles_and_nine_methods (erp.test_import_access.ImportAccessMatrixTests.test_new_four_routes_all_five_roles_and_nine_methods) (path='/api/erp/import/batches/657a2004-52ea-4b1d-b61b-f5330a989f1d/', role='technical_admin', method='TRACE') ... FAIL
  test_new_four_routes_all_five_roles_and_nine_methods (erp.test_import_access.ImportAccessMatrixTests.test_new_four_routes_all_five_roles_and_nine_methods) (path='/api/erp/import/batches/657a2004-52ea-4b1d-b61b-f5330a989f1d/', role='technical_admin', method='CONNECT') ... FAIL
  test_new_four_routes_all_five_roles_and_nine_methods (erp.test_import_access.ImportAccessMatrixTests.test_new_four_routes_all_five_roles_and_nine_methods) (path='/api/erp/import/batches/657a2004-52ea-4b1d-b61b-f5330a989f1d/export/', role='anonymous', method='GET') ... FAIL
  test_new_four_routes_all_five_roles_and_nine_methods (erp.test_import_access.ImportAccessMatrixTests.test_new_four_routes_all_five_roles_and_nine_methods) (path='/api/erp/import/batches/657a2004-52ea-4b1d-b61b-f5330a989f1d/export/', role='anonymous', method='HEAD') ... FAIL
  test_new_four_routes_all_five_roles_and_nine_methods (erp.test_import_access.ImportAccessMatrixTests.test_new_four_routes_all_five_roles_and_nine_methods) (path='/api/erp/import/batches/657a2004-52ea-4b1d-b61b-f5330a989f1d/export/', role='anonymous', method='OPTIONS') ... FAIL
  test_new_four_routes_all_five_roles_and_nine_methods (erp.test_import_access.ImportAccessMatrixTests.test_new_four_routes_all_five_roles_and_nine_methods) (path='/api/erp/import/batches/657a2004-52ea-4b1d-b61b-f5330a989f1d/export/', role='anonymous', method='POST') ... FAIL
  test_new_four_routes_all_five_roles_and_nine_methods (erp.test_import_access.ImportAccessMatrixTests.test_new_four_routes_all_five_roles_and_nine_methods) (path='/api/erp/import/batches/657a2004-52ea-4b1d-b61b-f5330a989f1d/export/', role='anonymous', method='PUT') ... FAIL
  test_new_four_routes_all_five_roles_and_nine_methods (erp.test_import_access.ImportAccessMatrixTests.test_new_four_routes_all_five_roles_and_nine_methods) (path='/api/erp/import/batches/657a2004-52ea-4b1d-b61b-f5330a989f1d/export/', role='anonymous', method='PATCH') ... FAIL
  test_new_four_routes_all_five_roles_and_nine_methods (erp.test_import_access.ImportAccessMatrixTests.test_new_four_routes_all_five_roles_and_nine_methods) (path='/api/erp/import/batches/657a2004-52ea-4b1d-b61b-f5330a989f1d/export/', role='anonymous', method='DELETE') ... FAIL
  test_new_four_routes_all_five_roles_and_nine_methods (erp.test_import_access.ImportAccessMatrixTests.test_new_four_routes_all_five_roles_and_nine_methods) (path='/api/erp/import/batches/657a2004-52ea-4b1d-b61b-f5330a989f1d/export/', role='anonymous', method='TRACE') ... FAIL
  test_new_four_routes_all_five_roles_and_nine_methods (erp.test_import_access.ImportAccessMatrixTests.test_new_four_routes_all_five_roles_and_nine_methods) (path='/api/erp/import/batches/657a2004-52ea-4b1d-b61b-f5330a989f1d/export/', role='anonymous', method='CONNECT') ... FAIL
  test_new_four_routes_all_five_roles_and_nine_methods (erp.test_import_access.ImportAccessMatrixTests.test_new_four_routes_all_five_roles_and_nine_methods) (path='/api/erp/import/batches/657a2004-52ea-4b1d-b61b-f5330a989f1d/export/', role='ceo', method='GET') ... FAIL
  test_new_four_routes_all_five_roles_and_nine_methods (erp.test_import_access.ImportAccessMatrixTests.test_new_four_routes_all_five_roles_and_nine_methods) (path='/api/erp/import/batches/657a2004-52ea-4b1d-b61b-f5330a989f1d/export/', role='ceo', method='HEAD') ... FAIL
  test_new_four_routes_all_five_roles_and_nine_methods (erp.test_import_access.ImportAccessMatrixTests.test_new_four_routes_all_five_roles_and_nine_methods) (path='/api/erp/import/batches/657a2004-52ea-4b1d-b61b-f5330a989f1d/export/', role='ceo', method='OPTIONS') ... FAIL
  test_new_four_routes_all_five_roles_and_nine_methods (erp.test_import_access.ImportAccessMatrixTests.test_new_four_routes_all_five_roles_and_nine_methods) (path='/api/erp/import/batches/657a2004-52ea-4b1d-b61b-f5330a989f1d/export/', role='ceo', method='POST') ... FAIL
  test_new_four_routes_all_five_roles_and_nine_methods (erp.test_import_access.ImportAccessMatrixTests.test_new_four_routes_all_five_roles_and_nine_methods) (path='/api/erp/import/batches/657a2004-52ea-4b1d-b61b-f5330a989f1d/export/', role='ceo', method='PUT') ... FAIL
  test_new_four_routes_all_five_roles_and_nine_methods (erp.test_import_access.ImportAccessMatrixTests.test_new_four_routes_all_five_roles_and_nine_methods) (path='/api/erp/import/batches/657a2004-52ea-4b1d-b61b-f5330a989f1d/export/', role='ceo', method='PATCH') ... FAIL
  test_new_four_routes_all_five_roles_and_nine_methods (erp.test_import_access.ImportAccessMatrixTests.test_new_four_routes_all_five_roles_and_nine_methods) (path='/api/erp/import/batches/657a2004-52ea-4b1d-b61b-f5330a989f1d/export/', role='ceo', method='DELETE') ... FAIL
  test_new_four_routes_all_five_roles_and_nine_methods (erp.test_import_access.ImportAccessMatrixTests.test_new_four_routes_all_five_roles_and_nine_methods) (path='/api/erp/import/batches/657a2004-52ea-4b1d-b61b-f5330a989f1d/export/', role='ceo', method='TRACE') ... FAIL
  test_new_four_routes_all_five_roles_and_nine_methods (erp.test_import_access.ImportAccessMatrixTests.test_new_four_routes_all_five_roles_and_nine_methods) (path='/api/erp/import/batches/657a2004-52ea-4b1d-b61b-f5330a989f1d/export/', role='ceo', method='CONNECT') ... FAIL
  test_new_four_routes_all_five_roles_and_nine_methods (erp.test_import_access.ImportAccessMatrixTests.test_new_four_routes_all_five_roles_and_nine_methods) (path='/api/erp/import/batches/657a2004-52ea-4b1d-b61b-f5330a989f1d/export/', role='manager', method='GET') ... FAIL
  test_new_four_routes_all_five_roles_and_nine_methods (erp.test_import_access.ImportAccessMatrixTests.test_new_four_routes_all_five_roles_and_nine_methods) (path='/api/erp/import/batches/657a2004-52ea-4b1d-b61b-f5330a989f1d/export/', role='manager', method='HEAD') ... FAIL
  test_new_four_routes_all_five_roles_and_nine_methods (erp.test_import_access.ImportAccessMatrixTests.test_new_four_routes_all_five_roles_and_nine_methods) (path='/api/erp/import/batches/657a2004-52ea-4b1d-b61b-f5330a989f1d/export/', role='manager', method='OPTIONS') ... FAIL
  test_new_four_routes_all_five_roles_and_nine_methods (erp.test_import_access.ImportAccessMatrixTests.test_new_four_routes_all_five_roles_and_nine_methods) (path='/api/erp/import/batches/657a2004-52ea-4b1d-b61b-f5330a989f1d/export/', role='manager', method='POST') ... FAIL
  test_new_four_routes_all_five_roles_and_nine_methods (erp.test_import_access.ImportAccessMatrixTests.test_new_four_routes_all_five_roles_and_nine_methods) (path='/api/erp/import/batches/657a2004-52ea-4b1d-b61b-f5330a989f1d/export/', role='manager', method='PUT') ... FAIL
  test_new_four_routes_all_five_roles_and_nine_methods (erp.test_import_access.ImportAccessMatrixTests.test_new_four_routes_all_five_roles_and_nine_methods) (path='/api/erp/import/batches/657a2004-52ea-4b1d-b61b-f5330a989f1d/export/', role='manager', method='PATCH') ... FAIL
  test_new_four_routes_all_five_roles_and_nine_methods (erp.test_import_access.ImportAccessMatrixTests.test_new_four_routes_all_five_roles_and_nine_methods) (path='/api/erp/import/batches/657a2004-52ea-4b1d-b61b-f5330a989f1d/export/', role='manager', method='DELETE') ... FAIL
  test_new_four_routes_all_five_roles_and_nine_methods (erp.test_import_access.ImportAccessMatrixTests.test_new_four_routes_all_five_roles_and_nine_methods) (path='/api/erp/import/batches/657a2004-52ea-4b1d-b61b-f5330a989f1d/export/', role='manager', method='TRACE') ... FAIL
  test_new_four_routes_all_five_roles_and_nine_methods (erp.test_import_access.ImportAccessMatrixTests.test_new_four_routes_all_five_roles_and_nine_methods) (path='/api/erp/import/batches/657a2004-52ea-4b1d-b61b-f5330a989f1d/export/', role='manager', method='CONNECT') ... FAIL
  test_new_four_routes_all_five_roles_and_nine_methods (erp.test_import_access.ImportAccessMatrixTests.test_new_four_routes_all_five_roles_and_nine_methods) (path='/api/erp/import/batches/657a2004-52ea-4b1d-b61b-f5330a989f1d/export/', role='observer', method='GET') ... FAIL
  test_new_four_routes_all_five_roles_and_nine_methods (erp.test_import_access.ImportAccessMatrixTests.test_new_four_routes_all_five_roles_and_nine_methods) (path='/api/erp/import/batches/657a2004-52ea-4b1d-b61b-f5330a989f1d/export/', role='observer', method='HEAD') ... FAIL
  test_new_four_routes_all_five_roles_and_nine_methods (erp.test_import_access.ImportAccessMatrixTests.test_new_four_routes_all_five_roles_and_nine_methods) (path='/api/erp/import/batches/657a2004-52ea-4b1d-b61b-f5330a989f1d/export/', role='observer', method='OPTIONS') ... FAIL
  test_new_four_routes_all_five_roles_and_nine_methods (erp.test_import_access.ImportAccessMatrixTests.test_new_four_routes_all_five_roles_and_nine_methods) (path='/api/erp/import/batches/657a2004-52ea-4b1d-b61b-f5330a989f1d/export/', role='observer', method='POST') ... FAIL
  test_new_four_routes_all_five_roles_and_nine_methods (erp.test_import_access.ImportAccessMatrixTests.test_new_four_routes_all_five_roles_and_nine_methods) (path='/api/erp/import/batches/657a2004-52ea-4b1d-b61b-f5330a989f1d/export/', role='observer', method='PUT') ... FAIL
  test_new_four_routes_all_five_roles_and_nine_methods (erp.test_import_access.ImportAccessMatrixTests.test_new_four_routes_all_five_roles_and_nine_methods) (path='/api/erp/import/batches/657a2004-52ea-4b1d-b61b-f5330a989f1d/export/', role='observer', method='PATCH') ... FAIL
  test_new_four_routes_all_five_roles_and_nine_methods (erp.test_import_access.ImportAccessMatrixTests.test_new_four_routes_all_five_roles_and_nine_methods) (path='/api/erp/import/batches/657a2004-52ea-4b1d-b61b-f5330a989f1d/export/', role='observer', method='DELETE') ... FAIL
  test_new_four_routes_all_five_roles_and_nine_methods (erp.test_import_access.ImportAccessMatrixTests.test_new_four_routes_all_five_roles_and_nine_methods) (path='/api/erp/import/batches/657a2004-52ea-4b1d-b61b-f5330a989f1d/export/', role='observer', method='TRACE') ... FAIL
  test_new_four_routes_all_five_roles_and_nine_methods (erp.test_import_access.ImportAccessMatrixTests.test_new_four_routes_all_five_roles_and_nine_methods) (path='/api/erp/import/batches/657a2004-52ea-4b1d-b61b-f5330a989f1d/export/', role='observer', method='CONNECT') ... FAIL
  test_new_four_routes_all_five_roles_and_nine_methods (erp.test_import_access.ImportAccessMatrixTests.test_new_four_routes_all_five_roles_and_nine_methods) (path='/api/erp/import/batches/657a2004-52ea-4b1d-b61b-f5330a989f1d/export/', role='technical_admin', method='GET') ... FAIL
  test_new_four_routes_all_five_roles_and_nine_methods (erp.test_import_access.ImportAccessMatrixTests.test_new_four_routes_all_five_roles_and_nine_methods) (path='/api/erp/import/batches/657a2004-52ea-4b1d-b61b-f5330a989f1d/export/', role='technical_admin', method='HEAD') ... FAIL
  test_new_four_routes_all_five_roles_and_nine_methods (erp.test_import_access.ImportAccessMatrixTests.test_new_four_routes_all_five_roles_and_nine_methods) (path='/api/erp/import/batches/657a2004-52ea-4b1d-b61b-f5330a989f1d/export/', role='technical_admin', method='OPTIONS') ... FAIL
  test_new_four_routes_all_five_roles_and_nine_methods (erp.test_import_access.ImportAccessMatrixTests.test_new_four_routes_all_five_roles_and_nine_methods) (path='/api/erp/import/batches/657a2004-52ea-4b1d-b61b-f5330a989f1d/export/', role='technical_admin', method='POST') ... FAIL
  test_new_four_routes_all_five_roles_and_nine_methods (erp.test_import_access.ImportAccessMatrixTests.test_new_four_routes_all_five_roles_and_nine_methods) (path='/api/erp/import/batches/657a2004-52ea-4b1d-b61b-f5330a989f1d/export/', role='technical_admin', method='PUT') ... FAIL
  test_new_four_routes_all_five_roles_and_nine_methods (erp.test_import_access.ImportAccessMatrixTests.test_new_four_routes_all_five_roles_and_nine_methods) (path='/api/erp/import/batches/657a2004-52ea-4b1d-b61b-f5330a989f1d/export/', role='technical_admin', method='PATCH') ... FAIL
  test_new_four_routes_all_five_roles_and_nine_methods (erp.test_import_access.ImportAccessMatrixTests.test_new_four_routes_all_five_roles_and_nine_methods) (path='/api/erp/import/batches/657a2004-52ea-4b1d-b61b-f5330a989f1d/export/', role='technical_admin', method='DELETE') ... FAIL
  test_new_four_routes_all_five_roles_and_nine_methods (erp.test_import_access.ImportAccessMatrixTests.test_new_four_routes_all_five_roles_and_nine_methods) (path='/api/erp/import/batches/657a2004-52ea-4b1d-b61b-f5330a989f1d/export/', role='technical_admin', method='TRACE') ... FAIL
  test_new_four_routes_all_five_roles_and_nine_methods (erp.test_import_access.ImportAccessMatrixTests.test_new_four_routes_all_five_roles_and_nine_methods) (path='/api/erp/import/batches/657a2004-52ea-4b1d-b61b-f5330a989f1d/export/', role='technical_admin', method='CONNECT') ... FAIL
test_new_four_routes_all_five_roles_and_nine_methods (erp.test_import_access.ImportAccessMatrixTests.test_new_four_routes_all_five_roles_and_nine_methods) ... FAIL
test_raw_duplicate_json_oversize_and_server_templates (erp.test_initial_import.InitialImportTests.test_raw_duplicate_json_oversize_and_server_templates) ... ok

======================================================================
FAIL: test_new_four_routes_all_five_roles_and_nine_methods (erp.test_import_access.ImportAccessMatrixTests.test_new_four_routes_all_five_roles_and_nine_methods) (path='/api/erp/import/preview/', role='anonymous', method='GET')
----------------------------------------------------------------------
Traceback (most recent call last):
  File "/workspace/scratch/c7b51e996a9f/tmp/b02_candidate/source/erp/test_import_access.py", line 31, in test_new_four_routes_all_five_roles_and_nine_methods
    defects=checker.response_oracle(response,row,path,method,role,fixtures,'full');self.assertFalse(defects,defects)
                                                                                   ^^^^^^^^^^^^^^^^^^^^^^^^^^^^^^^^^
AssertionError: ([], 106) is not false : ([], 106)

======================================================================
FAIL: test_new_four_routes_all_five_roles_and_nine_methods (erp.test_import_access.ImportAccessMatrixTests.test_new_four_routes_all_five_roles_and_nine_methods) (path='/api/erp/import/preview/', role='anonymous', method='HEAD')
----------------------------------------------------------------------
Traceback (most recent call last):
  File "/workspace/scratch/c7b51e996a9f/tmp/b02_candidate/source/erp/test_import_access.py", line 31, in test_new_four_routes_all_five_roles_and_nine_methods
    defects=checker.response_oracle(response,row,path,method,role,fixtures,'full');self.assertFalse(defects,defects)
                                                                                   ^^^^^^^^^^^^^^^^^^^^^^^^^^^^^^^^^
AssertionError: ([], 0) is not false : ([], 0)

======================================================================
FAIL: test_new_four_routes_all_five_roles_and_nine_methods (erp.test_import_access.ImportAccessMatrixTests.test_new_four_routes_all_five_roles_and_nine_methods) (path='/api/erp/import/preview/', role='anonymous', method='OPTIONS')
----------------------------------------------------------------------
Traceback (most recent call last):
  File "/workspace/scratch/c7b51e996a9f/tmp/b02_candidate/source/erp/test_import_access.py", line 31, in test_new_four_routes_all_five_roles_and_nine_methods
    defects=checker.response_oracle(response,row,path,method,role,fixtures,'full');self.assertFalse(defects,defects)
                                                                                   ^^^^^^^^^^^^^^^^^^^^^^^^^^^^^^^^^
AssertionError: ([], 106) is not false : ([], 106)

======================================================================
FAIL: test_new_four_routes_all_five_roles_and_nine_methods (erp.test_import_access.ImportAccessMatrixTests.test_new_four_routes_all_five_roles_and_nine_methods) (path='/api/erp/import/preview/', role='anonymous', method='POST')
----------------------------------------------------------------------
Traceback (most recent call last):
  File "/workspace/scratch/c7b51e996a9f/tmp/b02_candidate/source/erp/test_import_access.py", line 31, in test_new_four_routes_all_five_roles_and_nine_methods
    defects=checker.response_oracle(response,row,path,method,role,fixtures,'full');self.assertFalse(defects,defects)
                                                                                   ^^^^^^^^^^^^^^^^^^^^^^^^^^^^^^^^^
AssertionError: ([], 106) is not false : ([], 106)

======================================================================
FAIL: test_new_four_routes_all_five_roles_and_nine_methods (erp.test_import_access.ImportAccessMatrixTests.test_new_four_routes_all_five_roles_and_nine_methods) (path='/api/erp/import/preview/', role='anonymous', method='PUT')
----------------------------------------------------------------------
Traceback (most recent call last):
  File "/workspace/scratch/c7b51e996a9f/tmp/b02_candidate/source/erp/test_import_access.py", line 31, in test_new_four_routes_all_five_roles_and_nine_methods
    defects=checker.response_oracle(response,row,path,method,role,fixtures,'full');self.assertFalse(defects,defects)
                                                                                   ^^^^^^^^^^^^^^^^^^^^^^^^^^^^^^^^^
AssertionError: ([], 106) is not false : ([], 106)

======================================================================
FAIL: test_new_four_routes_all_five_roles_and_nine_methods (erp.test_import_access.ImportAccessMatrixTests.test_new_four_routes_all_five_roles_and_nine_methods) (path='/api/erp/import/preview/', role='anonymous', method='PATCH')
----------------------------------------------------------------------
Traceback (most recent call last):
  File "/workspace/scratch/c7b51e996a9f/tmp/b02_candidate/source/erp/test_import_access.py", line 31, in test_new_four_routes_all_five_roles_and_nine_methods
    defects=checker.response_oracle(response,row,path,method,role,fixtures,'full');self.assertFalse(defects,defects)
                                                                                   ^^^^^^^^^^^^^^^^^^^^^^^^^^^^^^^^^
AssertionError: ([], 106) is not false : ([], 106)

======================================================================
FAIL: test_new_four_routes_all_five_roles_and_nine_methods (erp.test_import_access.ImportAccessMatrixTests.test_new_four_routes_all_five_roles_and_nine_methods) (path='/api/erp/import/preview/', role='anonymous', method='DELETE')
----------------------------------------------------------------------
Traceback (most recent call last):
  File "/workspace/scratch/c7b51e996a9f/tmp/b02_candidate/source/erp/test_import_access.py", line 31, in test_new_four_routes_all_five_roles_and_nine_methods
    defects=checker.response_oracle(response,row,path,method,role,fixtures,'full');self.assertFalse(defects,defects)
                                                                                   ^^^^^^^^^^^^^^^^^^^^^^^^^^^^^^^^^
AssertionError: ([], 106) is not false : ([], 106)

======================================================================
FAIL: test_new_four_routes_all_five_roles_and_nine_methods (erp.test_import_access.ImportAccessMatrixTests.test_new_four_routes_all_five_roles_and_nine_methods) (path='/api/erp/import/preview/', role='anonymous', method='TRACE')
----------------------------------------------------------------------
Traceback (most recent call last):
  File "/workspace/scratch/c7b51e996a9f/tmp/b02_candidate/source/erp/test_import_access.py", line 31, in test_new_four_routes_all_five_roles_and_nine_methods
    defects=checker.response_oracle(response,row,path,method,role,fixtures,'full');self.assertFalse(defects,defects)
                                                                                   ^^^^^^^^^^^^^^^^^^^^^^^^^^^^^^^^^
AssertionError: ([], 106) is not false : ([], 106)

======================================================================
FAIL: test_new_four_routes_all_five_roles_and_nine_methods (erp.test_import_access.ImportAccessMatrixTests.test_new_four_routes_all_five_roles_and_nine_methods) (path='/api/erp/import/preview/', role='anonymous', method='CONNECT')
----------------------------------------------------------------------
Traceback (most recent call last):
  File "/workspace/scratch/c7b51e996a9f/tmp/b02_candidate/source/erp/test_import_access.py", line 31, in test_new_four_routes_all_five_roles_and_nine_methods
    defects=checker.response_oracle(response,row,path,method,role,fixtures,'full');self.assertFalse(defects,defects)
                                                                                   ^^^^^^^^^^^^^^^^^^^^^^^^^^^^^^^^^
AssertionError: ([], 106) is not false : ([], 106)

======================================================================
FAIL: test_new_four_routes_all_five_roles_and_nine_methods (erp.test_import_access.ImportAccessMatrixTests.test_new_four_routes_all_five_roles_and_nine_methods) (path='/api/erp/import/preview/', role='ceo', method='GET')
----------------------------------------------------------------------
Traceback (most recent call last):
  File "/workspace/scratch/c7b51e996a9f/tmp/b02_candidate/source/erp/test_import_access.py", line 31, in test_new_four_routes_all_five_roles_and_nine_methods
    defects=checker.response_oracle(response,row,path,method,role,fixtures,'full');self.assertFalse(defects,defects)
                                                                                   ^^^^^^^^^^^^^^^^^^^^^^^^^^^^^^^^^
AssertionError: ([], 0) is not false : ([], 0)

======================================================================
FAIL: test_new_four_routes_all_five_roles_and_nine_methods (erp.test_import_access.ImportAccessMatrixTests.test_new_four_routes_all_five_roles_and_nine_methods) (path='/api/erp/import/preview/', role='ceo', method='HEAD')
----------------------------------------------------------------------
Traceback (most recent call last):
  File "/workspace/scratch/c7b51e996a9f/tmp/b02_candidate/source/erp/test_import_access.py", line 31, in test_new_four_routes_all_five_roles_and_nine_methods
    defects=checker.response_oracle(response,row,path,method,role,fixtures,'full');self.assertFalse(defects,defects)
                                                                                   ^^^^^^^^^^^^^^^^^^^^^^^^^^^^^^^^^
AssertionError: ([], 0) is not false : ([], 0)

======================================================================
FAIL: test_new_four_routes_all_five_roles_and_nine_methods (erp.test_import_access.ImportAccessMatrixTests.test_new_four_routes_all_five_roles_and_nine_methods) (path='/api/erp/import/preview/', role='ceo', method='OPTIONS')
----------------------------------------------------------------------
Traceback (most recent call last):
  File "/workspace/scratch/c7b51e996a9f/tmp/b02_candidate/source/erp/test_import_access.py", line 31, in test_new_four_routes_all_five_roles_and_nine_methods
    defects=checker.response_oracle(response,row,path,method,role,fixtures,'full');self.assertFalse(defects,defects)
                                                                                   ^^^^^^^^^^^^^^^^^^^^^^^^^^^^^^^^^
AssertionError: ([], 0) is not false : ([], 0)

======================================================================
FAIL: test_new_four_routes_all_five_roles_and_nine_methods (erp.test_import_access.ImportAccessMatrixTests.test_new_four_routes_all_five_roles_and_nine_methods) (path='/api/erp/import/preview/', role='ceo', method='POST')
----------------------------------------------------------------------
Traceback (most recent call last):
  File "/workspace/scratch/c7b51e996a9f/tmp/b02_candidate/source/erp/test_import_access.py", line 31, in test_new_four_routes_all_five_roles_and_nine_methods
    defects=checker.response_oracle(response,row,path,method,role,fixtures,'full');self.assertFalse(defects,defects)
                                                                                   ^^^^^^^^^^^^^^^^^^^^^^^^^^^^^^^^^
AssertionError: ([], 11264) is not false : ([], 11264)

======================================================================
FAIL: test_new_four_routes_all_five_roles_and_nine_methods (erp.test_import_access.ImportAccessMatrixTests.test_new_four_routes_all_five_roles_and_nine_methods) (path='/api/erp/import/preview/', role='ceo', method='PUT')
----------------------------------------------------------------------
Traceback (most recent call last):
  File "/workspace/scratch/c7b51e996a9f/tmp/b02_candidate/source/erp/test_import_access.py", line 31, in test_new_four_routes_all_five_roles_and_nine_methods
    defects=checker.response_oracle(response,row,path,method,role,fixtures,'full');self.assertFalse(defects,defects)
                                                                                   ^^^^^^^^^^^^^^^^^^^^^^^^^^^^^^^^^
AssertionError: ([], 0) is not false : ([], 0)

======================================================================
FAIL: test_new_four_routes_all_five_roles_and_nine_methods (erp.test_import_access.ImportAccessMatrixTests.test_new_four_routes_all_five_roles_and_nine_methods) (path='/api/erp/import/preview/', role='ceo', method='PATCH')
----------------------------------------------------------------------
Traceback (most recent call last):
  File "/workspace/scratch/c7b51e996a9f/tmp/b02_candidate/source/erp/test_import_access.py", line 31, in test_new_four_routes_all_five_roles_and_nine_methods
    defects=checker.response_oracle(response,row,path,method,role,fixtures,'full');self.assertFalse(defects,defects)
                                                                                   ^^^^^^^^^^^^^^^^^^^^^^^^^^^^^^^^^
AssertionError: ([], 0) is not false : ([], 0)

======================================================================
FAIL: test_new_four_routes_all_five_roles_and_nine_methods (erp.test_import_access.ImportAccessMatrixTests.test_new_four_routes_all_five_roles_and_nine_methods) (path='/api/erp/import/preview/', role='ceo', method='DELETE')
----------------------------------------------------------------------
Traceback (most recent call last):
  File "/workspace/scratch/c7b51e996a9f/tmp/b02_candidate/source/erp/test_import_access.py", line 31, in test_new_four_routes_all_five_roles_and_nine_methods
    defects=checker.response_oracle(response,row,path,method,role,fixtures,'full');self.assertFalse(defects,defects)
                                                                                   ^^^^^^^^^^^^^^^^^^^^^^^^^^^^^^^^^
AssertionError: ([], 0) is not false : ([], 0)

======================================================================
FAIL: test_new_four_routes_all_five_roles_and_nine_methods (erp.test_import_access.ImportAccessMatrixTests.test_new_four_routes_all_five_roles_and_nine_methods) (path='/api/erp/import/preview/', role='ceo', method='TRACE')
----------------------------------------------------------------------
Traceback (most recent call last):
  File "/workspace/scratch/c7b51e996a9f/tmp/b02_candidate/source/erp/test_import_access.py", line 31, in test_new_four_routes_all_five_roles_and_nine_methods
    defects=checker.response_oracle(response,row,path,method,role,fixtures,'full');self.assertFalse(defects,defects)
                                                                                   ^^^^^^^^^^^^^^^^^^^^^^^^^^^^^^^^^
AssertionError: ([], 0) is not false : ([], 0)

======================================================================
FAIL: test_new_four_routes_all_five_roles_and_nine_methods (erp.test_import_access.ImportAccessMatrixTests.test_new_four_routes_all_five_roles_and_nine_methods) (path='/api/erp/import/preview/', role='ceo', method='CONNECT')
----------------------------------------------------------------------
Traceback (most recent call last):
  File "/workspace/scratch/c7b51e996a9f/tmp/b02_candidate/source/erp/test_import_access.py", line 31, in test_new_four_routes_all_five_roles_and_nine_methods
    defects=checker.response_oracle(response,row,path,method,role,fixtures,'full');self.assertFalse(defects,defects)
                                                                                   ^^^^^^^^^^^^^^^^^^^^^^^^^^^^^^^^^
AssertionError: ([], 0) is not false : ([], 0)

======================================================================
FAIL: test_new_four_routes_all_five_roles_and_nine_methods (erp.test_import_access.ImportAccessMatrixTests.test_new_four_routes_all_five_roles_and_nine_methods) (path='/api/erp/import/preview/', role='manager', method='GET')
----------------------------------------------------------------------
Traceback (most recent call last):
  File "/workspace/scratch/c7b51e996a9f/tmp/b02_candidate/source/erp/test_import_access.py", line 31, in test_new_four_routes_all_five_roles_and_nine_methods
    defects=checker.response_oracle(response,row,path,method,role,fixtures,'full');self.assertFalse(defects,defects)
                                                                                   ^^^^^^^^^^^^^^^^^^^^^^^^^^^^^^^^^
AssertionError: ([], 0) is not false : ([], 0)

======================================================================
FAIL: test_new_four_routes_all_five_roles_and_nine_methods (erp.test_import_access.ImportAccessMatrixTests.test_new_four_routes_all_five_roles_and_nine_methods) (path='/api/erp/import/preview/', role='manager', method='HEAD')
----------------------------------------------------------------------
Traceback (most recent call last):
  File "/workspace/scratch/c7b51e996a9f/tmp/b02_candidate/source/erp/test_import_access.py", line 31, in test_new_four_routes_all_five_roles_and_nine_methods
    defects=checker.response_oracle(response,row,path,method,role,fixtures,'full');self.assertFalse(defects,defects)
                                                                                   ^^^^^^^^^^^^^^^^^^^^^^^^^^^^^^^^^
AssertionError: ([], 0) is not false : ([], 0)

======================================================================
FAIL: test_new_four_routes_all_five_roles_and_nine_methods (erp.test_import_access.ImportAccessMatrixTests.test_new_four_routes_all_five_roles_and_nine_methods) (path='/api/erp/import/preview/', role='manager', method='OPTIONS')
----------------------------------------------------------------------
Traceback (most recent call last):
  File "/workspace/scratch/c7b51e996a9f/tmp/b02_candidate/source/erp/test_import_access.py", line 31, in test_new_four_routes_all_five_roles_and_nine_methods
    defects=checker.response_oracle(response,row,path,method,role,fixtures,'full');self.assertFalse(defects,defects)
                                                                                   ^^^^^^^^^^^^^^^^^^^^^^^^^^^^^^^^^
AssertionError: ([], 0) is not false : ([], 0)

======================================================================
FAIL: test_new_four_routes_all_five_roles_and_nine_methods (erp.test_import_access.ImportAccessMatrixTests.test_new_four_routes_all_five_roles_and_nine_methods) (path='/api/erp/import/preview/', role='manager', method='POST')
----------------------------------------------------------------------
Traceback (most recent call last):
  File "/workspace/scratch/c7b51e996a9f/tmp/b02_candidate/source/erp/test_import_access.py", line 31, in test_new_four_routes_all_five_roles_and_nine_methods
    defects=checker.response_oracle(response,row,path,method,role,fixtures,'full');self.assertFalse(defects,defects)
                                                                                   ^^^^^^^^^^^^^^^^^^^^^^^^^^^^^^^^^
AssertionError: ([], 258) is not false : ([], 258)

======================================================================
FAIL: test_new_four_routes_all_five_roles_and_nine_methods (erp.test_import_access.ImportAccessMatrixTests.test_new_four_routes_all_five_roles_and_nine_methods) (path='/api/erp/import/preview/', role='manager', method='PUT')
----------------------------------------------------------------------
Traceback (most recent call last):
  File "/workspace/scratch/c7b51e996a9f/tmp/b02_candidate/source/erp/test_import_access.py", line 31, in test_new_four_routes_all_five_roles_and_nine_methods
    defects=checker.response_oracle(response,row,path,method,role,fixtures,'full');self.assertFalse(defects,defects)
                                                                                   ^^^^^^^^^^^^^^^^^^^^^^^^^^^^^^^^^
AssertionError: ([], 0) is not false : ([], 0)

======================================================================
FAIL: test_new_four_routes_all_five_roles_and_nine_methods (erp.test_import_access.ImportAccessMatrixTests.test_new_four_routes_all_five_roles_and_nine_methods) (path='/api/erp/import/preview/', role='manager', method='PATCH')
----------------------------------------------------------------------
Traceback (most recent call last):
  File "/workspace/scratch/c7b51e996a9f/tmp/b02_candidate/source/erp/test_import_access.py", line 31, in test_new_four_routes_all_five_roles_and_nine_methods
    defects=checker.response_oracle(response,row,path,method,role,fixtures,'full');self.assertFalse(defects,defects)
                                                                                   ^^^^^^^^^^^^^^^^^^^^^^^^^^^^^^^^^
AssertionError: ([], 0) is not false : ([], 0)

======================================================================
FAIL: test_new_four_routes_all_five_roles_and_nine_methods (erp.test_import_access.ImportAccessMatrixTests.test_new_four_routes_all_five_roles_and_nine_methods) (path='/api/erp/import/preview/', role='manager', method='DELETE')
----------------------------------------------------------------------
Traceback (most recent call last):
  File "/workspace/scratch/c7b51e996a9f/tmp/b02_candidate/source/erp/test_import_access.py", line 31, in test_new_four_routes_all_five_roles_and_nine_methods
    defects=checker.response_oracle(response,row,path,method,role,fixtures,'full');self.assertFalse(defects,defects)
                                                                                   ^^^^^^^^^^^^^^^^^^^^^^^^^^^^^^^^^
AssertionError: ([], 0) is not false : ([], 0)

======================================================================
FAIL: test_new_four_routes_all_five_roles_and_nine_methods (erp.test_import_access.ImportAccessMatrixTests.test_new_four_routes_all_five_roles_and_nine_methods) (path='/api/erp/import/preview/', role='manager', method='TRACE')
----------------------------------------------------------------------
Traceback (most recent call last):
  File "/workspace/scratch/c7b51e996a9f/tmp/b02_candidate/source/erp/test_import_access.py", line 31, in test_new_four_routes_all_five_roles_and_nine_methods
    defects=checker.response_oracle(response,row,path,method,role,fixtures,'full');self.assertFalse(defects,defects)
                                                                                   ^^^^^^^^^^^^^^^^^^^^^^^^^^^^^^^^^
AssertionError: ([], 0) is not false : ([], 0)

======================================================================
FAIL: test_new_four_routes_all_five_roles_and_nine_methods (erp.test_import_access.ImportAccessMatrixTests.test_new_four_routes_all_five_roles_and_nine_methods) (path='/api/erp/import/preview/', role='manager', method='CONNECT')
----------------------------------------------------------------------
Traceback (most recent call last):
  File "/workspace/scratch/c7b51e996a9f/tmp/b02_candidate/source/erp/test_import_access.py", line 31, in test_new_four_routes_all_five_roles_and_nine_methods
    defects=checker.response_oracle(response,row,path,method,role,fixtures,'full');self.assertFalse(defects,defects)
                                                                                   ^^^^^^^^^^^^^^^^^^^^^^^^^^^^^^^^^
AssertionError: ([], 0) is not false : ([], 0)

======================================================================
FAIL: test_new_four_routes_all_five_roles_and_nine_methods (erp.test_import_access.ImportAccessMatrixTests.test_new_four_routes_all_five_roles_and_nine_methods) (path='/api/erp/import/preview/', role='observer', method='GET')
----------------------------------------------------------------------
Traceback (most recent call last):
  File "/workspace/scratch/c7b51e996a9f/tmp/b02_candidate/source/erp/test_import_access.py", line 31, in test_new_four_routes_all_five_roles_and_nine_methods
    defects=checker.response_oracle(response,row,path,method,role,fixtures,'full');self.assertFalse(defects,defects)
                                                                                   ^^^^^^^^^^^^^^^^^^^^^^^^^^^^^^^^^
AssertionError: ([], 0) is not false : ([], 0)

======================================================================
FAIL: test_new_four_routes_all_five_roles_and_nine_methods (erp.test_import_access.ImportAccessMatrixTests.test_new_four_routes_all_five_roles_and_nine_methods) (path='/api/erp/import/preview/', role='observer', method='HEAD')
----------------------------------------------------------------------
Traceback (most recent call last):
  File "/workspace/scratch/c7b51e996a9f/tmp/b02_candidate/source/erp/test_import_access.py", line 31, in test_new_four_routes_all_five_roles_and_nine_methods
    defects=checker.response_oracle(response,row,path,method,role,fixtures,'full');self.assertFalse(defects,defects)
                                                                                   ^^^^^^^^^^^^^^^^^^^^^^^^^^^^^^^^^
AssertionError: ([], 0) is not false : ([], 0)

======================================================================
FAIL: test_new_four_routes_all_five_roles_and_nine_methods (erp.test_import_access.ImportAccessMatrixTests.test_new_four_routes_all_five_roles_and_nine_methods) (path='/api/erp/import/preview/', role='observer', method='OPTIONS')
----------------------------------------------------------------------
Traceback (most recent call last):
  File "/workspace/scratch/c7b51e996a9f/tmp/b02_candidate/source/erp/test_import_access.py", line 31, in test_new_four_routes_all_five_roles_and_nine_methods
    defects=checker.response_oracle(response,row,path,method,role,fixtures,'full');self.assertFalse(defects,defects)
                                                                                   ^^^^^^^^^^^^^^^^^^^^^^^^^^^^^^^^^
AssertionError: ([], 0) is not false : ([], 0)

======================================================================
FAIL: test_new_four_routes_all_five_roles_and_nine_methods (erp.test_import_access.ImportAccessMatrixTests.test_new_four_routes_all_five_roles_and_nine_methods) (path='/api/erp/import/preview/', role='observer', method='POST')
----------------------------------------------------------------------
Traceback (most recent call last):
  File "/workspace/scratch/c7b51e996a9f/tmp/b02_candidate/source/erp/test_import_access.py", line 31, in test_new_four_routes_all_five_roles_and_nine_methods
    defects=checker.response_oracle(response,row,path,method,role,fixtures,'full');self.assertFalse(defects,defects)
                                                                                   ^^^^^^^^^^^^^^^^^^^^^^^^^^^^^^^^^
AssertionError: ([], 210) is not false : ([], 210)

======================================================================
FAIL: test_new_four_routes_all_five_roles_and_nine_methods (erp.test_import_access.ImportAccessMatrixTests.test_new_four_routes_all_five_roles_and_nine_methods) (path='/api/erp/import/preview/', role='observer', method='PUT')
----------------------------------------------------------------------
Traceback (most recent call last):
  File "/workspace/scratch/c7b51e996a9f/tmp/b02_candidate/source/erp/test_import_access.py", line 31, in test_new_four_routes_all_five_roles_and_nine_methods
    defects=checker.response_oracle(response,row,path,method,role,fixtures,'full');self.assertFalse(defects,defects)
                                                                                   ^^^^^^^^^^^^^^^^^^^^^^^^^^^^^^^^^
AssertionError: ([], 210) is not false : ([], 210)

======================================================================
FAIL: test_new_four_routes_all_five_roles_and_nine_methods (erp.test_import_access.ImportAccessMatrixTests.test_new_four_routes_all_five_roles_and_nine_methods) (path='/api/erp/import/preview/', role='observer', method='PATCH')
----------------------------------------------------------------------
Traceback (most recent call last):
  File "/workspace/scratch/c7b51e996a9f/tmp/b02_candidate/source/erp/test_import_access.py", line 31, in test_new_four_routes_all_five_roles_and_nine_methods
    defects=checker.response_oracle(response,row,path,method,role,fixtures,'full');self.assertFalse(defects,defects)
                                                                                   ^^^^^^^^^^^^^^^^^^^^^^^^^^^^^^^^^
AssertionError: ([], 210) is not false : ([], 210)

======================================================================
FAIL: test_new_four_routes_all_five_roles_and_nine_methods (erp.test_import_access.ImportAccessMatrixTests.test_new_four_routes_all_five_roles_and_nine_methods) (path='/api/erp/import/preview/', role='observer', method='DELETE')
----------------------------------------------------------------------
Traceback (most recent call last):
  File "/workspace/scratch/c7b51e996a9f/tmp/b02_candidate/source/erp/test_import_access.py", line 31, in test_new_four_routes_all_five_roles_and_nine_methods
    defects=checker.response_oracle(response,row,path,method,role,fixtures,'full');self.assertFalse(defects,defects)
                                                                                   ^^^^^^^^^^^^^^^^^^^^^^^^^^^^^^^^^
AssertionError: ([], 210) is not false : ([], 210)

======================================================================
FAIL: test_new_four_routes_all_five_roles_and_nine_methods (erp.test_import_access.ImportAccessMatrixTests.test_new_four_routes_all_five_roles_and_nine_methods) (path='/api/erp/import/preview/', role='observer', method='TRACE')
----------------------------------------------------------------------
Traceback (most recent call last):
  File "/workspace/scratch/c7b51e996a9f/tmp/b02_candidate/source/erp/test_import_access.py", line 31, in test_new_four_routes_all_five_roles_and_nine_methods
    defects=checker.response_oracle(response,row,path,method,role,fixtures,'full');self.assertFalse(defects,defects)
                                                                                   ^^^^^^^^^^^^^^^^^^^^^^^^^^^^^^^^^
AssertionError: ([], 210) is not false : ([], 210)

======================================================================
FAIL: test_new_four_routes_all_five_roles_and_nine_methods (erp.test_import_access.ImportAccessMatrixTests.test_new_four_routes_all_five_roles_and_nine_methods) (path='/api/erp/import/preview/', role='observer', method='CONNECT')
----------------------------------------------------------------------
Traceback (most recent call last):
  File "/workspace/scratch/c7b51e996a9f/tmp/b02_candidate/source/erp/test_import_access.py", line 31, in test_new_four_routes_all_five_roles_and_nine_methods
    defects=checker.response_oracle(response,row,path,method,role,fixtures,'full');self.assertFalse(defects,defects)
                                                                                   ^^^^^^^^^^^^^^^^^^^^^^^^^^^^^^^^^
AssertionError: ([], 210) is not false : ([], 210)

======================================================================
FAIL: test_new_four_routes_all_five_roles_and_nine_methods (erp.test_import_access.ImportAccessMatrixTests.test_new_four_routes_all_five_roles_and_nine_methods) (path='/api/erp/import/preview/', role='technical_admin', method='GET')
----------------------------------------------------------------------
Traceback (most recent call last):
  File "/workspace/scratch/c7b51e996a9f/tmp/b02_candidate/source/erp/test_import_access.py", line 31, in test_new_four_routes_all_five_roles_and_nine_methods
    defects=checker.response_oracle(response,row,path,method,role,fixtures,'full');self.assertFalse(defects,defects)
                                                                                   ^^^^^^^^^^^^^^^^^^^^^^^^^^^^^^^^^
AssertionError: ([], 321) is not false : ([], 321)

======================================================================
FAIL: test_new_four_routes_all_five_roles_and_nine_methods (erp.test_import_access.ImportAccessMatrixTests.test_new_four_routes_all_five_roles_and_nine_methods) (path='/api/erp/import/preview/', role='technical_admin', method='HEAD')
----------------------------------------------------------------------
Traceback (most recent call last):
  File "/workspace/scratch/c7b51e996a9f/tmp/b02_candidate/source/erp/test_import_access.py", line 31, in test_new_four_routes_all_five_roles_and_nine_methods
    defects=checker.response_oracle(response,row,path,method,role,fixtures,'full');self.assertFalse(defects,defects)
                                                                                   ^^^^^^^^^^^^^^^^^^^^^^^^^^^^^^^^^
AssertionError: ([], 0) is not false : ([], 0)

======================================================================
FAIL: test_new_four_routes_all_five_roles_and_nine_methods (erp.test_import_access.ImportAccessMatrixTests.test_new_four_routes_all_five_roles_and_nine_methods) (path='/api/erp/import/preview/', role='technical_admin', method='OPTIONS')
----------------------------------------------------------------------
Traceback (most recent call last):
  File "/workspace/scratch/c7b51e996a9f/tmp/b02_candidate/source/erp/test_import_access.py", line 31, in test_new_four_routes_all_five_roles_and_nine_methods
    defects=checker.response_oracle(response,row,path,method,role,fixtures,'full');self.assertFalse(defects,defects)
                                                                                   ^^^^^^^^^^^^^^^^^^^^^^^^^^^^^^^^^
AssertionError: ([], 321) is not false : ([], 321)

======================================================================
FAIL: test_new_four_routes_all_five_roles_and_nine_methods (erp.test_import_access.ImportAccessMatrixTests.test_new_four_routes_all_five_roles_and_nine_methods) (path='/api/erp/import/preview/', role='technical_admin', method='POST')
----------------------------------------------------------------------
Traceback (most recent call last):
  File "/workspace/scratch/c7b51e996a9f/tmp/b02_candidate/source/erp/test_import_access.py", line 31, in test_new_four_routes_all_five_roles_and_nine_methods
    defects=checker.response_oracle(response,row,path,method,role,fixtures,'full');self.assertFalse(defects,defects)
                                                                                   ^^^^^^^^^^^^^^^^^^^^^^^^^^^^^^^^^
AssertionError: ([], 321) is not false : ([], 321)

======================================================================
FAIL: test_new_four_routes_all_five_roles_and_nine_methods (erp.test_import_access.ImportAccessMatrixTests.test_new_four_routes_all_five_roles_and_nine_methods) (path='/api/erp/import/preview/', role='technical_admin', method='PUT')
----------------------------------------------------------------------
Traceback (most recent call last):
  File "/workspace/scratch/c7b51e996a9f/tmp/b02_candidate/source/erp/test_import_access.py", line 31, in test_new_four_routes_all_five_roles_and_nine_methods
    defects=checker.response_oracle(response,row,path,method,role,fixtures,'full');self.assertFalse(defects,defects)
                                                                                   ^^^^^^^^^^^^^^^^^^^^^^^^^^^^^^^^^
AssertionError: ([], 321) is not false : ([], 321)

======================================================================
FAIL: test_new_four_routes_all_five_roles_and_nine_methods (erp.test_import_access.ImportAccessMatrixTests.test_new_four_routes_all_five_roles_and_nine_methods) (path='/api/erp/import/preview/', role='technical_admin', method='PATCH')
----------------------------------------------------------------------
Traceback (most recent call last):
  File "/workspace/scratch/c7b51e996a9f/tmp/b02_candidate/source/erp/test_import_access.py", line 31, in test_new_four_routes_all_five_roles_and_nine_methods
    defects=checker.response_oracle(response,row,path,method,role,fixtures,'full');self.assertFalse(defects,defects)
                                                                                   ^^^^^^^^^^^^^^^^^^^^^^^^^^^^^^^^^
AssertionError: ([], 321) is not false : ([], 321)

======================================================================
FAIL: test_new_four_routes_all_five_roles_and_nine_methods (erp.test_import_access.ImportAccessMatrixTests.test_new_four_routes_all_five_roles_and_nine_methods) (path='/api/erp/import/preview/', role='technical_admin', method='DELETE')
----------------------------------------------------------------------
Traceback (most recent call last):
  File "/workspace/scratch/c7b51e996a9f/tmp/b02_candidate/source/erp/test_import_access.py", line 31, in test_new_four_routes_all_five_roles_and_nine_methods
    defects=checker.response_oracle(response,row,path,method,role,fixtures,'full');self.assertFalse(defects,defects)
                                                                                   ^^^^^^^^^^^^^^^^^^^^^^^^^^^^^^^^^
AssertionError: ([], 321) is not false : ([], 321)

======================================================================
FAIL: test_new_four_routes_all_five_roles_and_nine_methods (erp.test_import_access.ImportAccessMatrixTests.test_new_four_routes_all_five_roles_and_nine_methods) (path='/api/erp/import/preview/', role='technical_admin', method='TRACE')
----------------------------------------------------------------------
Traceback (most recent call last):
  File "/workspace/scratch/c7b51e996a9f/tmp/b02_candidate/source/erp/test_import_access.py", line 31, in test_new_four_routes_all_five_roles_and_nine_methods
    defects=checker.response_oracle(response,row,path,method,role,fixtures,'full');self.assertFalse(defects,defects)
                                                                                   ^^^^^^^^^^^^^^^^^^^^^^^^^^^^^^^^^
AssertionError: ([], 321) is not false : ([], 321)

======================================================================
FAIL: test_new_four_routes_all_five_roles_and_nine_methods (erp.test_import_access.ImportAccessMatrixTests.test_new_four_routes_all_five_roles_and_nine_methods) (path='/api/erp/import/preview/', role='technical_admin', method='CONNECT')
----------------------------------------------------------------------
Traceback (most recent call last):
  File "/workspace/scratch/c7b51e996a9f/tmp/b02_candidate/source/erp/test_import_access.py", line 31, in test_new_four_routes_all_five_roles_and_nine_methods
    defects=checker.response_oracle(response,row,path,method,role,fixtures,'full');self.assertFalse(defects,defects)
                                                                                   ^^^^^^^^^^^^^^^^^^^^^^^^^^^^^^^^^
AssertionError: ([], 321) is not false : ([], 321)

======================================================================
FAIL: test_new_four_routes_all_five_roles_and_nine_methods (erp.test_import_access.ImportAccessMatrixTests.test_new_four_routes_all_five_roles_and_nine_methods) (path='/api/erp/import/template/', role='anonymous', method='GET')
----------------------------------------------------------------------
Traceback (most recent call last):
  File "/workspace/scratch/c7b51e996a9f/tmp/b02_candidate/source/erp/test_import_access.py", line 31, in test_new_four_routes_all_five_roles_and_nine_methods
    defects=checker.response_oracle(response,row,path,method,role,fixtures,'full');self.assertFalse(defects,defects)
                                                                                   ^^^^^^^^^^^^^^^^^^^^^^^^^^^^^^^^^
AssertionError: ([], 106) is not false : ([], 106)

======================================================================
FAIL: test_new_four_routes_all_five_roles_and_nine_methods (erp.test_import_access.ImportAccessMatrixTests.test_new_four_routes_all_five_roles_and_nine_methods) (path='/api/erp/import/template/', role='anonymous', method='HEAD')
----------------------------------------------------------------------
Traceback (most recent call last):
  File "/workspace/scratch/c7b51e996a9f/tmp/b02_candidate/source/erp/test_import_access.py", line 31, in test_new_four_routes_all_five_roles_and_nine_methods
    defects=checker.response_oracle(response,row,path,method,role,fixtures,'full');self.assertFalse(defects,defects)
                                                                                   ^^^^^^^^^^^^^^^^^^^^^^^^^^^^^^^^^
AssertionError: ([], 0) is not false : ([], 0)

======================================================================
FAIL: test_new_four_routes_all_five_roles_and_nine_methods (erp.test_import_access.ImportAccessMatrixTests.test_new_four_routes_all_five_roles_and_nine_methods) (path='/api/erp/import/template/', role='anonymous', method='OPTIONS')
----------------------------------------------------------------------
Traceback (most recent call last):
  File "/workspace/scratch/c7b51e996a9f/tmp/b02_candidate/source/erp/test_import_access.py", line 31, in test_new_four_routes_all_five_roles_and_nine_methods
    defects=checker.response_oracle(response,row,path,method,role,fixtures,'full');self.assertFalse(defects,defects)
                                                                                   ^^^^^^^^^^^^^^^^^^^^^^^^^^^^^^^^^
AssertionError: ([], 106) is not false : ([], 106)

======================================================================
FAIL: test_new_four_routes_all_five_roles_and_nine_methods (erp.test_import_access.ImportAccessMatrixTests.test_new_four_routes_all_five_roles_and_nine_methods) (path='/api/erp/import/template/', role='anonymous', method='POST')
----------------------------------------------------------------------
Traceback (most recent call last):
  File "/workspace/scratch/c7b51e996a9f/tmp/b02_candidate/source/erp/test_import_access.py", line 31, in test_new_four_routes_all_five_roles_and_nine_methods
    defects=checker.response_oracle(response,row,path,method,role,fixtures,'full');self.assertFalse(defects,defects)
                                                                                   ^^^^^^^^^^^^^^^^^^^^^^^^^^^^^^^^^
AssertionError: ([], 106) is not false : ([], 106)

======================================================================
FAIL: test_new_four_routes_all_five_roles_and_nine_methods (erp.test_import_access.ImportAccessMatrixTests.test_new_four_routes_all_five_roles_and_nine_methods) (path='/api/erp/import/template/', role='anonymous', method='PUT')
----------------------------------------------------------------------
Traceback (most recent call last):
  File "/workspace/scratch/c7b51e996a9f/tmp/b02_candidate/source/erp/test_import_access.py", line 31, in test_new_four_routes_all_five_roles_and_nine_methods
    defects=checker.response_oracle(response,row,path,method,role,fixtures,'full');self.assertFalse(defects,defects)
                                                                                   ^^^^^^^^^^^^^^^^^^^^^^^^^^^^^^^^^
AssertionError: ([], 106) is not false : ([], 106)

======================================================================
FAIL: test_new_four_routes_all_five_roles_and_nine_methods (erp.test_import_access.ImportAccessMatrixTests.test_new_four_routes_all_five_roles_and_nine_methods) (path='/api/erp/import/template/', role='anonymous', method='PATCH')
----------------------------------------------------------------------
Traceback (most recent call last):
  File "/workspace/scratch/c7b51e996a9f/tmp/b02_candidate/source/erp/test_import_access.py", line 31, in test_new_four_routes_all_five_roles_and_nine_methods
    defects=checker.response_oracle(response,row,path,method,role,fixtures,'full');self.assertFalse(defects,defects)
                                                                                   ^^^^^^^^^^^^^^^^^^^^^^^^^^^^^^^^^
AssertionError: ([], 106) is not false : ([], 106)

======================================================================
FAIL: test_new_four_routes_all_five_roles_and_nine_methods (erp.test_import_access.ImportAccessMatrixTests.test_new_four_routes_all_five_roles_and_nine_methods) (path='/api/erp/import/template/', role='anonymous', method='DELETE')
----------------------------------------------------------------------
Traceback (most recent call last):
  File "/workspace/scratch/c7b51e996a9f/tmp/b02_candidate/source/erp/test_import_access.py", line 31, in test_new_four_routes_all_five_roles_and_nine_methods
    defects=checker.response_oracle(response,row,path,method,role,fixtures,'full');self.assertFalse(defects,defects)
                                                                                   ^^^^^^^^^^^^^^^^^^^^^^^^^^^^^^^^^
AssertionError: ([], 106) is not false : ([], 106)

======================================================================
FAIL: test_new_four_routes_all_five_roles_and_nine_methods (erp.test_import_access.ImportAccessMatrixTests.test_new_four_routes_all_five_roles_and_nine_methods) (path='/api/erp/import/template/', role='anonymous', method='TRACE')
----------------------------------------------------------------------
Traceback (most recent call last):
  File "/workspace/scratch/c7b51e996a9f/tmp/b02_candidate/source/erp/test_import_access.py", line 31, in test_new_four_routes_all_five_roles_and_nine_methods
    defects=checker.response_oracle(response,row,path,method,role,fixtures,'full');self.assertFalse(defects,defects)
                                                                                   ^^^^^^^^^^^^^^^^^^^^^^^^^^^^^^^^^
AssertionError: ([], 106) is not false : ([], 106)

======================================================================
FAIL: test_new_four_routes_all_five_roles_and_nine_methods (erp.test_import_access.ImportAccessMatrixTests.test_new_four_routes_all_five_roles_and_nine_methods) (path='/api/erp/import/template/', role='anonymous', method='CONNECT')
----------------------------------------------------------------------
Traceback (most recent call last):
  File "/workspace/scratch/c7b51e996a9f/tmp/b02_candidate/source/erp/test_import_access.py", line 31, in test_new_four_routes_all_five_roles_and_nine_methods
    defects=checker.response_oracle(response,row,path,method,role,fixtures,'full');self.assertFalse(defects,defects)
                                                                                   ^^^^^^^^^^^^^^^^^^^^^^^^^^^^^^^^^
AssertionError: ([], 106) is not false : ([], 106)

======================================================================
FAIL: test_new_four_routes_all_five_roles_and_nine_methods (erp.test_import_access.ImportAccessMatrixTests.test_new_four_routes_all_five_roles_and_nine_methods) (path='/api/erp/import/template/', role='ceo', method='GET')
----------------------------------------------------------------------
Traceback (most recent call last):
  File "/workspace/scratch/c7b51e996a9f/tmp/b02_candidate/source/erp/test_import_access.py", line 31, in test_new_four_routes_all_five_roles_and_nine_methods
    defects=checker.response_oracle(response,row,path,method,role,fixtures,'full');self.assertFalse(defects,defects)
                                                                                   ^^^^^^^^^^^^^^^^^^^^^^^^^^^^^^^^^
AssertionError: ([], 10381) is not false : ([], 10381)

======================================================================
FAIL: test_new_four_routes_all_five_roles_and_nine_methods (erp.test_import_access.ImportAccessMatrixTests.test_new_four_routes_all_five_roles_and_nine_methods) (path='/api/erp/import/template/', role='ceo', method='HEAD')
----------------------------------------------------------------------
Traceback (most recent call last):
  File "/workspace/scratch/c7b51e996a9f/tmp/b02_candidate/source/erp/test_import_access.py", line 31, in test_new_four_routes_all_five_roles_and_nine_methods
    defects=checker.response_oracle(response,row,path,method,role,fixtures,'full');self.assertFalse(defects,defects)
                                                                                   ^^^^^^^^^^^^^^^^^^^^^^^^^^^^^^^^^
AssertionError: ([], 0) is not false : ([], 0)

======================================================================
FAIL: test_new_four_routes_all_five_roles_and_nine_methods (erp.test_import_access.ImportAccessMatrixTests.test_new_four_routes_all_five_roles_and_nine_methods) (path='/api/erp/import/template/', role='ceo', method='OPTIONS')
----------------------------------------------------------------------
Traceback (most recent call last):
  File "/workspace/scratch/c7b51e996a9f/tmp/b02_candidate/source/erp/test_import_access.py", line 31, in test_new_four_routes_all_five_roles_and_nine_methods
    defects=checker.response_oracle(response,row,path,method,role,fixtures,'full');self.assertFalse(defects,defects)
                                                                                   ^^^^^^^^^^^^^^^^^^^^^^^^^^^^^^^^^
AssertionError: ([], 0) is not false : ([], 0)

======================================================================
FAIL: test_new_four_routes_all_five_roles_and_nine_methods (erp.test_import_access.ImportAccessMatrixTests.test_new_four_routes_all_five_roles_and_nine_methods) (path='/api/erp/import/template/', role='ceo', method='POST')
----------------------------------------------------------------------
Traceback (most recent call last):
  File "/workspace/scratch/c7b51e996a9f/tmp/b02_candidate/source/erp/test_import_access.py", line 31, in test_new_four_routes_all_five_roles_and_nine_methods
    defects=checker.response_oracle(response,row,path,method,role,fixtures,'full');self.assertFalse(defects,defects)
                                                                                   ^^^^^^^^^^^^^^^^^^^^^^^^^^^^^^^^^
AssertionError: ([], 0) is not false : ([], 0)

======================================================================
FAIL: test_new_four_routes_all_five_roles_and_nine_methods (erp.test_import_access.ImportAccessMatrixTests.test_new_four_routes_all_five_roles_and_nine_methods) (path='/api/erp/import/template/', role='ceo', method='PUT')
----------------------------------------------------------------------
Traceback (most recent call last):
  File "/workspace/scratch/c7b51e996a9f/tmp/b02_candidate/source/erp/test_import_access.py", line 31, in test_new_four_routes_all_five_roles_and_nine_methods
    defects=checker.response_oracle(response,row,path,method,role,fixtures,'full');self.assertFalse(defects,defects)
                                                                                   ^^^^^^^^^^^^^^^^^^^^^^^^^^^^^^^^^
AssertionError: ([], 0) is not false : ([], 0)

======================================================================
FAIL: test_new_four_routes_all_five_roles_and_nine_methods (erp.test_import_access.ImportAccessMatrixTests.test_new_four_routes_all_five_roles_and_nine_methods) (path='/api/erp/import/template/', role='ceo', method='PATCH')
----------------------------------------------------------------------
Traceback (most recent call last):
  File "/workspace/scratch/c7b51e996a9f/tmp/b02_candidate/source/erp/test_import_access.py", line 31, in test_new_four_routes_all_five_roles_and_nine_methods
    defects=checker.response_oracle(response,row,path,method,role,fixtures,'full');self.assertFalse(defects,defects)
                                                                                   ^^^^^^^^^^^^^^^^^^^^^^^^^^^^^^^^^
AssertionError: ([], 0) is not false : ([], 0)

======================================================================
FAIL: test_new_four_routes_all_five_roles_and_nine_methods (erp.test_import_access.ImportAccessMatrixTests.test_new_four_routes_all_five_roles_and_nine_methods) (path='/api/erp/import/template/', role='ceo', method='DELETE')
----------------------------------------------------------------------
Traceback (most recent call last):
  File "/workspace/scratch/c7b51e996a9f/tmp/b02_candidate/source/erp/test_import_access.py", line 31, in test_new_four_routes_all_five_roles_and_nine_methods
    defects=checker.response_oracle(response,row,path,method,role,fixtures,'full');self.assertFalse(defects,defects)
                                                                                   ^^^^^^^^^^^^^^^^^^^^^^^^^^^^^^^^^
AssertionError: ([], 0) is not false : ([], 0)

======================================================================
FAIL: test_new_four_routes_all_five_roles_and_nine_methods (erp.test_import_access.ImportAccessMatrixTests.test_new_four_routes_all_five_roles_and_nine_methods) (path='/api/erp/import/template/', role='ceo', method='TRACE')
----------------------------------------------------------------------
Traceback (most recent call last):
  File "/workspace/scratch/c7b51e996a9f/tmp/b02_candidate/source/erp/test_import_access.py", line 31, in test_new_four_routes_all_five_roles_and_nine_methods
    defects=checker.response_oracle(response,row,path,method,role,fixtures,'full');self.assertFalse(defects,defects)
                                                                                   ^^^^^^^^^^^^^^^^^^^^^^^^^^^^^^^^^
AssertionError: ([], 0) is not false : ([], 0)

======================================================================
FAIL: test_new_four_routes_all_five_roles_and_nine_methods (erp.test_import_access.ImportAccessMatrixTests.test_new_four_routes_all_five_roles_and_nine_methods) (path='/api/erp/import/template/', role='ceo', method='CONNECT')
----------------------------------------------------------------------
Traceback (most recent call last):
  File "/workspace/scratch/c7b51e996a9f/tmp/b02_candidate/source/erp/test_import_access.py", line 31, in test_new_four_routes_all_five_roles_and_nine_methods
    defects=checker.response_oracle(response,row,path,method,role,fixtures,'full');self.assertFalse(defects,defects)
                                                                                   ^^^^^^^^^^^^^^^^^^^^^^^^^^^^^^^^^
AssertionError: ([], 0) is not false : ([], 0)

======================================================================
FAIL: test_new_four_routes_all_five_roles_and_nine_methods (erp.test_import_access.ImportAccessMatrixTests.test_new_four_routes_all_five_roles_and_nine_methods) (path='/api/erp/import/template/', role='manager', method='GET')
----------------------------------------------------------------------
Traceback (most recent call last):
  File "/workspace/scratch/c7b51e996a9f/tmp/b02_candidate/source/erp/test_import_access.py", line 31, in test_new_four_routes_all_five_roles_and_nine_methods
    defects=checker.response_oracle(response,row,path,method,role,fixtures,'full');self.assertFalse(defects,defects)
                                                                                   ^^^^^^^^^^^^^^^^^^^^^^^^^^^^^^^^^
AssertionError: ([], 258) is not false : ([], 258)

======================================================================
FAIL: test_new_four_routes_all_five_roles_and_nine_methods (erp.test_import_access.ImportAccessMatrixTests.test_new_four_routes_all_five_roles_and_nine_methods) (path='/api/erp/import/template/', role='manager', method='HEAD')
----------------------------------------------------------------------
Traceback (most recent call last):
  File "/workspace/scratch/c7b51e996a9f/tmp/b02_candidate/source/erp/test_import_access.py", line 31, in test_new_four_routes_all_five_roles_and_nine_methods
    defects=checker.response_oracle(response,row,path,method,role,fixtures,'full');self.assertFalse(defects,defects)
                                                                                   ^^^^^^^^^^^^^^^^^^^^^^^^^^^^^^^^^
AssertionError: ([], 0) is not false : ([], 0)

======================================================================
FAIL: test_new_four_routes_all_five_roles_and_nine_methods (erp.test_import_access.ImportAccessMatrixTests.test_new_four_routes_all_five_roles_and_nine_methods) (path='/api/erp/import/template/', role='manager', method='OPTIONS')
----------------------------------------------------------------------
Traceback (most recent call last):
  File "/workspace/scratch/c7b51e996a9f/tmp/b02_candidate/source/erp/test_import_access.py", line 31, in test_new_four_routes_all_five_roles_and_nine_methods
    defects=checker.response_oracle(response,row,path,method,role,fixtures,'full');self.assertFalse(defects,defects)
                                                                                   ^^^^^^^^^^^^^^^^^^^^^^^^^^^^^^^^^
AssertionError: ([], 0) is not false : ([], 0)

======================================================================
FAIL: test_new_four_routes_all_five_roles_and_nine_methods (erp.test_import_access.ImportAccessMatrixTests.test_new_four_routes_all_five_roles_and_nine_methods) (path='/api/erp/import/template/', role='manager', method='POST')
----------------------------------------------------------------------
Traceback (most recent call last):
  File "/workspace/scratch/c7b51e996a9f/tmp/b02_candidate/source/erp/test_import_access.py", line 31, in test_new_four_routes_all_five_roles_and_nine_methods
    defects=checker.response_oracle(response,row,path,method,role,fixtures,'full');self.assertFalse(defects,defects)
                                                                                   ^^^^^^^^^^^^^^^^^^^^^^^^^^^^^^^^^
AssertionError: ([], 0) is not false : ([], 0)

======================================================================
FAIL: test_new_four_routes_all_five_roles_and_nine_methods (erp.test_import_access.ImportAccessMatrixTests.test_new_four_routes_all_five_roles_and_nine_methods) (path='/api/erp/import/template/', role='manager', method='PUT')
----------------------------------------------------------------------
Traceback (most recent call last):
  File "/workspace/scratch/c7b51e996a9f/tmp/b02_candidate/source/erp/test_import_access.py", line 31, in test_new_four_routes_all_five_roles_and_nine_methods
    defects=checker.response_oracle(response,row,path,method,role,fixtures,'full');self.assertFalse(defects,defects)
                                                                                   ^^^^^^^^^^^^^^^^^^^^^^^^^^^^^^^^^
AssertionError: ([], 0) is not false : ([], 0)

======================================================================
FAIL: test_new_four_routes_all_five_roles_and_nine_methods (erp.test_import_access.ImportAccessMatrixTests.test_new_four_routes_all_five_roles_and_nine_methods) (path='/api/erp/import/template/', role='manager', method='PATCH')
----------------------------------------------------------------------
Traceback (most recent call last):
  File "/workspace/scratch/c7b51e996a9f/tmp/b02_candidate/source/erp/test_import_access.py", line 31, in test_new_four_routes_all_five_roles_and_nine_methods
    defects=checker.response_oracle(response,row,path,method,role,fixtures,'full');self.assertFalse(defects,defects)
                                                                                   ^^^^^^^^^^^^^^^^^^^^^^^^^^^^^^^^^
AssertionError: ([], 0) is not false : ([], 0)

======================================================================
FAIL: test_new_four_routes_all_five_roles_and_nine_methods (erp.test_import_access.ImportAccessMatrixTests.test_new_four_routes_all_five_roles_and_nine_methods) (path='/api/erp/import/template/', role='manager', method='DELETE')
----------------------------------------------------------------------
Traceback (most recent call last):
  File "/workspace/scratch/c7b51e996a9f/tmp/b02_candidate/source/erp/test_import_access.py", line 31, in test_new_four_routes_all_five_roles_and_nine_methods
    defects=checker.response_oracle(response,row,path,method,role,fixtures,'full');self.assertFalse(defects,defects)
                                                                                   ^^^^^^^^^^^^^^^^^^^^^^^^^^^^^^^^^
AssertionError: ([], 0) is not false : ([], 0)

======================================================================
FAIL: test_new_four_routes_all_five_roles_and_nine_methods (erp.test_import_access.ImportAccessMatrixTests.test_new_four_routes_all_five_roles_and_nine_methods) (path='/api/erp/import/template/', role='manager', method='TRACE')
----------------------------------------------------------------------
Traceback (most recent call last):
  File "/workspace/scratch/c7b51e996a9f/tmp/b02_candidate/source/erp/test_import_access.py", line 31, in test_new_four_routes_all_five_roles_and_nine_methods
    defects=checker.response_oracle(response,row,path,method,role,fixtures,'full');self.assertFalse(defects,defects)
                                                                                   ^^^^^^^^^^^^^^^^^^^^^^^^^^^^^^^^^
AssertionError: ([], 0) is not false : ([], 0)

======================================================================
FAIL: test_new_four_routes_all_five_roles_and_nine_methods (erp.test_import_access.ImportAccessMatrixTests.test_new_four_routes_all_five_roles_and_nine_methods) (path='/api/erp/import/template/', role='manager', method='CONNECT')
----------------------------------------------------------------------
Traceback (most recent call last):
  File "/workspace/scratch/c7b51e996a9f/tmp/b02_candidate/source/erp/test_import_access.py", line 31, in test_new_four_routes_all_five_roles_and_nine_methods
    defects=checker.response_oracle(response,row,path,method,role,fixtures,'full');self.assertFalse(defects,defects)
                                                                                   ^^^^^^^^^^^^^^^^^^^^^^^^^^^^^^^^^
AssertionError: ([], 0) is not false : ([], 0)

======================================================================
FAIL: test_new_four_routes_all_five_roles_and_nine_methods (erp.test_import_access.ImportAccessMatrixTests.test_new_four_routes_all_five_roles_and_nine_methods) (path='/api/erp/import/template/', role='observer', method='GET')
----------------------------------------------------------------------
Traceback (most recent call last):
  File "/workspace/scratch/c7b51e996a9f/tmp/b02_candidate/source/erp/test_import_access.py", line 31, in test_new_four_routes_all_five_roles_and_nine_methods
    defects=checker.response_oracle(response,row,path,method,role,fixtures,'full');self.assertFalse(defects,defects)
                                                                                   ^^^^^^^^^^^^^^^^^^^^^^^^^^^^^^^^^
AssertionError: ([], 258) is not false : ([], 258)

======================================================================
FAIL: test_new_four_routes_all_five_roles_and_nine_methods (erp.test_import_access.ImportAccessMatrixTests.test_new_four_routes_all_five_roles_and_nine_methods) (path='/api/erp/import/template/', role='observer', method='HEAD')
----------------------------------------------------------------------
Traceback (most recent call last):
  File "/workspace/scratch/c7b51e996a9f/tmp/b02_candidate/source/erp/test_import_access.py", line 31, in test_new_four_routes_all_five_roles_and_nine_methods
    defects=checker.response_oracle(response,row,path,method,role,fixtures,'full');self.assertFalse(defects,defects)
                                                                                   ^^^^^^^^^^^^^^^^^^^^^^^^^^^^^^^^^
AssertionError: ([], 0) is not false : ([], 0)

======================================================================
FAIL: test_new_four_routes_all_five_roles_and_nine_methods (erp.test_import_access.ImportAccessMatrixTests.test_new_four_routes_all_five_roles_and_nine_methods) (path='/api/erp/import/template/', role='observer', method='OPTIONS')
----------------------------------------------------------------------
Traceback (most recent call last):
  File "/workspace/scratch/c7b51e996a9f/tmp/b02_candidate/source/erp/test_import_access.py", line 31, in test_new_four_routes_all_five_roles_and_nine_methods
    defects=checker.response_oracle(response,row,path,method,role,fixtures,'full');self.assertFalse(defects,defects)
                                                                                   ^^^^^^^^^^^^^^^^^^^^^^^^^^^^^^^^^
AssertionError: ([], 0) is not false : ([], 0)

======================================================================
FAIL: test_new_four_routes_all_five_roles_and_nine_methods (erp.test_import_access.ImportAccessMatrixTests.test_new_four_routes_all_five_roles_and_nine_methods) (path='/api/erp/import/template/', role='observer', method='POST')
----------------------------------------------------------------------
Traceback (most recent call last):
  File "/workspace/scratch/c7b51e996a9f/tmp/b02_candidate/source/erp/test_import_access.py", line 31, in test_new_four_routes_all_five_roles_and_nine_methods
    defects=checker.response_oracle(response,row,path,method,role,fixtures,'full');self.assertFalse(defects,defects)
                                                                                   ^^^^^^^^^^^^^^^^^^^^^^^^^^^^^^^^^
AssertionError: ([], 210) is not false : ([], 210)

======================================================================
FAIL: test_new_four_routes_all_five_roles_and_nine_methods (erp.test_import_access.ImportAccessMatrixTests.test_new_four_routes_all_five_roles_and_nine_methods) (path='/api/erp/import/template/', role='observer', method='PUT')
----------------------------------------------------------------------
Traceback (most recent call last):
  File "/workspace/scratch/c7b51e996a9f/tmp/b02_candidate/source/erp/test_import_access.py", line 31, in test_new_four_routes_all_five_roles_and_nine_methods
    defects=checker.response_oracle(response,row,path,method,role,fixtures,'full');self.assertFalse(defects,defects)
                                                                                   ^^^^^^^^^^^^^^^^^^^^^^^^^^^^^^^^^
AssertionError: ([], 210) is not false : ([], 210)

======================================================================
FAIL: test_new_four_routes_all_five_roles_and_nine_methods (erp.test_import_access.ImportAccessMatrixTests.test_new_four_routes_all_five_roles_and_nine_methods) (path='/api/erp/import/template/', role='observer', method='PATCH')
----------------------------------------------------------------------
Traceback (most recent call last):
  File "/workspace/scratch/c7b51e996a9f/tmp/b02_candidate/source/erp/test_import_access.py", line 31, in test_new_four_routes_all_five_roles_and_nine_methods
    defects=checker.response_oracle(response,row,path,method,role,fixtures,'full');self.assertFalse(defects,defects)
                                                                                   ^^^^^^^^^^^^^^^^^^^^^^^^^^^^^^^^^
AssertionError: ([], 210) is not false : ([], 210)

======================================================================
FAIL: test_new_four_routes_all_five_roles_and_nine_methods (erp.test_import_access.ImportAccessMatrixTests.test_new_four_routes_all_five_roles_and_nine_methods) (path='/api/erp/import/template/', role='observer', method='DELETE')
----------------------------------------------------------------------
Traceback (most recent call last):
  File "/workspace/scratch/c7b51e996a9f/tmp/b02_candidate/source/erp/test_import_access.py", line 31, in test_new_four_routes_all_five_roles_and_nine_methods
    defects=checker.response_oracle(response,row,path,method,role,fixtures,'full');self.assertFalse(defects,defects)
                                                                                   ^^^^^^^^^^^^^^^^^^^^^^^^^^^^^^^^^
AssertionError: ([], 210) is not false : ([], 210)

======================================================================
FAIL: test_new_four_routes_all_five_roles_and_nine_methods (erp.test_import_access.ImportAccessMatrixTests.test_new_four_routes_all_five_roles_and_nine_methods) (path='/api/erp/import/template/', role='observer', method='TRACE')
----------------------------------------------------------------------
Traceback (most recent call last):
  File "/workspace/scratch/c7b51e996a9f/tmp/b02_candidate/source/erp/test_import_access.py", line 31, in test_new_four_routes_all_five_roles_and_nine_methods
    defects=checker.response_oracle(response,row,path,method,role,fixtures,'full');self.assertFalse(defects,defects)
                                                                                   ^^^^^^^^^^^^^^^^^^^^^^^^^^^^^^^^^
AssertionError: ([], 210) is not false : ([], 210)

======================================================================
FAIL: test_new_four_routes_all_five_roles_and_nine_methods (erp.test_import_access.ImportAccessMatrixTests.test_new_four_routes_all_five_roles_and_nine_methods) (path='/api/erp/import/template/', role='observer', method='CONNECT')
----------------------------------------------------------------------
Traceback (most recent call last):
  File "/workspace/scratch/c7b51e996a9f/tmp/b02_candidate/source/erp/test_import_access.py", line 31, in test_new_four_routes_all_five_roles_and_nine_methods
    defects=checker.response_oracle(response,row,path,method,role,fixtures,'full');self.assertFalse(defects,defects)
                                                                                   ^^^^^^^^^^^^^^^^^^^^^^^^^^^^^^^^^
AssertionError: ([], 210) is not false : ([], 210)

======================================================================
FAIL: test_new_four_routes_all_five_roles_and_nine_methods (erp.test_import_access.ImportAccessMatrixTests.test_new_four_routes_all_five_roles_and_nine_methods) (path='/api/erp/import/template/', role='technical_admin', method='GET')
----------------------------------------------------------------------
Traceback (most recent call last):
  File "/workspace/scratch/c7b51e996a9f/tmp/b02_candidate/source/erp/test_import_access.py", line 31, in test_new_four_routes_all_five_roles_and_nine_methods
    defects=checker.response_oracle(response,row,path,method,role,fixtures,'full');self.assertFalse(defects,defects)
                                                                                   ^^^^^^^^^^^^^^^^^^^^^^^^^^^^^^^^^
AssertionError: ([], 321) is not false : ([], 321)

======================================================================
FAIL: test_new_four_routes_all_five_roles_and_nine_methods (erp.test_import_access.ImportAccessMatrixTests.test_new_four_routes_all_five_roles_and_nine_methods) (path='/api/erp/import/template/', role='technical_admin', method='HEAD')
----------------------------------------------------------------------
Traceback (most recent call last):
  File "/workspace/scratch/c7b51e996a9f/tmp/b02_candidate/source/erp/test_import_access.py", line 31, in test_new_four_routes_all_five_roles_and_nine_methods
    defects=checker.response_oracle(response,row,path,method,role,fixtures,'full');self.assertFalse(defects,defects)
                                                                                   ^^^^^^^^^^^^^^^^^^^^^^^^^^^^^^^^^
AssertionError: ([], 0) is not false : ([], 0)

======================================================================
FAIL: test_new_four_routes_all_five_roles_and_nine_methods (erp.test_import_access.ImportAccessMatrixTests.test_new_four_routes_all_five_roles_and_nine_methods) (path='/api/erp/import/template/', role='technical_admin', method='OPTIONS')
----------------------------------------------------------------------
Traceback (most recent call last):
  File "/workspace/scratch/c7b51e996a9f/tmp/b02_candidate/source/erp/test_import_access.py", line 31, in test_new_four_routes_all_five_roles_and_nine_methods
    defects=checker.response_oracle(response,row,path,method,role,fixtures,'full');self.assertFalse(defects,defects)
                                                                                   ^^^^^^^^^^^^^^^^^^^^^^^^^^^^^^^^^
AssertionError: ([], 321) is not false : ([], 321)

======================================================================
FAIL: test_new_four_routes_all_five_roles_and_nine_methods (erp.test_import_access.ImportAccessMatrixTests.test_new_four_routes_all_five_roles_and_nine_methods) (path='/api/erp/import/template/', role='technical_admin', method='POST')
----------------------------------------------------------------------
Traceback (most recent call last):
  File "/workspace/scratch/c7b51e996a9f/tmp/b02_candidate/source/erp/test_import_access.py", line 31, in test_new_four_routes_all_five_roles_and_nine_methods
    defects=checker.response_oracle(response,row,path,method,role,fixtures,'full');self.assertFalse(defects,defects)
                                                                                   ^^^^^^^^^^^^^^^^^^^^^^^^^^^^^^^^^
AssertionError: ([], 321) is not false : ([], 321)

======================================================================
FAIL: test_new_four_routes_all_five_roles_and_nine_methods (erp.test_import_access.ImportAccessMatrixTests.test_new_four_routes_all_five_roles_and_nine_methods) (path='/api/erp/import/template/', role='technical_admin', method='PUT')
----------------------------------------------------------------------
Traceback (most recent call last):
  File "/workspace/scratch/c7b51e996a9f/tmp/b02_candidate/source/erp/test_import_access.py", line 31, in test_new_four_routes_all_five_roles_and_nine_methods
    defects=checker.response_oracle(response,row,path,method,role,fixtures,'full');self.assertFalse(defects,defects)
                                                                                   ^^^^^^^^^^^^^^^^^^^^^^^^^^^^^^^^^
AssertionError: ([], 321) is not false : ([], 321)

======================================================================
FAIL: test_new_four_routes_all_five_roles_and_nine_methods (erp.test_import_access.ImportAccessMatrixTests.test_new_four_routes_all_five_roles_and_nine_methods) (path='/api/erp/import/template/', role='technical_admin', method='PATCH')
----------------------------------------------------------------------
Traceback (most recent call last):
  File "/workspace/scratch/c7b51e996a9f/tmp/b02_candidate/source/erp/test_import_access.py", line 31, in test_new_four_routes_all_five_roles_and_nine_methods
    defects=checker.response_oracle(response,row,path,method,role,fixtures,'full');self.assertFalse(defects,defects)
                                                                                   ^^^^^^^^^^^^^^^^^^^^^^^^^^^^^^^^^
AssertionError: ([], 321) is not false : ([], 321)

======================================================================
FAIL: test_new_four_routes_all_five_roles_and_nine_methods (erp.test_import_access.ImportAccessMatrixTests.test_new_four_routes_all_five_roles_and_nine_methods) (path='/api/erp/import/template/', role='technical_admin', method='DELETE')
----------------------------------------------------------------------
Traceback (most recent call last):
  File "/workspace/scratch/c7b51e996a9f/tmp/b02_candidate/source/erp/test_import_access.py", line 31, in test_new_four_routes_all_five_roles_and_nine_methods
    defects=checker.response_oracle(response,row,path,method,role,fixtures,'full');self.assertFalse(defects,defects)
                                                                                   ^^^^^^^^^^^^^^^^^^^^^^^^^^^^^^^^^
AssertionError: ([], 321) is not false : ([], 321)

======================================================================
FAIL: test_new_four_routes_all_five_roles_and_nine_methods (erp.test_import_access.ImportAccessMatrixTests.test_new_four_routes_all_five_roles_and_nine_methods) (path='/api/erp/import/template/', role='technical_admin', method='TRACE')
----------------------------------------------------------------------
Traceback (most recent call last):
  File "/workspace/scratch/c7b51e996a9f/tmp/b02_candidate/source/erp/test_import_access.py", line 31, in test_new_four_routes_all_five_roles_and_nine_methods
    defects=checker.response_oracle(response,row,path,method,role,fixtures,'full');self.assertFalse(defects,defects)
                                                                                   ^^^^^^^^^^^^^^^^^^^^^^^^^^^^^^^^^
AssertionError: ([], 321) is not false : ([], 321)

======================================================================
FAIL: test_new_four_routes_all_five_roles_and_nine_methods (erp.test_import_access.ImportAccessMatrixTests.test_new_four_routes_all_five_roles_and_nine_methods) (path='/api/erp/import/template/', role='technical_admin', method='CONNECT')
----------------------------------------------------------------------
Traceback (most recent call last):
  File "/workspace/scratch/c7b51e996a9f/tmp/b02_candidate/source/erp/test_import_access.py", line 31, in test_new_four_routes_all_five_roles_and_nine_methods
    defects=checker.response_oracle(response,row,path,method,role,fixtures,'full');self.assertFalse(defects,defects)
                                                                                   ^^^^^^^^^^^^^^^^^^^^^^^^^^^^^^^^^
AssertionError: ([], 321) is not false : ([], 321)

======================================================================
FAIL: test_new_four_routes_all_five_roles_and_nine_methods (erp.test_import_access.ImportAccessMatrixTests.test_new_four_routes_all_five_roles_and_nine_methods) (path='/api/erp/import/batches/657a2004-52ea-4b1d-b61b-f5330a989f1d/', role='anonymous', method='GET')
----------------------------------------------------------------------
Traceback (most recent call last):
  File "/workspace/scratch/c7b51e996a9f/tmp/b02_candidate/source/erp/test_import_access.py", line 31, in test_new_four_routes_all_five_roles_and_nine_methods
    defects=checker.response_oracle(response,row,path,method,role,fixtures,'full');self.assertFalse(defects,defects)
                                                                                   ^^^^^^^^^^^^^^^^^^^^^^^^^^^^^^^^^
AssertionError: ([], 106) is not false : ([], 106)

======================================================================
FAIL: test_new_four_routes_all_five_roles_and_nine_methods (erp.test_import_access.ImportAccessMatrixTests.test_new_four_routes_all_five_roles_and_nine_methods) (path='/api/erp/import/batches/657a2004-52ea-4b1d-b61b-f5330a989f1d/', role='anonymous', method='HEAD')
----------------------------------------------------------------------
Traceback (most recent call last):
  File "/workspace/scratch/c7b51e996a9f/tmp/b02_candidate/source/erp/test_import_access.py", line 31, in test_new_four_routes_all_five_roles_and_nine_methods
    defects=checker.response_oracle(response,row,path,method,role,fixtures,'full');self.assertFalse(defects,defects)
                                                                                   ^^^^^^^^^^^^^^^^^^^^^^^^^^^^^^^^^
AssertionError: ([], 0) is not false : ([], 0)

======================================================================
FAIL: test_new_four_routes_all_five_roles_and_nine_methods (erp.test_import_access.ImportAccessMatrixTests.test_new_four_routes_all_five_roles_and_nine_methods) (path='/api/erp/import/batches/657a2004-52ea-4b1d-b61b-f5330a989f1d/', role='anonymous', method='OPTIONS')
----------------------------------------------------------------------
Traceback (most recent call last):
  File "/workspace/scratch/c7b51e996a9f/tmp/b02_candidate/source/erp/test_import_access.py", line 31, in test_new_four_routes_all_five_roles_and_nine_methods
    defects=checker.response_oracle(response,row,path,method,role,fixtures,'full');self.assertFalse(defects,defects)
                                                                                   ^^^^^^^^^^^^^^^^^^^^^^^^^^^^^^^^^
AssertionError: ([], 106) is not false : ([], 106)

======================================================================
FAIL: test_new_four_routes_all_five_roles_and_nine_methods (erp.test_import_access.ImportAccessMatrixTests.test_new_four_routes_all_five_roles_and_nine_methods) (path='/api/erp/import/batches/657a2004-52ea-4b1d-b61b-f5330a989f1d/', role='anonymous', method='POST')
----------------------------------------------------------------------
Traceback (most recent call last):
  File "/workspace/scratch/c7b51e996a9f/tmp/b02_candidate/source/erp/test_import_access.py", line 31, in test_new_four_routes_all_five_roles_and_nine_methods
    defects=checker.response_oracle(response,row,path,method,role,fixtures,'full');self.assertFalse(defects,defects)
                                                                                   ^^^^^^^^^^^^^^^^^^^^^^^^^^^^^^^^^
AssertionError: ([], 106) is not false : ([], 106)

======================================================================
FAIL: test_new_four_routes_all_five_roles_and_nine_methods (erp.test_import_access.ImportAccessMatrixTests.test_new_four_routes_all_five_roles_and_nine_methods) (path='/api/erp/import/batches/657a2004-52ea-4b1d-b61b-f5330a989f1d/', role='anonymous', method='PUT')
----------------------------------------------------------------------
Traceback (most recent call last):
  File "/workspace/scratch/c7b51e996a9f/tmp/b02_candidate/source/erp/test_import_access.py", line 31, in test_new_four_routes_all_five_roles_and_nine_methods
    defects=checker.response_oracle(response,row,path,method,role,fixtures,'full');self.assertFalse(defects,defects)
                                                                                   ^^^^^^^^^^^^^^^^^^^^^^^^^^^^^^^^^
AssertionError: ([], 106) is not false : ([], 106)

======================================================================
FAIL: test_new_four_routes_all_five_roles_and_nine_methods (erp.test_import_access.ImportAccessMatrixTests.test_new_four_routes_all_five_roles_and_nine_methods) (path='/api/erp/import/batches/657a2004-52ea-4b1d-b61b-f5330a989f1d/', role='anonymous', method='PATCH')
----------------------------------------------------------------------
Traceback (most recent call last):
  File "/workspace/scratch/c7b51e996a9f/tmp/b02_candidate/source/erp/test_import_access.py", line 31, in test_new_four_routes_all_five_roles_and_nine_methods
    defects=checker.response_oracle(response,row,path,method,role,fixtures,'full');self.assertFalse(defects,defects)
                                                                                   ^^^^^^^^^^^^^^^^^^^^^^^^^^^^^^^^^
AssertionError: ([], 106) is not false : ([], 106)

======================================================================
FAIL: test_new_four_routes_all_five_roles_and_nine_methods (erp.test_import_access.ImportAccessMatrixTests.test_new_four_routes_all_five_roles_and_nine_methods) (path='/api/erp/import/batches/657a2004-52ea-4b1d-b61b-f5330a989f1d/', role='anonymous', method='DELETE')
----------------------------------------------------------------------
Traceback (most recent call last):
  File "/workspace/scratch/c7b51e996a9f/tmp/b02_candidate/source/erp/test_import_access.py", line 31, in test_new_four_routes_all_five_roles_and_nine_methods
    defects=checker.response_oracle(response,row,path,method,role,fixtures,'full');self.assertFalse(defects,defects)
                                                                                   ^^^^^^^^^^^^^^^^^^^^^^^^^^^^^^^^^
AssertionError: ([], 106) is not false : ([], 106)

======================================================================
FAIL: test_new_four_routes_all_five_roles_and_nine_methods (erp.test_import_access.ImportAccessMatrixTests.test_new_four_routes_all_five_roles_and_nine_methods) (path='/api/erp/import/batches/657a2004-52ea-4b1d-b61b-f5330a989f1d/', role='anonymous', method='TRACE')
----------------------------------------------------------------------
Traceback (most recent call last):
  File "/workspace/scratch/c7b51e996a9f/tmp/b02_candidate/source/erp/test_import_access.py", line 31, in test_new_four_routes_all_five_roles_and_nine_methods
    defects=checker.response_oracle(response,row,path,method,role,fixtures,'full');self.assertFalse(defects,defects)
                                                                                   ^^^^^^^^^^^^^^^^^^^^^^^^^^^^^^^^^
AssertionError: ([], 106) is not false : ([], 106)

======================================================================
FAIL: test_new_four_routes_all_five_roles_and_nine_methods (erp.test_import_access.ImportAccessMatrixTests.test_new_four_routes_all_five_roles_and_nine_methods) (path='/api/erp/import/batches/657a2004-52ea-4b1d-b61b-f5330a989f1d/', role='anonymous', method='CONNECT')
----------------------------------------------------------------------
Traceback (most recent call last):
  File "/workspace/scratch/c7b51e996a9f/tmp/b02_candidate/source/erp/test_import_access.py", line 31, in test_new_four_routes_all_five_roles_and_nine_methods
    defects=checker.response_oracle(response,row,path,method,role,fixtures,'full');self.assertFalse(defects,defects)
                                                                                   ^^^^^^^^^^^^^^^^^^^^^^^^^^^^^^^^^
AssertionError: ([], 106) is not false : ([], 106)

======================================================================
FAIL: test_new_four_routes_all_five_roles_and_nine_methods (erp.test_import_access.ImportAccessMatrixTests.test_new_four_routes_all_five_roles_and_nine_methods) (path='/api/erp/import/batches/657a2004-52ea-4b1d-b61b-f5330a989f1d/', role='ceo', method='GET')
----------------------------------------------------------------------
Traceback (most recent call last):
  File "/workspace/scratch/c7b51e996a9f/tmp/b02_candidate/source/erp/test_import_access.py", line 31, in test_new_four_routes_all_five_roles_and_nine_methods
    defects=checker.response_oracle(response,row,path,method,role,fixtures,'full');self.assertFalse(defects,defects)
                                                                                   ^^^^^^^^^^^^^^^^^^^^^^^^^^^^^^^^^
AssertionError: ([], 3399) is not false : ([], 3399)

======================================================================
FAIL: test_new_four_routes_all_five_roles_and_nine_methods (erp.test_import_access.ImportAccessMatrixTests.test_new_four_routes_all_five_roles_and_nine_methods) (path='/api/erp/import/batches/657a2004-52ea-4b1d-b61b-f5330a989f1d/', role='ceo', method='HEAD')
----------------------------------------------------------------------
Traceback (most recent call last):
  File "/workspace/scratch/c7b51e996a9f/tmp/b02_candidate/source/erp/test_import_access.py", line 31, in test_new_four_routes_all_five_roles_and_nine_methods
    defects=checker.response_oracle(response,row,path,method,role,fixtures,'full');self.assertFalse(defects,defects)
                                                                                   ^^^^^^^^^^^^^^^^^^^^^^^^^^^^^^^^^
AssertionError: ([], 0) is not false : ([], 0)

======================================================================
FAIL: test_new_four_routes_all_five_roles_and_nine_methods (erp.test_import_access.ImportAccessMatrixTests.test_new_four_routes_all_five_roles_and_nine_methods) (path='/api/erp/import/batches/657a2004-52ea-4b1d-b61b-f5330a989f1d/', role='ceo', method='OPTIONS')
----------------------------------------------------------------------
Traceback (most recent call last):
  File "/workspace/scratch/c7b51e996a9f/tmp/b02_candidate/source/erp/test_import_access.py", line 31, in test_new_four_routes_all_five_roles_and_nine_methods
    defects=checker.response_oracle(response,row,path,method,role,fixtures,'full');self.assertFalse(defects,defects)
                                                                                   ^^^^^^^^^^^^^^^^^^^^^^^^^^^^^^^^^
AssertionError: ([], 0) is not false : ([], 0)

======================================================================
FAIL: test_new_four_routes_all_five_roles_and_nine_methods (erp.test_import_access.ImportAccessMatrixTests.test_new_four_routes_all_five_roles_and_nine_methods) (path='/api/erp/import/batches/657a2004-52ea-4b1d-b61b-f5330a989f1d/', role='ceo', method='POST')
----------------------------------------------------------------------
Traceback (most recent call last):
  File "/workspace/scratch/c7b51e996a9f/tmp/b02_candidate/source/erp/test_import_access.py", line 31, in test_new_four_routes_all_five_roles_and_nine_methods
    defects=checker.response_oracle(response,row,path,method,role,fixtures,'full');self.assertFalse(defects,defects)
                                                                                   ^^^^^^^^^^^^^^^^^^^^^^^^^^^^^^^^^
AssertionError: ([], 0) is not false : ([], 0)

======================================================================
FAIL: test_new_four_routes_all_five_roles_and_nine_methods (erp.test_import_access.ImportAccessMatrixTests.test_new_four_routes_all_five_roles_and_nine_methods) (path='/api/erp/import/batches/657a2004-52ea-4b1d-b61b-f5330a989f1d/', role='ceo', method='PUT')
----------------------------------------------------------------------
Traceback (most recent call last):
  File "/workspace/scratch/c7b51e996a9f/tmp/b02_candidate/source/erp/test_import_access.py", line 31, in test_new_four_routes_all_five_roles_and_nine_methods
    defects=checker.response_oracle(response,row,path,method,role,fixtures,'full');self.assertFalse(defects,defects)
                                                                                   ^^^^^^^^^^^^^^^^^^^^^^^^^^^^^^^^^
AssertionError: ([], 0) is not false : ([], 0)

======================================================================
FAIL: test_new_four_routes_all_five_roles_and_nine_methods (erp.test_import_access.ImportAccessMatrixTests.test_new_four_routes_all_five_roles_and_nine_methods) (path='/api/erp/import/batches/657a2004-52ea-4b1d-b61b-f5330a989f1d/', role='ceo', method='PATCH')
----------------------------------------------------------------------
Traceback (most recent call last):
  File "/workspace/scratch/c7b51e996a9f/tmp/b02_candidate/source/erp/test_import_access.py", line 31, in test_new_four_routes_all_five_roles_and_nine_methods
    defects=checker.response_oracle(response,row,path,method,role,fixtures,'full');self.assertFalse(defects,defects)
                                                                                   ^^^^^^^^^^^^^^^^^^^^^^^^^^^^^^^^^
AssertionError: ([], 0) is not false : ([], 0)

======================================================================
FAIL: test_new_four_routes_all_five_roles_and_nine_methods (erp.test_import_access.ImportAccessMatrixTests.test_new_four_routes_all_five_roles_and_nine_methods) (path='/api/erp/import/batches/657a2004-52ea-4b1d-b61b-f5330a989f1d/', role='ceo', method='DELETE')
----------------------------------------------------------------------
Traceback (most recent call last):
  File "/workspace/scratch/c7b51e996a9f/tmp/b02_candidate/source/erp/test_import_access.py", line 31, in test_new_four_routes_all_five_roles_and_nine_methods
    defects=checker.response_oracle(response,row,path,method,role,fixtures,'full');self.assertFalse(defects,defects)
                                                                                   ^^^^^^^^^^^^^^^^^^^^^^^^^^^^^^^^^
AssertionError: ([], 0) is not false : ([], 0)

======================================================================
FAIL: test_new_four_routes_all_five_roles_and_nine_methods (erp.test_import_access.ImportAccessMatrixTests.test_new_four_routes_all_five_roles_and_nine_methods) (path='/api/erp/import/batches/657a2004-52ea-4b1d-b61b-f5330a989f1d/', role='ceo', method='TRACE')
----------------------------------------------------------------------
Traceback (most recent call last):
  File "/workspace/scratch/c7b51e996a9f/tmp/b02_candidate/source/erp/test_import_access.py", line 31, in test_new_four_routes_all_five_roles_and_nine_methods
    defects=checker.response_oracle(response,row,path,method,role,fixtures,'full');self.assertFalse(defects,defects)
                                                                                   ^^^^^^^^^^^^^^^^^^^^^^^^^^^^^^^^^
AssertionError: ([], 0) is not false : ([], 0)

======================================================================
FAIL: test_new_four_routes_all_five_roles_and_nine_methods (erp.test_import_access.ImportAccessMatrixTests.test_new_four_routes_all_five_roles_and_nine_methods) (path='/api/erp/import/batches/657a2004-52ea-4b1d-b61b-f5330a989f1d/', role='ceo', method='CONNECT')
----------------------------------------------------------------------
Traceback (most recent call last):
  File "/workspace/scratch/c7b51e996a9f/tmp/b02_candidate/source/erp/test_import_access.py", line 31, in test_new_four_routes_all_five_roles_and_nine_methods
    defects=checker.response_oracle(response,row,path,method,role,fixtures,'full');self.assertFalse(defects,defects)
                                                                                   ^^^^^^^^^^^^^^^^^^^^^^^^^^^^^^^^^
AssertionError: ([], 0) is not false : ([], 0)

======================================================================
FAIL: test_new_four_routes_all_five_roles_and_nine_methods (erp.test_import_access.ImportAccessMatrixTests.test_new_four_routes_all_five_roles_and_nine_methods) (path='/api/erp/import/batches/657a2004-52ea-4b1d-b61b-f5330a989f1d/', role='manager', method='GET')
----------------------------------------------------------------------
Traceback (most recent call last):
  File "/workspace/scratch/c7b51e996a9f/tmp/b02_candidate/source/erp/test_import_access.py", line 31, in test_new_four_routes_all_five_roles_and_nine_methods
    defects=checker.response_oracle(response,row,path,method,role,fixtures,'full');self.assertFalse(defects,defects)
                                                                                   ^^^^^^^^^^^^^^^^^^^^^^^^^^^^^^^^^
AssertionError: ([], 258) is not false : ([], 258)

======================================================================
FAIL: test_new_four_routes_all_five_roles_and_nine_methods (erp.test_import_access.ImportAccessMatrixTests.test_new_four_routes_all_five_roles_and_nine_methods) (path='/api/erp/import/batches/657a2004-52ea-4b1d-b61b-f5330a989f1d/', role='manager', method='HEAD')
----------------------------------------------------------------------
Traceback (most recent call last):
  File "/workspace/scratch/c7b51e996a9f/tmp/b02_candidate/source/erp/test_import_access.py", line 31, in test_new_four_routes_all_five_roles_and_nine_methods
    defects=checker.response_oracle(response,row,path,method,role,fixtures,'full');self.assertFalse(defects,defects)
                                                                                   ^^^^^^^^^^^^^^^^^^^^^^^^^^^^^^^^^
AssertionError: ([], 0) is not false : ([], 0)

======================================================================
FAIL: test_new_four_routes_all_five_roles_and_nine_methods (erp.test_import_access.ImportAccessMatrixTests.test_new_four_routes_all_five_roles_and_nine_methods) (path='/api/erp/import/batches/657a2004-52ea-4b1d-b61b-f5330a989f1d/', role='manager', method='OPTIONS')
----------------------------------------------------------------------
Traceback (most recent call last):
  File "/workspace/scratch/c7b51e996a9f/tmp/b02_candidate/source/erp/test_import_access.py", line 31, in test_new_four_routes_all_five_roles_and_nine_methods
    defects=checker.response_oracle(response,row,path,method,role,fixtures,'full');self.assertFalse(defects,defects)
                                                                                   ^^^^^^^^^^^^^^^^^^^^^^^^^^^^^^^^^
AssertionError: ([], 0) is not false : ([], 0)

======================================================================
FAIL: test_new_four_routes_all_five_roles_and_nine_methods (erp.test_import_access.ImportAccessMatrixTests.test_new_four_routes_all_five_roles_and_nine_methods) (path='/api/erp/import/batches/657a2004-52ea-4b1d-b61b-f5330a989f1d/', role='manager', method='POST')
----------------------------------------------------------------------
Traceback (most recent call last):
  File "/workspace/scratch/c7b51e996a9f/tmp/b02_candidate/source/erp/test_import_access.py", line 31, in test_new_four_routes_all_five_roles_and_nine_methods
    defects=checker.response_oracle(response,row,path,method,role,fixtures,'full');self.assertFalse(defects,defects)
                                                                                   ^^^^^^^^^^^^^^^^^^^^^^^^^^^^^^^^^
AssertionError: ([], 0) is not false : ([], 0)

======================================================================
FAIL: test_new_four_routes_all_five_roles_and_nine_methods (erp.test_import_access.ImportAccessMatrixTests.test_new_four_routes_all_five_roles_and_nine_methods) (path='/api/erp/import/batches/657a2004-52ea-4b1d-b61b-f5330a989f1d/', role='manager', method='PUT')
----------------------------------------------------------------------
Traceback (most recent call last):
  File "/workspace/scratch/c7b51e996a9f/tmp/b02_candidate/source/erp/test_import_access.py", line 31, in test_new_four_routes_all_five_roles_and_nine_methods
    defects=checker.response_oracle(response,row,path,method,role,fixtures,'full');self.assertFalse(defects,defects)
                                                                                   ^^^^^^^^^^^^^^^^^^^^^^^^^^^^^^^^^
AssertionError: ([], 0) is not false : ([], 0)

======================================================================
FAIL: test_new_four_routes_all_five_roles_and_nine_methods (erp.test_import_access.ImportAccessMatrixTests.test_new_four_routes_all_five_roles_and_nine_methods) (path='/api/erp/import/batches/657a2004-52ea-4b1d-b61b-f5330a989f1d/', role='manager', method='PATCH')
----------------------------------------------------------------------
Traceback (most recent call last):
  File "/workspace/scratch/c7b51e996a9f/tmp/b02_candidate/source/erp/test_import_access.py", line 31, in test_new_four_routes_all_five_roles_and_nine_methods
    defects=checker.response_oracle(response,row,path,method,role,fixtures,'full');self.assertFalse(defects,defects)
                                                                                   ^^^^^^^^^^^^^^^^^^^^^^^^^^^^^^^^^
AssertionError: ([], 0) is not false : ([], 0)

======================================================================
FAIL: test_new_four_routes_all_five_roles_and_nine_methods (erp.test_import_access.ImportAccessMatrixTests.test_new_four_routes_all_five_roles_and_nine_methods) (path='/api/erp/import/batches/657a2004-52ea-4b1d-b61b-f5330a989f1d/', role='manager', method='DELETE')
----------------------------------------------------------------------
Traceback (most recent call last):
  File "/workspace/scratch/c7b51e996a9f/tmp/b02_candidate/source/erp/test_import_access.py", line 31, in test_new_four_routes_all_five_roles_and_nine_methods
    defects=checker.response_oracle(response,row,path,method,role,fixtures,'full');self.assertFalse(defects,defects)
                                                                                   ^^^^^^^^^^^^^^^^^^^^^^^^^^^^^^^^^
AssertionError: ([], 0) is not false : ([], 0)

======================================================================
FAIL: test_new_four_routes_all_five_roles_and_nine_methods (erp.test_import_access.ImportAccessMatrixTests.test_new_four_routes_all_five_roles_and_nine_methods) (path='/api/erp/import/batches/657a2004-52ea-4b1d-b61b-f5330a989f1d/', role='manager', method='TRACE')
----------------------------------------------------------------------
Traceback (most recent call last):
  File "/workspace/scratch/c7b51e996a9f/tmp/b02_candidate/source/erp/test_import_access.py", line 31, in test_new_four_routes_all_five_roles_and_nine_methods
    defects=checker.response_oracle(response,row,path,method,role,fixtures,'full');self.assertFalse(defects,defects)
                                                                                   ^^^^^^^^^^^^^^^^^^^^^^^^^^^^^^^^^
AssertionError: ([], 0) is not false : ([], 0)

======================================================================
FAIL: test_new_four_routes_all_five_roles_and_nine_methods (erp.test_import_access.ImportAccessMatrixTests.test_new_four_routes_all_five_roles_and_nine_methods) (path='/api/erp/import/batches/657a2004-52ea-4b1d-b61b-f5330a989f1d/', role='manager', method='CONNECT')
----------------------------------------------------------------------
Traceback (most recent call last):
  File "/workspace/scratch/c7b51e996a9f/tmp/b02_candidate/source/erp/test_import_access.py", line 31, in test_new_four_routes_all_five_roles_and_nine_methods
    defects=checker.response_oracle(response,row,path,method,role,fixtures,'full');self.assertFalse(defects,defects)
                                                                                   ^^^^^^^^^^^^^^^^^^^^^^^^^^^^^^^^^
AssertionError: ([], 0) is not false : ([], 0)

======================================================================
FAIL: test_new_four_routes_all_five_roles_and_nine_methods (erp.test_import_access.ImportAccessMatrixTests.test_new_four_routes_all_five_roles_and_nine_methods) (path='/api/erp/import/batches/657a2004-52ea-4b1d-b61b-f5330a989f1d/', role='observer', method='GET')
----------------------------------------------------------------------
Traceback (most recent call last):
  File "/workspace/scratch/c7b51e996a9f/tmp/b02_candidate/source/erp/test_import_access.py", line 31, in test_new_four_routes_all_five_roles_and_nine_methods
    defects=checker.response_oracle(response,row,path,method,role,fixtures,'full');self.assertFalse(defects,defects)
                                                                                   ^^^^^^^^^^^^^^^^^^^^^^^^^^^^^^^^^
AssertionError: ([], 258) is not false : ([], 258)

======================================================================
FAIL: test_new_four_routes_all_five_roles_and_nine_methods (erp.test_import_access.ImportAccessMatrixTests.test_new_four_routes_all_five_roles_and_nine_methods) (path='/api/erp/import/batches/657a2004-52ea-4b1d-b61b-f5330a989f1d/', role='observer', method='HEAD')
----------------------------------------------------------------------
Traceback (most recent call last):
  File "/workspace/scratch/c7b51e996a9f/tmp/b02_candidate/source/erp/test_import_access.py", line 31, in test_new_four_routes_all_five_roles_and_nine_methods
    defects=checker.response_oracle(response,row,path,method,role,fixtures,'full');self.assertFalse(defects,defects)
                                                                                   ^^^^^^^^^^^^^^^^^^^^^^^^^^^^^^^^^
AssertionError: ([], 0) is not false : ([], 0)

======================================================================
FAIL: test_new_four_routes_all_five_roles_and_nine_methods (erp.test_import_access.ImportAccessMatrixTests.test_new_four_routes_all_five_roles_and_nine_methods) (path='/api/erp/import/batches/657a2004-52ea-4b1d-b61b-f5330a989f1d/', role='observer', method='OPTIONS')
----------------------------------------------------------------------
Traceback (most recent call last):
  File "/workspace/scratch/c7b51e996a9f/tmp/b02_candidate/source/erp/test_import_access.py", line 31, in test_new_four_routes_all_five_roles_and_nine_methods
    defects=checker.response_oracle(response,row,path,method,role,fixtures,'full');self.assertFalse(defects,defects)
                                                                                   ^^^^^^^^^^^^^^^^^^^^^^^^^^^^^^^^^
AssertionError: ([], 0) is not false : ([], 0)

======================================================================
FAIL: test_new_four_routes_all_five_roles_and_nine_methods (erp.test_import_access.ImportAccessMatrixTests.test_new_four_routes_all_five_roles_and_nine_methods) (path='/api/erp/import/batches/657a2004-52ea-4b1d-b61b-f5330a989f1d/', role='observer', method='POST')
----------------------------------------------------------------------
Traceback (most recent call last):
  File "/workspace/scratch/c7b51e996a9f/tmp/b02_candidate/source/erp/test_import_access.py", line 31, in test_new_four_routes_all_five_roles_and_nine_methods
    defects=checker.response_oracle(response,row,path,method,role,fixtures,'full');self.assertFalse(defects,defects)
                                                                                   ^^^^^^^^^^^^^^^^^^^^^^^^^^^^^^^^^
AssertionError: ([], 210) is not false : ([], 210)

======================================================================
FAIL: test_new_four_routes_all_five_roles_and_nine_methods (erp.test_import_access.ImportAccessMatrixTests.test_new_four_routes_all_five_roles_and_nine_methods) (path='/api/erp/import/batches/657a2004-52ea-4b1d-b61b-f5330a989f1d/', role='observer', method='PUT')
----------------------------------------------------------------------
Traceback (most recent call last):
  File "/workspace/scratch/c7b51e996a9f/tmp/b02_candidate/source/erp/test_import_access.py", line 31, in test_new_four_routes_all_five_roles_and_nine_methods
    defects=checker.response_oracle(response,row,path,method,role,fixtures,'full');self.assertFalse(defects,defects)
                                                                                   ^^^^^^^^^^^^^^^^^^^^^^^^^^^^^^^^^
AssertionError: ([], 210) is not false : ([], 210)

======================================================================
FAIL: test_new_four_routes_all_five_roles_and_nine_methods (erp.test_import_access.ImportAccessMatrixTests.test_new_four_routes_all_five_roles_and_nine_methods) (path='/api/erp/import/batches/657a2004-52ea-4b1d-b61b-f5330a989f1d/', role='observer', method='PATCH')
----------------------------------------------------------------------
Traceback (most recent call last):
  File "/workspace/scratch/c7b51e996a9f/tmp/b02_candidate/source/erp/test_import_access.py", line 31, in test_new_four_routes_all_five_roles_and_nine_methods
    defects=checker.response_oracle(response,row,path,method,role,fixtures,'full');self.assertFalse(defects,defects)
                                                                                   ^^^^^^^^^^^^^^^^^^^^^^^^^^^^^^^^^
AssertionError: ([], 210) is not false : ([], 210)

======================================================================
FAIL: test_new_four_routes_all_five_roles_and_nine_methods (erp.test_import_access.ImportAccessMatrixTests.test_new_four_routes_all_five_roles_and_nine_methods) (path='/api/erp/import/batches/657a2004-52ea-4b1d-b61b-f5330a989f1d/', role='observer', method='DELETE')
----------------------------------------------------------------------
Traceback (most recent call last):
  File "/workspace/scratch/c7b51e996a9f/tmp/b02_candidate/source/erp/test_import_access.py", line 31, in test_new_four_routes_all_five_roles_and_nine_methods
    defects=checker.response_oracle(response,row,path,method,role,fixtures,'full');self.assertFalse(defects,defects)
                                                                                   ^^^^^^^^^^^^^^^^^^^^^^^^^^^^^^^^^
AssertionError: ([], 210) is not false : ([], 210)

======================================================================
FAIL: test_new_four_routes_all_five_roles_and_nine_methods (erp.test_import_access.ImportAccessMatrixTests.test_new_four_routes_all_five_roles_and_nine_methods) (path='/api/erp/import/batches/657a2004-52ea-4b1d-b61b-f5330a989f1d/', role='observer', method='TRACE')
----------------------------------------------------------------------
Traceback (most recent call last):
  File "/workspace/scratch/c7b51e996a9f/tmp/b02_candidate/source/erp/test_import_access.py", line 31, in test_new_four_routes_all_five_roles_and_nine_methods
    defects=checker.response_oracle(response,row,path,method,role,fixtures,'full');self.assertFalse(defects,defects)
                                                                                   ^^^^^^^^^^^^^^^^^^^^^^^^^^^^^^^^^
AssertionError: ([], 210) is not false : ([], 210)

======================================================================
FAIL: test_new_four_routes_all_five_roles_and_nine_methods (erp.test_import_access.ImportAccessMatrixTests.test_new_four_routes_all_five_roles_and_nine_methods) (path='/api/erp/import/batches/657a2004-52ea-4b1d-b61b-f5330a989f1d/', role='observer', method='CONNECT')
----------------------------------------------------------------------
Traceback (most recent call last):
  File "/workspace/scratch/c7b51e996a9f/tmp/b02_candidate/source/erp/test_import_access.py", line 31, in test_new_four_routes_all_five_roles_and_nine_methods
    defects=checker.response_oracle(response,row,path,method,role,fixtures,'full');self.assertFalse(defects,defects)
                                                                                   ^^^^^^^^^^^^^^^^^^^^^^^^^^^^^^^^^
AssertionError: ([], 210) is not false : ([], 210)

======================================================================
FAIL: test_new_four_routes_all_five_roles_and_nine_methods (erp.test_import_access.ImportAccessMatrixTests.test_new_four_routes_all_five_roles_and_nine_methods) (path='/api/erp/import/batches/657a2004-52ea-4b1d-b61b-f5330a989f1d/', role='technical_admin', method='GET')
----------------------------------------------------------------------
Traceback (most recent call last):
  File "/workspace/scratch/c7b51e996a9f/tmp/b02_candidate/source/erp/test_import_access.py", line 31, in test_new_four_routes_all_five_roles_and_nine_methods
    defects=checker.response_oracle(response,row,path,method,role,fixtures,'full');self.assertFalse(defects,defects)
                                                                                   ^^^^^^^^^^^^^^^^^^^^^^^^^^^^^^^^^
AssertionError: ([], 321) is not false : ([], 321)

======================================================================
FAIL: test_new_four_routes_all_five_roles_and_nine_methods (erp.test_import_access.ImportAccessMatrixTests.test_new_four_routes_all_five_roles_and_nine_methods) (path='/api/erp/import/batches/657a2004-52ea-4b1d-b61b-f5330a989f1d/', role='technical_admin', method='HEAD')
----------------------------------------------------------------------
Traceback (most recent call last):
  File "/workspace/scratch/c7b51e996a9f/tmp/b02_candidate/source/erp/test_import_access.py", line 31, in test_new_four_routes_all_five_roles_and_nine_methods
    defects=checker.response_oracle(response,row,path,method,role,fixtures,'full');self.assertFalse(defects,defects)
                                                                                   ^^^^^^^^^^^^^^^^^^^^^^^^^^^^^^^^^
AssertionError: ([], 0) is not false : ([], 0)

======================================================================
FAIL: test_new_four_routes_all_five_roles_and_nine_methods (erp.test_import_access.ImportAccessMatrixTests.test_new_four_routes_all_five_roles_and_nine_methods) (path='/api/erp/import/batches/657a2004-52ea-4b1d-b61b-f5330a989f1d/', role='technical_admin', method='OPTIONS')
----------------------------------------------------------------------
Traceback (most recent call last):
  File "/workspace/scratch/c7b51e996a9f/tmp/b02_candidate/source/erp/test_import_access.py", line 31, in test_new_four_routes_all_five_roles_and_nine_methods
    defects=checker.response_oracle(response,row,path,method,role,fixtures,'full');self.assertFalse(defects,defects)
                                                                                   ^^^^^^^^^^^^^^^^^^^^^^^^^^^^^^^^^
AssertionError: ([], 321) is not false : ([], 321)

======================================================================
FAIL: test_new_four_routes_all_five_roles_and_nine_methods (erp.test_import_access.ImportAccessMatrixTests.test_new_four_routes_all_five_roles_and_nine_methods) (path='/api/erp/import/batches/657a2004-52ea-4b1d-b61b-f5330a989f1d/', role='technical_admin', method='POST')
----------------------------------------------------------------------
Traceback (most recent call last):
  File "/workspace/scratch/c7b51e996a9f/tmp/b02_candidate/source/erp/test_import_access.py", line 31, in test_new_four_routes_all_five_roles_and_nine_methods
    defects=checker.response_oracle(response,row,path,method,role,fixtures,'full');self.assertFalse(defects,defects)
                                                                                   ^^^^^^^^^^^^^^^^^^^^^^^^^^^^^^^^^
AssertionError: ([], 321) is not false : ([], 321)

======================================================================
FAIL: test_new_four_routes_all_five_roles_and_nine_methods (erp.test_import_access.ImportAccessMatrixTests.test_new_four_routes_all_five_roles_and_nine_methods) (path='/api/erp/import/batches/657a2004-52ea-4b1d-b61b-f5330a989f1d/', role='technical_admin', method='PUT')
----------------------------------------------------------------------
Traceback (most recent call last):
  File "/workspace/scratch/c7b51e996a9f/tmp/b02_candidate/source/erp/test_import_access.py", line 31, in test_new_four_routes_all_five_roles_and_nine_methods
    defects=checker.response_oracle(response,row,path,method,role,fixtures,'full');self.assertFalse(defects,defects)
                                                                                   ^^^^^^^^^^^^^^^^^^^^^^^^^^^^^^^^^
AssertionError: ([], 321) is not false : ([], 321)

======================================================================
FAIL: test_new_four_routes_all_five_roles_and_nine_methods (erp.test_import_access.ImportAccessMatrixTests.test_new_four_routes_all_five_roles_and_nine_methods) (path='/api/erp/import/batches/657a2004-52ea-4b1d-b61b-f5330a989f1d/', role='technical_admin', method='PATCH')
----------------------------------------------------------------------
Traceback (most recent call last):
  File "/workspace/scratch/c7b51e996a9f/tmp/b02_candidate/source/erp/test_import_access.py", line 31, in test_new_four_routes_all_five_roles_and_nine_methods
    defects=checker.response_oracle(response,row,path,method,role,fixtures,'full');self.assertFalse(defects,defects)
                                                                                   ^^^^^^^^^^^^^^^^^^^^^^^^^^^^^^^^^
AssertionError: ([], 321) is not false : ([], 321)

======================================================================
FAIL: test_new_four_routes_all_five_roles_and_nine_methods (erp.test_import_access.ImportAccessMatrixTests.test_new_four_routes_all_five_roles_and_nine_methods) (path='/api/erp/import/batches/657a2004-52ea-4b1d-b61b-f5330a989f1d/', role='technical_admin', method='DELETE')
----------------------------------------------------------------------
Traceback (most recent call last):
  File "/workspace/scratch/c7b51e996a9f/tmp/b02_candidate/source/erp/test_import_access.py", line 31, in test_new_four_routes_all_five_roles_and_nine_methods
    defects=checker.response_oracle(response,row,path,method,role,fixtures,'full');self.assertFalse(defects,defects)
                                                                                   ^^^^^^^^^^^^^^^^^^^^^^^^^^^^^^^^^
AssertionError: ([], 321) is not false : ([], 321)

======================================================================
FAIL: test_new_four_routes_all_five_roles_and_nine_methods (erp.test_import_access.ImportAccessMatrixTests.test_new_four_routes_all_five_roles_and_nine_methods) (path='/api/erp/import/batches/657a2004-52ea-4b1d-b61b-f5330a989f1d/', role='technical_admin', method='TRACE')
----------------------------------------------------------------------
Traceback (most recent call last):
  File "/workspace/scratch/c7b51e996a9f/tmp/b02_candidate/source/erp/test_import_access.py", line 31, in test_new_four_routes_all_five_roles_and_nine_methods
    defects=checker.response_oracle(response,row,path,method,role,fixtures,'full');self.assertFalse(defects,defects)
                                                                                   ^^^^^^^^^^^^^^^^^^^^^^^^^^^^^^^^^
AssertionError: ([], 321) is not false : ([], 321)

======================================================================
FAIL: test_new_four_routes_all_five_roles_and_nine_methods (erp.test_import_access.ImportAccessMatrixTests.test_new_four_routes_all_five_roles_and_nine_methods) (path='/api/erp/import/batches/657a2004-52ea-4b1d-b61b-f5330a989f1d/', role='technical_admin', method='CONNECT')
----------------------------------------------------------------------
Traceback (most recent call last):
  File "/workspace/scratch/c7b51e996a9f/tmp/b02_candidate/source/erp/test_import_access.py", line 31, in test_new_four_routes_all_five_roles_and_nine_methods
    defects=checker.response_oracle(response,row,path,method,role,fixtures,'full');self.assertFalse(defects,defects)
                                                                                   ^^^^^^^^^^^^^^^^^^^^^^^^^^^^^^^^^
AssertionError: ([], 321) is not false : ([], 321)

======================================================================
FAIL: test_new_four_routes_all_five_roles_and_nine_methods (erp.test_import_access.ImportAccessMatrixTests.test_new_four_routes_all_five_roles_and_nine_methods) (path='/api/erp/import/batches/657a2004-52ea-4b1d-b61b-f5330a989f1d/export/', role='anonymous', method='GET')
----------------------------------------------------------------------
Traceback (most recent call last):
  File "/workspace/scratch/c7b51e996a9f/tmp/b02_candidate/source/erp/test_import_access.py", line 31, in test_new_four_routes_all_five_roles_and_nine_methods
    defects=checker.response_oracle(response,row,path,method,role,fixtures,'full');self.assertFalse(defects,defects)
                                                                                   ^^^^^^^^^^^^^^^^^^^^^^^^^^^^^^^^^
AssertionError: ([], 106) is not false : ([], 106)

======================================================================
FAIL: test_new_four_routes_all_five_roles_and_nine_methods (erp.test_import_access.ImportAccessMatrixTests.test_new_four_routes_all_five_roles_and_nine_methods) (path='/api/erp/import/batches/657a2004-52ea-4b1d-b61b-f5330a989f1d/export/', role='anonymous', method='HEAD')
----------------------------------------------------------------------
Traceback (most recent call last):
  File "/workspace/scratch/c7b51e996a9f/tmp/b02_candidate/source/erp/test_import_access.py", line 31, in test_new_four_routes_all_five_roles_and_nine_methods
    defects=checker.response_oracle(response,row,path,method,role,fixtures,'full');self.assertFalse(defects,defects)
                                                                                   ^^^^^^^^^^^^^^^^^^^^^^^^^^^^^^^^^
AssertionError: ([], 0) is not false : ([], 0)

======================================================================
FAIL: test_new_four_routes_all_five_roles_and_nine_methods (erp.test_import_access.ImportAccessMatrixTests.test_new_four_routes_all_five_roles_and_nine_methods) (path='/api/erp/import/batches/657a2004-52ea-4b1d-b61b-f5330a989f1d/export/', role='anonymous', method='OPTIONS')
----------------------------------------------------------------------
Traceback (most recent call last):
  File "/workspace/scratch/c7b51e996a9f/tmp/b02_candidate/source/erp/test_import_access.py", line 31, in test_new_four_routes_all_five_roles_and_nine_methods
    defects=checker.response_oracle(response,row,path,method,role,fixtures,'full');self.assertFalse(defects,defects)
                                                                                   ^^^^^^^^^^^^^^^^^^^^^^^^^^^^^^^^^
AssertionError: ([], 106) is not false : ([], 106)

======================================================================
FAIL: test_new_four_routes_all_five_roles_and_nine_methods (erp.test_import_access.ImportAccessMatrixTests.test_new_four_routes_all_five_roles_and_nine_methods) (path='/api/erp/import/batches/657a2004-52ea-4b1d-b61b-f5330a989f1d/export/', role='anonymous', method='POST')
----------------------------------------------------------------------
Traceback (most recent call last):
  File "/workspace/scratch/c7b51e996a9f/tmp/b02_candidate/source/erp/test_import_access.py", line 31, in test_new_four_routes_all_five_roles_and_nine_methods
    defects=checker.response_oracle(response,row,path,method,role,fixtures,'full');self.assertFalse(defects,defects)
                                                                                   ^^^^^^^^^^^^^^^^^^^^^^^^^^^^^^^^^
AssertionError: ([], 106) is not false : ([], 106)

======================================================================
FAIL: test_new_four_routes_all_five_roles_and_nine_methods (erp.test_import_access.ImportAccessMatrixTests.test_new_four_routes_all_five_roles_and_nine_methods) (path='/api/erp/import/batches/657a2004-52ea-4b1d-b61b-f5330a989f1d/export/', role='anonymous', method='PUT')
----------------------------------------------------------------------
Traceback (most recent call last):
  File "/workspace/scratch/c7b51e996a9f/tmp/b02_candidate/source/erp/test_import_access.py", line 31, in test_new_four_routes_all_five_roles_and_nine_methods
    defects=checker.response_oracle(response,row,path,method,role,fixtures,'full');self.assertFalse(defects,defects)
                                                                                   ^^^^^^^^^^^^^^^^^^^^^^^^^^^^^^^^^
AssertionError: ([], 106) is not false : ([], 106)

======================================================================
FAIL: test_new_four_routes_all_five_roles_and_nine_methods (erp.test_import_access.ImportAccessMatrixTests.test_new_four_routes_all_five_roles_and_nine_methods) (path='/api/erp/import/batches/657a2004-52ea-4b1d-b61b-f5330a989f1d/export/', role='anonymous', method='PATCH')
----------------------------------------------------------------------
Traceback (most recent call last):
  File "/workspace/scratch/c7b51e996a9f/tmp/b02_candidate/source/erp/test_import_access.py", line 31, in test_new_four_routes_all_five_roles_and_nine_methods
    defects=checker.response_oracle(response,row,path,method,role,fixtures,'full');self.assertFalse(defects,defects)
                                                                                   ^^^^^^^^^^^^^^^^^^^^^^^^^^^^^^^^^
AssertionError: ([], 106) is not false : ([], 106)

======================================================================
FAIL: test_new_four_routes_all_five_roles_and_nine_methods (erp.test_import_access.ImportAccessMatrixTests.test_new_four_routes_all_five_roles_and_nine_methods) (path='/api/erp/import/batches/657a2004-52ea-4b1d-b61b-f5330a989f1d/export/', role='anonymous', method='DELETE')
----------------------------------------------------------------------
Traceback (most recent call last):
  File "/workspace/scratch/c7b51e996a9f/tmp/b02_candidate/source/erp/test_import_access.py", line 31, in test_new_four_routes_all_five_roles_and_nine_methods
    defects=checker.response_oracle(response,row,path,method,role,fixtures,'full');self.assertFalse(defects,defects)
                                                                                   ^^^^^^^^^^^^^^^^^^^^^^^^^^^^^^^^^
AssertionError: ([], 106) is not false : ([], 106)

======================================================================
FAIL: test_new_four_routes_all_five_roles_and_nine_methods (erp.test_import_access.ImportAccessMatrixTests.test_new_four_routes_all_five_roles_and_nine_methods) (path='/api/erp/import/batches/657a2004-52ea-4b1d-b61b-f5330a989f1d/export/', role='anonymous', method='TRACE')
----------------------------------------------------------------------
Traceback (most recent call last):
  File "/workspace/scratch/c7b51e996a9f/tmp/b02_candidate/source/erp/test_import_access.py", line 31, in test_new_four_routes_all_five_roles_and_nine_methods
    defects=checker.response_oracle(response,row,path,method,role,fixtures,'full');self.assertFalse(defects,defects)
                                                                                   ^^^^^^^^^^^^^^^^^^^^^^^^^^^^^^^^^
AssertionError: ([], 106) is not false : ([], 106)

======================================================================
FAIL: test_new_four_routes_all_five_roles_and_nine_methods (erp.test_import_access.ImportAccessMatrixTests.test_new_four_routes_all_five_roles_and_nine_methods) (path='/api/erp/import/batches/657a2004-52ea-4b1d-b61b-f5330a989f1d/export/', role='anonymous', method='CONNECT')
----------------------------------------------------------------------
Traceback (most recent call last):
  File "/workspace/scratch/c7b51e996a9f/tmp/b02_candidate/source/erp/test_import_access.py", line 31, in test_new_four_routes_all_five_roles_and_nine_methods
    defects=checker.response_oracle(response,row,path,method,role,fixtures,'full');self.assertFalse(defects,defects)
                                                                                   ^^^^^^^^^^^^^^^^^^^^^^^^^^^^^^^^^
AssertionError: ([], 106) is not false : ([], 106)

======================================================================
FAIL: test_new_four_routes_all_five_roles_and_nine_methods (erp.test_import_access.ImportAccessMatrixTests.test_new_four_routes_all_five_roles_and_nine_methods) (path='/api/erp/import/batches/657a2004-52ea-4b1d-b61b-f5330a989f1d/export/', role='ceo', method='GET')
----------------------------------------------------------------------
Traceback (most recent call last):
  File "/workspace/scratch/c7b51e996a9f/tmp/b02_candidate/source/erp/test_import_access.py", line 31, in test_new_four_routes_all_five_roles_and_nine_methods
    defects=checker.response_oracle(response,row,path,method,role,fixtures,'full');self.assertFalse(defects,defects)
                                                                                   ^^^^^^^^^^^^^^^^^^^^^^^^^^^^^^^^^
AssertionError: ([], 6393) is not false : ([], 6393)

======================================================================
FAIL: test_new_four_routes_all_five_roles_and_nine_methods (erp.test_import_access.ImportAccessMatrixTests.test_new_four_routes_all_five_roles_and_nine_methods) (path='/api/erp/import/batches/657a2004-52ea-4b1d-b61b-f5330a989f1d/export/', role='ceo', method='HEAD')
----------------------------------------------------------------------
Traceback (most recent call last):
  File "/workspace/scratch/c7b51e996a9f/tmp/b02_candidate/source/erp/test_import_access.py", line 31, in test_new_four_routes_all_five_roles_and_nine_methods
    defects=checker.response_oracle(response,row,path,method,role,fixtures,'full');self.assertFalse(defects,defects)
                                                                                   ^^^^^^^^^^^^^^^^^^^^^^^^^^^^^^^^^
AssertionError: ([], 0) is not false : ([], 0)

======================================================================
FAIL: test_new_four_routes_all_five_roles_and_nine_methods (erp.test_import_access.ImportAccessMatrixTests.test_new_four_routes_all_five_roles_and_nine_methods) (path='/api/erp/import/batches/657a2004-52ea-4b1d-b61b-f5330a989f1d/export/', role='ceo', method='OPTIONS')
----------------------------------------------------------------------
Traceback (most recent call last):
  File "/workspace/scratch/c7b51e996a9f/tmp/b02_candidate/source/erp/test_import_access.py", line 31, in test_new_four_routes_all_five_roles_and_nine_methods
    defects=checker.response_oracle(response,row,path,method,role,fixtures,'full');self.assertFalse(defects,defects)
                                                                                   ^^^^^^^^^^^^^^^^^^^^^^^^^^^^^^^^^
AssertionError: ([], 0) is not false : ([], 0)

======================================================================
FAIL: test_new_four_routes_all_five_roles_and_nine_methods (erp.test_import_access.ImportAccessMatrixTests.test_new_four_routes_all_five_roles_and_nine_methods) (path='/api/erp/import/batches/657a2004-52ea-4b1d-b61b-f5330a989f1d/export/', role='ceo', method='POST')
----------------------------------------------------------------------
Traceback (most recent call last):
  File "/workspace/scratch/c7b51e996a9f/tmp/b02_candidate/source/erp/test_import_access.py", line 31, in test_new_four_routes_all_five_roles_and_nine_methods
    defects=checker.response_oracle(response,row,path,method,role,fixtures,'full');self.assertFalse(defects,defects)
                                                                                   ^^^^^^^^^^^^^^^^^^^^^^^^^^^^^^^^^
AssertionError: ([], 0) is not false : ([], 0)

======================================================================
FAIL: test_new_four_routes_all_five_roles_and_nine_methods (erp.test_import_access.ImportAccessMatrixTests.test_new_four_routes_all_five_roles_and_nine_methods) (path='/api/erp/import/batches/657a2004-52ea-4b1d-b61b-f5330a989f1d/export/', role='ceo', method='PUT')
----------------------------------------------------------------------
Traceback (most recent call last):
  File "/workspace/scratch/c7b51e996a9f/tmp/b02_candidate/source/erp/test_import_access.py", line 31, in test_new_four_routes_all_five_roles_and_nine_methods
    defects=checker.response_oracle(response,row,path,method,role,fixtures,'full');self.assertFalse(defects,defects)
                                                                                   ^^^^^^^^^^^^^^^^^^^^^^^^^^^^^^^^^
AssertionError: ([], 0) is not false : ([], 0)

======================================================================
FAIL: test_new_four_routes_all_five_roles_and_nine_methods (erp.test_import_access.ImportAccessMatrixTests.test_new_four_routes_all_five_roles_and_nine_methods) (path='/api/erp/import/batches/657a2004-52ea-4b1d-b61b-f5330a989f1d/export/', role='ceo', method='PATCH')
----------------------------------------------------------------------
Traceback (most recent call last):
  File "/workspace/scratch/c7b51e996a9f/tmp/b02_candidate/source/erp/test_import_access.py", line 31, in test_new_four_routes_all_five_roles_and_nine_methods
    defects=checker.response_oracle(response,row,path,method,role,fixtures,'full');self.assertFalse(defects,defects)
                                                                                   ^^^^^^^^^^^^^^^^^^^^^^^^^^^^^^^^^
AssertionError: ([], 0) is not false : ([], 0)

======================================================================
FAIL: test_new_four_routes_all_five_roles_and_nine_methods (erp.test_import_access.ImportAccessMatrixTests.test_new_four_routes_all_five_roles_and_nine_methods) (path='/api/erp/import/batches/657a2004-52ea-4b1d-b61b-f5330a989f1d/export/', role='ceo', method='DELETE')
----------------------------------------------------------------------
Traceback (most recent call last):
  File "/workspace/scratch/c7b51e996a9f/tmp/b02_candidate/source/erp/test_import_access.py", line 31, in test_new_four_routes_all_five_roles_and_nine_methods
    defects=checker.response_oracle(response,row,path,method,role,fixtures,'full');self.assertFalse(defects,defects)
                                                                                   ^^^^^^^^^^^^^^^^^^^^^^^^^^^^^^^^^
AssertionError: ([], 0) is not false : ([], 0)

======================================================================
FAIL: test_new_four_routes_all_five_roles_and_nine_methods (erp.test_import_access.ImportAccessMatrixTests.test_new_four_routes_all_five_roles_and_nine_methods) (path='/api/erp/import/batches/657a2004-52ea-4b1d-b61b-f5330a989f1d/export/', role='ceo', method='TRACE')
----------------------------------------------------------------------
Traceback (most recent call last):
  File "/workspace/scratch/c7b51e996a9f/tmp/b02_candidate/source/erp/test_import_access.py", line 31, in test_new_four_routes_all_five_roles_and_nine_methods
    defects=checker.response_oracle(response,row,path,method,role,fixtures,'full');self.assertFalse(defects,defects)
                                                                                   ^^^^^^^^^^^^^^^^^^^^^^^^^^^^^^^^^
AssertionError: ([], 0) is not false : ([], 0)

======================================================================
FAIL: test_new_four_routes_all_five_roles_and_nine_methods (erp.test_import_access.ImportAccessMatrixTests.test_new_four_routes_all_five_roles_and_nine_methods) (path='/api/erp/import/batches/657a2004-52ea-4b1d-b61b-f5330a989f1d/export/', role='ceo', method='CONNECT')
----------------------------------------------------------------------
Traceback (most recent call last):
  File "/workspace/scratch/c7b51e996a9f/tmp/b02_candidate/source/erp/test_import_access.py", line 31, in test_new_four_routes_all_five_roles_and_nine_methods
    defects=checker.response_oracle(response,row,path,method,role,fixtures,'full');self.assertFalse(defects,defects)
                                                                                   ^^^^^^^^^^^^^^^^^^^^^^^^^^^^^^^^^
AssertionError: ([], 0) is not false : ([], 0)

======================================================================
FAIL: test_new_four_routes_all_five_roles_and_nine_methods (erp.test_import_access.ImportAccessMatrixTests.test_new_four_routes_all_five_roles_and_nine_methods) (path='/api/erp/import/batches/657a2004-52ea-4b1d-b61b-f5330a989f1d/export/', role='manager', method='GET')
----------------------------------------------------------------------
Traceback (most recent call last):
  File "/workspace/scratch/c7b51e996a9f/tmp/b02_candidate/source/erp/test_import_access.py", line 31, in test_new_four_routes_all_five_roles_and_nine_methods
    defects=checker.response_oracle(response,row,path,method,role,fixtures,'full');self.assertFalse(defects,defects)
                                                                                   ^^^^^^^^^^^^^^^^^^^^^^^^^^^^^^^^^
AssertionError: ([], 258) is not false : ([], 258)

======================================================================
FAIL: test_new_four_routes_all_five_roles_and_nine_methods (erp.test_import_access.ImportAccessMatrixTests.test_new_four_routes_all_five_roles_and_nine_methods) (path='/api/erp/import/batches/657a2004-52ea-4b1d-b61b-f5330a989f1d/export/', role='manager', method='HEAD')
----------------------------------------------------------------------
Traceback (most recent call last):
  File "/workspace/scratch/c7b51e996a9f/tmp/b02_candidate/source/erp/test_import_access.py", line 31, in test_new_four_routes_all_five_roles_and_nine_methods
    defects=checker.response_oracle(response,row,path,method,role,fixtures,'full');self.assertFalse(defects,defects)
                                                                                   ^^^^^^^^^^^^^^^^^^^^^^^^^^^^^^^^^
AssertionError: ([], 0) is not false : ([], 0)

======================================================================
FAIL: test_new_four_routes_all_five_roles_and_nine_methods (erp.test_import_access.ImportAccessMatrixTests.test_new_four_routes_all_five_roles_and_nine_methods) (path='/api/erp/import/batches/657a2004-52ea-4b1d-b61b-f5330a989f1d/export/', role='manager', method='OPTIONS')
----------------------------------------------------------------------
Traceback (most recent call last):
  File "/workspace/scratch/c7b51e996a9f/tmp/b02_candidate/source/erp/test_import_access.py", line 31, in test_new_four_routes_all_five_roles_and_nine_methods
    defects=checker.response_oracle(response,row,path,method,role,fixtures,'full');self.assertFalse(defects,defects)
                                                                                   ^^^^^^^^^^^^^^^^^^^^^^^^^^^^^^^^^
AssertionError: ([], 0) is not false : ([], 0)

======================================================================
FAIL: test_new_four_routes_all_five_roles_and_nine_methods (erp.test_import_access.ImportAccessMatrixTests.test_new_four_routes_all_five_roles_and_nine_methods) (path='/api/erp/import/batches/657a2004-52ea-4b1d-b61b-f5330a989f1d/export/', role='manager', method='POST')
----------------------------------------------------------------------
Traceback (most recent call last):
  File "/workspace/scratch/c7b51e996a9f/tmp/b02_candidate/source/erp/test_import_access.py", line 31, in test_new_four_routes_all_five_roles_and_nine_methods
    defects=checker.response_oracle(response,row,path,method,role,fixtures,'full');self.assertFalse(defects,defects)
                                                                                   ^^^^^^^^^^^^^^^^^^^^^^^^^^^^^^^^^
AssertionError: ([], 0) is not false : ([], 0)

======================================================================
FAIL: test_new_four_routes_all_five_roles_and_nine_methods (erp.test_import_access.ImportAccessMatrixTests.test_new_four_routes_all_five_roles_and_nine_methods) (path='/api/erp/import/batches/657a2004-52ea-4b1d-b61b-f5330a989f1d/export/', role='manager', method='PUT')
----------------------------------------------------------------------
Traceback (most recent call last):
  File "/workspace/scratch/c7b51e996a9f/tmp/b02_candidate/source/erp/test_import_access.py", line 31, in test_new_four_routes_all_five_roles_and_nine_methods
    defects=checker.response_oracle(response,row,path,method,role,fixtures,'full');self.assertFalse(defects,defects)
                                                                                   ^^^^^^^^^^^^^^^^^^^^^^^^^^^^^^^^^
AssertionError: ([], 0) is not false : ([], 0)

======================================================================
FAIL: test_new_four_routes_all_five_roles_and_nine_methods (erp.test_import_access.ImportAccessMatrixTests.test_new_four_routes_all_five_roles_and_nine_methods) (path='/api/erp/import/batches/657a2004-52ea-4b1d-b61b-f5330a989f1d/export/', role='manager', method='PATCH')
----------------------------------------------------------------------
Traceback (most recent call last):
  File "/workspace/scratch/c7b51e996a9f/tmp/b02_candidate/source/erp/test_import_access.py", line 31, in test_new_four_routes_all_five_roles_and_nine_methods
    defects=checker.response_oracle(response,row,path,method,role,fixtures,'full');self.assertFalse(defects,defects)
                                                                                   ^^^^^^^^^^^^^^^^^^^^^^^^^^^^^^^^^
AssertionError: ([], 0) is not false : ([], 0)

======================================================================
FAIL: test_new_four_routes_all_five_roles_and_nine_methods (erp.test_import_access.ImportAccessMatrixTests.test_new_four_routes_all_five_roles_and_nine_methods) (path='/api/erp/import/batches/657a2004-52ea-4b1d-b61b-f5330a989f1d/export/', role='manager', method='DELETE')
----------------------------------------------------------------------
Traceback (most recent call last):
  File "/workspace/scratch/c7b51e996a9f/tmp/b02_candidate/source/erp/test_import_access.py", line 31, in test_new_four_routes_all_five_roles_and_nine_methods
    defects=checker.response_oracle(response,row,path,method,role,fixtures,'full');self.assertFalse(defects,defects)
                                                                                   ^^^^^^^^^^^^^^^^^^^^^^^^^^^^^^^^^
AssertionError: ([], 0) is not false : ([], 0)

======================================================================
FAIL: test_new_four_routes_all_five_roles_and_nine_methods (erp.test_import_access.ImportAccessMatrixTests.test_new_four_routes_all_five_roles_and_nine_methods) (path='/api/erp/import/batches/657a2004-52ea-4b1d-b61b-f5330a989f1d/export/', role='manager', method='TRACE')
----------------------------------------------------------------------
Traceback (most recent call last):
  File "/workspace/scratch/c7b51e996a9f/tmp/b02_candidate/source/erp/test_import_access.py", line 31, in test_new_four_routes_all_five_roles_and_nine_methods
    defects=checker.response_oracle(response,row,path,method,role,fixtures,'full');self.assertFalse(defects,defects)
                                                                                   ^^^^^^^^^^^^^^^^^^^^^^^^^^^^^^^^^
AssertionError: ([], 0) is not false : ([], 0)

======================================================================
FAIL: test_new_four_routes_all_five_roles_and_nine_methods (erp.test_import_access.ImportAccessMatrixTests.test_new_four_routes_all_five_roles_and_nine_methods) (path='/api/erp/import/batches/657a2004-52ea-4b1d-b61b-f5330a989f1d/export/', role='manager', method='CONNECT')
----------------------------------------------------------------------
Traceback (most recent call last):
  File "/workspace/scratch/c7b51e996a9f/tmp/b02_candidate/source/erp/test_import_access.py", line 31, in test_new_four_routes_all_five_roles_and_nine_methods
    defects=checker.response_oracle(response,row,path,method,role,fixtures,'full');self.assertFalse(defects,defects)
                                                                                   ^^^^^^^^^^^^^^^^^^^^^^^^^^^^^^^^^
AssertionError: ([], 0) is not false : ([], 0)

======================================================================
FAIL: test_new_four_routes_all_five_roles_and_nine_methods (erp.test_import_access.ImportAccessMatrixTests.test_new_four_routes_all_five_roles_and_nine_methods) (path='/api/erp/import/batches/657a2004-52ea-4b1d-b61b-f5330a989f1d/export/', role='observer', method='GET')
----------------------------------------------------------------------
Traceback (most recent call last):
  File "/workspace/scratch/c7b51e996a9f/tmp/b02_candidate/source/erp/test_import_access.py", line 31, in test_new_four_routes_all_five_roles_and_nine_methods
    defects=checker.response_oracle(response,row,path,method,role,fixtures,'full');self.assertFalse(defects,defects)
                                                                                   ^^^^^^^^^^^^^^^^^^^^^^^^^^^^^^^^^
AssertionError: ([], 258) is not false : ([], 258)

======================================================================
FAIL: test_new_four_routes_all_five_roles_and_nine_methods (erp.test_import_access.ImportAccessMatrixTests.test_new_four_routes_all_five_roles_and_nine_methods) (path='/api/erp/import/batches/657a2004-52ea-4b1d-b61b-f5330a989f1d/export/', role='observer', method='HEAD')
----------------------------------------------------------------------
Traceback (most recent call last):
  File "/workspace/scratch/c7b51e996a9f/tmp/b02_candidate/source/erp/test_import_access.py", line 31, in test_new_four_routes_all_five_roles_and_nine_methods
    defects=checker.response_oracle(response,row,path,method,role,fixtures,'full');self.assertFalse(defects,defects)
                                                                                   ^^^^^^^^^^^^^^^^^^^^^^^^^^^^^^^^^
AssertionError: ([], 0) is not false : ([], 0)

======================================================================
FAIL: test_new_four_routes_all_five_roles_and_nine_methods (erp.test_import_access.ImportAccessMatrixTests.test_new_four_routes_all_five_roles_and_nine_methods) (path='/api/erp/import/batches/657a2004-52ea-4b1d-b61b-f5330a989f1d/export/', role='observer', method='OPTIONS')
----------------------------------------------------------------------
Traceback (most recent call last):
  File "/workspace/scratch/c7b51e996a9f/tmp/b02_candidate/source/erp/test_import_access.py", line 31, in test_new_four_routes_all_five_roles_and_nine_methods
    defects=checker.response_oracle(response,row,path,method,role,fixtures,'full');self.assertFalse(defects,defects)
                                                                                   ^^^^^^^^^^^^^^^^^^^^^^^^^^^^^^^^^
AssertionError: ([], 0) is not false : ([], 0)

======================================================================
FAIL: test_new_four_routes_all_five_roles_and_nine_methods (erp.test_import_access.ImportAccessMatrixTests.test_new_four_routes_all_five_roles_and_nine_methods) (path='/api/erp/import/batches/657a2004-52ea-4b1d-b61b-f5330a989f1d/export/', role='observer', method='POST')
----------------------------------------------------------------------
Traceback (most recent call last):
  File "/workspace/scratch/c7b51e996a9f/tmp/b02_candidate/source/erp/test_import_access.py", line 31, in test_new_four_routes_all_five_roles_and_nine_methods
    defects=checker.response_oracle(response,row,path,method,role,fixtures,'full');self.assertFalse(defects,defects)
                                                                                   ^^^^^^^^^^^^^^^^^^^^^^^^^^^^^^^^^
AssertionError: ([], 210) is not false : ([], 210)

======================================================================
FAIL: test_new_four_routes_all_five_roles_and_nine_methods (erp.test_import_access.ImportAccessMatrixTests.test_new_four_routes_all_five_roles_and_nine_methods) (path='/api/erp/import/batches/657a2004-52ea-4b1d-b61b-f5330a989f1d/export/', role='observer', method='PUT')
----------------------------------------------------------------------
Traceback (most recent call last):
  File "/workspace/scratch/c7b51e996a9f/tmp/b02_candidate/source/erp/test_import_access.py", line 31, in test_new_four_routes_all_five_roles_and_nine_methods
    defects=checker.response_oracle(response,row,path,method,role,fixtures,'full');self.assertFalse(defects,defects)
                                                                                   ^^^^^^^^^^^^^^^^^^^^^^^^^^^^^^^^^
AssertionError: ([], 210) is not false : ([], 210)

======================================================================
FAIL: test_new_four_routes_all_five_roles_and_nine_methods (erp.test_import_access.ImportAccessMatrixTests.test_new_four_routes_all_five_roles_and_nine_methods) (path='/api/erp/import/batches/657a2004-52ea-4b1d-b61b-f5330a989f1d/export/', role='observer', method='PATCH')
----------------------------------------------------------------------
Traceback (most recent call last):
  File "/workspace/scratch/c7b51e996a9f/tmp/b02_candidate/source/erp/test_import_access.py", line 31, in test_new_four_routes_all_five_roles_and_nine_methods
    defects=checker.response_oracle(response,row,path,method,role,fixtures,'full');self.assertFalse(defects,defects)
                                                                                   ^^^^^^^^^^^^^^^^^^^^^^^^^^^^^^^^^
AssertionError: ([], 210) is not false : ([], 210)

======================================================================
FAIL: test_new_four_routes_all_five_roles_and_nine_methods (erp.test_import_access.ImportAccessMatrixTests.test_new_four_routes_all_five_roles_and_nine_methods) (path='/api/erp/import/batches/657a2004-52ea-4b1d-b61b-f5330a989f1d/export/', role='observer', method='DELETE')
----------------------------------------------------------------------
Traceback (most recent call last):
  File "/workspace/scratch/c7b51e996a9f/tmp/b02_candidate/source/erp/test_import_access.py", line 31, in test_new_four_routes_all_five_roles_and_nine_methods
    defects=checker.response_oracle(response,row,path,method,role,fixtures,'full');self.assertFalse(defects,defects)
                                                                                   ^^^^^^^^^^^^^^^^^^^^^^^^^^^^^^^^^
AssertionError: ([], 210) is not false : ([], 210)

======================================================================
FAIL: test_new_four_routes_all_five_roles_and_nine_methods (erp.test_import_access.ImportAccessMatrixTests.test_new_four_routes_all_five_roles_and_nine_methods) (path='/api/erp/import/batches/657a2004-52ea-4b1d-b61b-f5330a989f1d/export/', role='observer', method='TRACE')
----------------------------------------------------------------------
Traceback (most recent call last):
  File "/workspace/scratch/c7b51e996a9f/tmp/b02_candidate/source/erp/test_import_access.py", line 31, in test_new_four_routes_all_five_roles_and_nine_methods
    defects=checker.response_oracle(response,row,path,method,role,fixtures,'full');self.assertFalse(defects,defects)
                                                                                   ^^^^^^^^^^^^^^^^^^^^^^^^^^^^^^^^^
AssertionError: ([], 210) is not false : ([], 210)

======================================================================
FAIL: test_new_four_routes_all_five_roles_and_nine_methods (erp.test_import_access.ImportAccessMatrixTests.test_new_four_routes_all_five_roles_and_nine_methods) (path='/api/erp/import/batches/657a2004-52ea-4b1d-b61b-f5330a989f1d/export/', role='observer', method='CONNECT')
----------------------------------------------------------------------
Traceback (most recent call last):
  File "/workspace/scratch/c7b51e996a9f/tmp/b02_candidate/source/erp/test_import_access.py", line 31, in test_new_four_routes_all_five_roles_and_nine_methods
    defects=checker.response_oracle(response,row,path,method,role,fixtures,'full');self.assertFalse(defects,defects)
                                                                                   ^^^^^^^^^^^^^^^^^^^^^^^^^^^^^^^^^
AssertionError: ([], 210) is not false : ([], 210)

======================================================================
FAIL: test_new_four_routes_all_five_roles_and_nine_methods (erp.test_import_access.ImportAccessMatrixTests.test_new_four_routes_all_five_roles_and_nine_methods) (path='/api/erp/import/batches/657a2004-52ea-4b1d-b61b-f5330a989f1d/export/', role='technical_admin', method='GET')
----------------------------------------------------------------------
Traceback (most recent call last):
  File "/workspace/scratch/c7b51e996a9f/tmp/b02_candidate/source/erp/test_import_access.py", line 31, in test_new_four_routes_all_five_roles_and_nine_methods
    defects=checker.response_oracle(response,row,path,method,role,fixtures,'full');self.assertFalse(defects,defects)
                                                                                   ^^^^^^^^^^^^^^^^^^^^^^^^^^^^^^^^^
AssertionError: ([], 321) is not false : ([], 321)

======================================================================
FAIL: test_new_four_routes_all_five_roles_and_nine_methods (erp.test_import_access.ImportAccessMatrixTests.test_new_four_routes_all_five_roles_and_nine_methods) (path='/api/erp/import/batches/657a2004-52ea-4b1d-b61b-f5330a989f1d/export/', role='technical_admin', method='HEAD')
----------------------------------------------------------------------
Traceback (most recent call last):
  File "/workspace/scratch/c7b51e996a9f/tmp/b02_candidate/source/erp/test_import_access.py", line 31, in test_new_four_routes_all_five_roles_and_nine_methods
    defects=checker.response_oracle(response,row,path,method,role,fixtures,'full');self.assertFalse(defects,defects)
                                                                                   ^^^^^^^^^^^^^^^^^^^^^^^^^^^^^^^^^
AssertionError: ([], 0) is not false : ([], 0)

======================================================================
FAIL: test_new_four_routes_all_five_roles_and_nine_methods (erp.test_import_access.ImportAccessMatrixTests.test_new_four_routes_all_five_roles_and_nine_methods) (path='/api/erp/import/batches/657a2004-52ea-4b1d-b61b-f5330a989f1d/export/', role='technical_admin', method='OPTIONS')
----------------------------------------------------------------------
Traceback (most recent call last):
  File "/workspace/scratch/c7b51e996a9f/tmp/b02_candidate/source/erp/test_import_access.py", line 31, in test_new_four_routes_all_five_roles_and_nine_methods
    defects=checker.response_oracle(response,row,path,method,role,fixtures,'full');self.assertFalse(defects,defects)
                                                                                   ^^^^^^^^^^^^^^^^^^^^^^^^^^^^^^^^^
AssertionError: ([], 321) is not false : ([], 321)

======================================================================
FAIL: test_new_four_routes_all_five_roles_and_nine_methods (erp.test_import_access.ImportAccessMatrixTests.test_new_four_routes_all_five_roles_and_nine_methods) (path='/api/erp/import/batches/657a2004-52ea-4b1d-b61b-f5330a989f1d/export/', role='technical_admin', method='POST')
----------------------------------------------------------------------
Traceback (most recent call last):
  File "/workspace/scratch/c7b51e996a9f/tmp/b02_candidate/source/erp/test_import_access.py", line 31, in test_new_four_routes_all_five_roles_and_nine_methods
    defects=checker.response_oracle(response,row,path,method,role,fixtures,'full');self.assertFalse(defects,defects)
                                                                                   ^^^^^^^^^^^^^^^^^^^^^^^^^^^^^^^^^
AssertionError: ([], 321) is not false : ([], 321)

======================================================================
FAIL: test_new_four_routes_all_five_roles_and_nine_methods (erp.test_import_access.ImportAccessMatrixTests.test_new_four_routes_all_five_roles_and_nine_methods) (path='/api/erp/import/batches/657a2004-52ea-4b1d-b61b-f5330a989f1d/export/', role='technical_admin', method='PUT')
----------------------------------------------------------------------
Traceback (most recent call last):
  File "/workspace/scratch/c7b51e996a9f/tmp/b02_candidate/source/erp/test_import_access.py", line 31, in test_new_four_routes_all_five_roles_and_nine_methods
    defects=checker.response_oracle(response,row,path,method,role,fixtures,'full');self.assertFalse(defects,defects)
                                                                                   ^^^^^^^^^^^^^^^^^^^^^^^^^^^^^^^^^
AssertionError: ([], 321) is not false : ([], 321)

======================================================================
FAIL: test_new_four_routes_all_five_roles_and_nine_methods (erp.test_import_access.ImportAccessMatrixTests.test_new_four_routes_all_five_roles_and_nine_methods) (path='/api/erp/import/batches/657a2004-52ea-4b1d-b61b-f5330a989f1d/export/', role='technical_admin', method='PATCH')
----------------------------------------------------------------------
Traceback (most recent call last):
  File "/workspace/scratch/c7b51e996a9f/tmp/b02_candidate/source/erp/test_import_access.py", line 31, in test_new_four_routes_all_five_roles_and_nine_methods
    defects=checker.response_oracle(response,row,path,method,role,fixtures,'full');self.assertFalse(defects,defects)
                                                                                   ^^^^^^^^^^^^^^^^^^^^^^^^^^^^^^^^^
AssertionError: ([], 321) is not false : ([], 321)

======================================================================
FAIL: test_new_four_routes_all_five_roles_and_nine_methods (erp.test_import_access.ImportAccessMatrixTests.test_new_four_routes_all_five_roles_and_nine_methods) (path='/api/erp/import/batches/657a2004-52ea-4b1d-b61b-f5330a989f1d/export/', role='technical_admin', method='DELETE')
----------------------------------------------------------------------
Traceback (most recent call last):
  File "/workspace/scratch/c7b51e996a9f/tmp/b02_candidate/source/erp/test_import_access.py", line 31, in test_new_four_routes_all_five_roles_and_nine_methods
    defects=checker.response_oracle(response,row,path,method,role,fixtures,'full');self.assertFalse(defects,defects)
                                                                                   ^^^^^^^^^^^^^^^^^^^^^^^^^^^^^^^^^
AssertionError: ([], 321) is not false : ([], 321)

======================================================================
FAIL: test_new_four_routes_all_five_roles_and_nine_methods (erp.test_import_access.ImportAccessMatrixTests.test_new_four_routes_all_five_roles_and_nine_methods) (path='/api/erp/import/batches/657a2004-52ea-4b1d-b61b-f5330a989f1d/export/', role='technical_admin', method='TRACE')
----------------------------------------------------------------------
Traceback (most recent call last):
  File "/workspace/scratch/c7b51e996a9f/tmp/b02_candidate/source/erp/test_import_access.py", line 31, in test_new_four_routes_all_five_roles_and_nine_methods
    defects=checker.response_oracle(response,row,path,method,role,fixtures,'full');self.assertFalse(defects,defects)
                                                                                   ^^^^^^^^^^^^^^^^^^^^^^^^^^^^^^^^^
AssertionError: ([], 321) is not false : ([], 321)

======================================================================
FAIL: test_new_four_routes_all_five_roles_and_nine_methods (erp.test_import_access.ImportAccessMatrixTests.test_new_four_routes_all_five_roles_and_nine_methods) (path='/api/erp/import/batches/657a2004-52ea-4b1d-b61b-f5330a989f1d/export/', role='technical_admin', method='CONNECT')
----------------------------------------------------------------------
Traceback (most recent call last):
  File "/workspace/scratch/c7b51e996a9f/tmp/b02_candidate/source/erp/test_import_access.py", line 31, in test_new_four_routes_all_five_roles_and_nine_methods
    defects=checker.response_oracle(response,row,path,method,role,fixtures,'full');self.assertFalse(defects,defects)
                                                                                   ^^^^^^^^^^^^^^^^^^^^^^^^^^^^^^^^^
AssertionError: ([], 321) is not false : ([], 321)

======================================================================
FAIL: test_new_four_routes_all_five_roles_and_nine_methods (erp.test_import_access.ImportAccessMatrixTests.test_new_four_routes_all_five_roles_and_nine_methods)
----------------------------------------------------------------------
Traceback (most recent call last):
  File "/workspace/scratch/c7b51e996a9f/tmp/b02_candidate/source/erp/test_import_access.py", line 35, in test_new_four_routes_all_five_roles_and_nine_methods
    self.assertEqual(len(seen),180)
AssertionError: 0 != 180

----------------------------------------------------------------------
Ran 2 tests in 2.884s

FAILED (failures=181)
Destroying test database for alias 'default' ('/workspace/scratch/c7b51e996a9f/tmp/b02_candidate/check_access_additive.sqlite3_django_test')...
 OK
System check identified no issues (0 silenced).
